event_id,start,hour,day_of_week,is_weekend,is_morning,lead_time_hours,event_type,is_party,is_raining,group_size,user,persona,travel_min,travel_mode,back_to_back,far_ahead,departure_delay,no_noise_delay,actual_travel_min,hist_n,hist_mean,hist_std,hist_recent,hist_ctx_is_raining,hist_ctx_back_to_back,hist_ctx_is_morning,hist_ctx_is_party,hist_ctx_far_ahead
310,2025-09-02 13:00:00,13,1,0,0,6.0,food,0,0,6,hana,steady,10.0,walk,0,0,6.7,4.5,9.7,0,3.0,5.0,3.0,0.0,0.0,0.0,0.0,0.0
310,2025-09-02 13:00:00,13,1,0,0,6.0,food,0,0,6,marcus,party procrastinator,8.1,walk,1,0,4.4,4.5,8.2,0,3.0,5.0,3.0,0.0,0.0,0.0,0.0,0.0
310,2025-09-02 13:00:00,13,1,0,0,6.0,food,0,0,6,maya,always early,28.7,drive,0,0,-0.9,-1.5,23.1,0,3.0,5.0,3.0,0.0,0.0,0.0,0.0,0.0
310,2025-09-02 13:00:00,13,1,0,0,6.0,food,0,0,6,omar,average,26.5,drive,0,0,3.8,5.5,24.3,0,3.0,5.0,3.0,0.0,0.0,0.0,0.0,0.0
310,2025-09-02 13:00:00,13,1,0,0,6.0,food,0,0,6,priya,overbooked,37.6,drive,1,0,15.9,15.5,34.7,0,3.0,5.0,3.0,0.0,0.0,0.0,0.0,0.0
310,2025-09-02 13:00:00,13,1,0,0,6.0,food,0,0,6,sofia,morning struggler,10.6,walk,0,0,2.3,2.5,10.1,0,3.0,5.0,3.0,0.0,0.0,0.0,0.0,0.0
579,2025-09-02 17:00:00,17,1,0,0,24.0,hangout,0,0,5,hana,steady,22.0,transit,0,0,5.3,4.0,22.7,1,5.588888888888889,5.0,5.959259259259259,0.185185185185186,0.185185185185186,0.185185185185186,0.185185185185186,0.185185185185186
579,2025-09-02 17:00:00,17,1,0,0,24.0,hangout,0,0,5,jake,chronically late,5.9,walk,0,0,9.7,11.0,5.8,0,5.366666666666666,5.0,5.366666666666666,0.0,0.0,0.0,0.0,0.0
579,2025-09-02 17:00:00,17,1,0,0,24.0,hangout,0,0,5,omar,average,29.7,drive,0,0,11.6,5.0,23.3,1,5.105555555555555,5.0,4.67037037037037,-0.21759259259259256,-0.21759259259259256,-0.21759259259259256,-0.21759259259259256,-0.21759259259259256
579,2025-09-02 17:00:00,17,1,0,0,24.0,hangout,0,0,5,sofia,morning struggler,11.2,walk,0,0,1.1,2.0,11.1,1,4.855555555555555,5.0,4.003703703703703,-0.4259259259259256,-0.4259259259259256,-0.4259259259259256,-0.4259259259259256,-0.4259259259259256
579,2025-09-02 17:00:00,17,1,0,0,24.0,hangout,0,0,5,zoe,forgets far-off plans,12.4,walk,0,0,5.5,3.0,12.6,0,5.366666666666666,5.0,5.366666666666666,0.0,0.0,0.0,0.0,0.0
512,2025-09-03 19:00:00,19,2,0,0,96.0,hangout,0,0,4,leo,rain hater,9.5,walk,1,1,2.5,2.5,10.5,0,5.945454545454546,5.0,5.945454545454546,0.0,0.0,0.0,0.0,0.0
512,2025-09-03 19:00:00,19,2,0,0,96.0,hangout,0,0,4,marcus,party procrastinator,12.2,walk,0,1,2.7,3.5,11.8,1,5.687878787878788,5.0,5.258585858585859,-0.21464646464646453,0.0,-0.21464646464646453,-0.21464646464646453,0.0
512,2025-09-03 19:00:00,19,2,0,0,96.0,hangout,0,0,4,omar,average,39.7,drive,1,1,13.0,4.5,42.2,2,6.4467532467532465,5.0,7.073376623376623,0.3580705009276439,0.0,0.3580705009276439,0.3580705009276439,0.0
512,2025-09-03 19:00:00,19,2,0,0,96.0,hangout,0,0,4,zoe,forgets far-off plans,27.0,transit,0,1,9.3,11.5,18.3,1,5.871212121212122,5.0,5.747474747474747,-0.06186868686868685,-0.06186868686868685,-0.06186868686868685,-0.06186868686868685,0.0
221,2025-09-04 10:00:00,10,3,0,0,24.0,food,0,1,6,hana,steady,12.1,walk,0,0,7.3,6.0,12.0,2,6.1380952380952385,5.0,6.06904761904762,0.0,-0.03945578231292579,-0.03945578231292579,-0.03945578231292579,-0.03945578231292579
221,2025-09-04 10:00:00,10,3,0,0,24.0,food,0,1,6,jake,chronically late,31.1,transit,1,0,12.2,13.0,30.8,1,6.777777777777779,5.0,7.751851851851852,0.0,0.0,0.4870370370370365,0.4870370370370365,0.4870370370370365
221,2025-09-04 10:00:00,10,3,0,0,24.0,food,0,1,6,marcus,party procrastinator,32.4,drive,0,0,10.2,6.0,25.7,2,5.438095238095238,5.0,4.4940476190476195,0.0,-0.4563492063492065,-0.5394557823129249,-0.5394557823129249,-0.1730158730158733
221,2025-09-04 10:00:00,10,3,0,0,24.0,food,0,1,6,maya,always early,20.6,drive,0,0,-0.7,0.0,22.8,1,5.011111111111112,5.0,3.040740740740741,0.0,-0.9851851851851849,-0.9851851851851849,-0.9851851851851849,-0.9851851851851849
221,2025-09-04 10:00:00,10,3,0,0,24.0,food,0,1,6,priya,overbooked,6.7,walk,0,0,5.3,5.0,6.8,1,7.811111111111111,5.0,10.507407407407408,8.881784197001252e-16,8.881784197001252e-16,1.348148148148149,1.348148148148149,1.348148148148149
221,2025-09-04 10:00:00,10,3,0,0,24.0,food,0,1,6,sofia,morning struggler,7.8,walk,0,0,3.4,4.0,7.9,2,4.90952380952381,5.0,3.304761904761905,0.0,-0.9170068027210885,-0.9170068027210885,-0.9170068027210885,-0.9170068027210885
136,2025-09-04 15:00:00,15,3,0,0,168.0,hangout,0,0,4,hana,steady,34.2,drive,0,1,4.3,3.5,34.5,3,6.299404761904762,0.8379870059984357,6.379761904761905,-0.0855442176870751,0.050223214285713524,0.050223214285713524,0.050223214285713524,0.0
136,2025-09-04 15:00:00,15,3,0,0,168.0,hangout,0,0,4,jake,chronically late,20.4,drive,1,1,16.0,10.5,23.2,2,7.570748299319727,5.0,9.260374149659864,0.35487528344671126,0.7715419501133782,0.9655004859086498,0.9655004859086498,0.0
136,2025-09-04 15:00:00,15,3,0,0,168.0,hangout,0,0,4,omar,average,8.9,walk,0,1,4.9,4.5,9.2,3,7.436904761904762,4.047495796442811,8.654761904761903,0.7611607142857135,0.07517006802721138,0.7611607142857135,0.7611607142857135,0.9271825396825406
136,2025-09-04 15:00:00,15,3,0,0,168.0,hangout,0,0,4,priya,overbooked,6.0,walk,0,1,5.4,2.5,6.2,2,7.470748299319728,5.0,9.035374149659864,1.404875283446711,-0.3617913832199555,0.8940719144800768,0.8940719144800768,0.0
74,2025-09-05 12:00:00,12,4,0,0,48.0,food,0,0,2,ethan,improving,22.3,transit,0,0,19.3,13.9,14.8,0,6.448,5.0,6.448,0.0,0.0,0.0,0.0,0.0
74,2025-09-05 12:00:00,12,4,0,0,48.0,food,0,0,2,omar,average,6.6,walk,0,0,3.0,4.0,6.6,4,7.282222222222221,4.024534134530356,7.977407407407406,0.4634567901234581,-0.19333333333333336,0.4634567901234581,0.4634567901234581,0.11936507936507912
76,2025-09-05 22:00:00,22,4,0,0,2.0,party,1,0,2,ethan,improving,19.6,transit,1,0,13.5,15.9,14.9,1,8.88024691358025,5.0,12.353497942386833,1.7366255144032934,0.0,1.7366255144032934,0.0,1.7366255144032934
76,2025-09-05 22:00:00,22,4,0,0,2.0,party,1,0,2,omar,average,30.5,transit,0,0,9.9,6.0,30.1,5,7.028148148148148,4.182630751094339,7.193756613756613,0.11592592592592599,-0.534732510288066,0.11592592592592599,0.0,-0.3355555555555556
624,2025-09-06 10:00:00,10,5,1,0,96.0,study,0,1,5,hana,steady,14.8,walk,0,1,4.9,5.5,15.3,4,6.585823754789272,1.174734012447073,6.12860791826309,0.11902937420178805,-0.3048105576841209,-0.3048105576841209,-0.3048105576841209,-0.38097062579821195
624,2025-09-06 10:00:00,10,5,1,0,96.0,study,0,1,5,leo,rain hater,26.7,drive,0,1,11.8,12.5,31.5,1,6.362068965517242,5.0,5.074712643678161,0.0,0.0,-0.6436781609195412,-0.6436781609195412,-0.6436781609195412
624,2025-09-06 10:00:00,10,5,1,0,96.0,study,0,1,5,maya,always early,34.5,transit,0,1,-0.3,-0.5,39.8,2,4.867487684729064,5.0,2.033743842364532,-0.9279146141215109,-1.6192821956368757,-1.6192821956368757,-1.6192821956368757,0.0
624,2025-09-06 10:00:00,10,5,1,0,96.0,study,0,1,5,priya,overbooked,14.6,walk,1,1,16.9,16.5,13.8,3,7.784051724137932,4.973485252371375,8.433620689655173,-0.41400862068965605,1.3526580459770106,0.4059806034482758,0.4059806034482758,-0.39734195402298855
624,2025-09-06 10:00:00,10,5,1,0,96.0,study,0,1,5,sofia,morning struggler,36.1,drive,0,1,2.7,3.5,42.1,3,5.309051724137931,0.9392668535736913,3.4836206896551722,-0.31817528735632195,-1.1408943965517242,-1.1408943965517242,-1.1408943965517242,0.0
440,2025-09-06 15:00:00,15,5,1,0,96.0,study,0,1,2,leo,rain hater,6.5,walk,0,1,19.1,11.5,6.9,2,7.145798319327731,5.0,7.147899159663865,0.7757002801120443,0.7757002801120443,0.001200480192076192,0.001200480192076192,0.001200480192076192
440,2025-09-06 15:00:00,15,5,1,0,96.0,study,0,1,2,maya,always early,38.5,transit,0,1,0.8,-1.5,41.5,3,4.227573529411765,0.24944382578492946,1.3110294117647059,-1.3507352941176474,-1.8228400735294117,-1.8228400735294117,-1.8228400735294117,-0.7545955882352944
274,2025-09-06 19:00:00,19,5,1,0,6.0,food,0,0,5,ethan,improving,21.8,transit,0,0,12.5,14.8,20.7,2,9.9,5.0,13.149999999999999,1.8571428571428559,1.5666666666666664,1.8571428571428559,1.5666666666666664,1.8571428571428559
274,2025-09-06 19:00:00,19,5,1,0,6.0,food,0,0,5,jake,chronically late,12.3,walk,0,0,11.2,11.0,13.8,3,9.3,2.5901522906749888,11.3,1.0142857142857142,0.06666666666666643,1.25,1.25,0.47142857142857153
274,2025-09-06 19:00:00,19,5,1,0,6.0,food,0,0,5,leo,rain hater,14.5,walk,1,0,4.5,3.0,16.1,3,8.7375,6.793297350248177,10.175,-1.0395833333333337,-1.0395833333333337,0.8984375,0.8984375,0.0
274,2025-09-06 19:00:00,19,5,1,0,6.0,food,0,0,5,priya,overbooked,38.5,drive,0,0,1.8,3.0,43.1,4,8.88888888888889,5.5364135503049265,10.212962962962964,0.5031746031746014,-1.011111111111111,0.8827160493827151,0.8827160493827151,0.48888888888888893
274,2025-09-06 19:00:00,19,5,1,0,6.0,food,0,0,5,zoe,forgets far-off plans,25.1,transit,0,0,2.3,3.0,23.1,2,7.328571428571428,5.0,7.364285714285714,0.020408163265305035,0.020408163265305035,0.020408163265305035,0.020408163265305035,-0.30476190476190546
287,2025-09-07 19:00:00,19,6,1,0,48.0,study,0,0,3,marcus,party procrastinator,10.9,walk,0,0,2.0,3.0,10.4,3,6.660975609756099,3.2107458461997407,6.12439024390244,-0.888850174216028,-0.060278745644599674,-0.3353658536585371,-0.3353658536585371,0.1825783972125441
287,2025-09-07 19:00:00,19,6,1,0,48.0,study,0,0,3,priya,overbooked,15.4,drive,0,0,1.0,2.0,18.6,5,8.128780487804878,6.139902279352661,8.793937282229965,-0.16079268292682958,-1.4857926829268298,0.4656097560975603,0.4656097560975603,-0.17329268292682976
287,2025-09-07 19:00:00,19,6,1,0,48.0,study,0,0,3,sofia,morning struggler,24.2,transit,1,0,2.9,1.0,29.9,4,5.054200542005421,0.8347903928532,3.2680668473351404,-0.9583430120015493,0.0,-1.1907557964468536,-1.1907557964468536,-1.045325203252033
56,2025-09-07 21:00:00,21,6,1,0,2.0,study,0,0,4,ethan,improving,28.5,transit,0,0,15.6,14.3,36.5,3,9.938068181818181,2.997776954122282,13.035227272727273,1.9357244318181817,1.7034090909090907,1.9357244318181817,1.7034090909090907,1.9357244318181817
56,2025-09-07 21:00:00,21,6,1,0,2.0,study,0,0,4,hana,steady,35.0,transit,0,0,7.3,3.5,38.2,5,6.2704545454545455,1.1242775458044156,5.862987012987013,-0.31392045454545414,-0.28522727272727266,-0.28522727272727266,-0.28522727272727266,0.06107954545454586
56,2025-09-07 21:00:00,21,6,1,0,2.0,study,0,0,4,marcus,party procrastinator,22.7,transit,0,0,1.5,3.5,15.9,4,5.944949494949494,3.223643125409511,5.1983164983164984,-1.0918560606060606,-0.3668560606060609,-0.49775533108866377,-0.49775533108866377,-0.15435606060606055
56,2025-09-07 21:00:00,21,6,1,0,2.0,study,0,0,4,omar,average,31.1,drive,1,0,4.5,4.5,22.1,6,7.309504132231405,3.942926155365665,8.145572609208973,0.21299774605559652,0.9484159779614316,0.21299774605559652,-0.024752066115702576,-0.10422405876951402
80,2025-09-08 19:00:00,19,0,0,0,6.0,hangout,0,0,4,omar,average,38.1,transit,0,0,3.2,4.5,44.1,7,7.088715277777777,3.818323170808711,7.068204365079365,0.08991608796296191,-0.2243576388888897,0.08991608796296191,-0.15748106060606037,-0.26435763888888886
80,2025-09-08 19:00:00,19,0,0,0,6.0,hangout,0,0,4,priya,overbooked,5.6,walk,1,0,17.6,14.5,5.7,6,7.333143939393938,6.35909235312364,6.438041125541125,-0.5813973063973066,2.5905303030303024,0.20919421487603262,0.20919421487603262,-0.5925084175084177
80,2025-09-08 19:00:00,19,0,0,0,6.0,hangout,0,0,4,sofia,morning struggler,20.6,transit,1,0,-0.2,1.5,27.2,5,4.676458333333333,0.7756287771866126,3.1075595238095235,-0.9661718749999997,-0.2960763888888893,-1.0982291666666661,-1.0982291666666661,-1.000648148148148
80,2025-09-08 19:00:00,19,0,0,0,6.0,hangout,0,0,4,zoe,forgets far-off plans,21.8,transit,0,0,4.0,2.5,21.7,3,6.433072916666666,2.8612351645166583,5.9932291666666675,-0.27490234375,-0.27490234375,-0.27490234375,-0.27490234375,-0.7237351190476193
51,2025-09-09 09:00:00,9,1,0,1,24.0,study,0,0,4,jake,chronically late,27.8,drive,0,0,9.8,10.5,24.7,4,9.242948717948716,2.327418097377435,11.264316239316237,1.1463942307692303,0.34487179487179453,0.0,1.347578347578347,0.6713942307692307
51,2025-09-09 09:00:00,9,1,0,1,24.0,study,0,0,4,maya,always early,20.1,drive,0,0,-3.2,-2.5,28.4,4,3.66517094017094,0.6571719714047458,1.0383903133903134,-0.7608618233618234,-1.751187084520418,-4.440892098500626e-16,-1.751187084520418,-1.2757631257631261
51,2025-09-09 09:00:00,9,1,0,1,24.0,study,0,0,4,omar,average,38.2,drive,0,0,12.7,4.5,40.9,8,6.768195266272189,3.8137702801820663,5.57662721893491,-0.01888939462903938,-0.38265196342119445,0.0,-0.2814472386587772,-0.4190155997848306
51,2025-09-09 09:00:00,9,1,0,1,24.0,study,0,0,4,priya,overbooked,6.4,walk,0,0,4.7,2.5,6.4,7,8.165544871794872,6.828033451611565,8.43301282051282,0.08722756410256416,-2.1291310541310544,0.0,0.5617654914529915,0.07722756410256437
212,2025-09-09 17:00:00,17,1,0,0,24.0,party,1,0,3,ethan,improving,17.3,transit,0,0,14.2,15.7,17.4,4,10.521626984126984,2.6051631426841584,13.657208994708995,2.090388007054674,1.9793898809523807,2.090388007054674,0.4963955026455018,2.090388007054674
212,2025-09-09 17:00:00,17,1,0,0,24.0,party,1,0,3,maya,always early,38.0,drive,1,0,-1.0,-1.0,44.7,5,2.9494642857142854,1.3093509842666327,0.2284183673469386,-1.4284183673469386,0.0,-1.433095238095238,0.0,-1.7060491071428572
212,2025-09-09 17:00:00,17,1,0,0,24.0,party,1,0,3,sofia,morning struggler,33.7,drive,0,0,3.5,3.0,37.4,6,4.181331168831169,1.2242911781471304,2.608951762523191,-1.1805916305916306,-0.8028138528138529,-1.171635182998819,0.0,-1.1406655844155846
433,2025-09-10 12:00:00,12,2,0,0,48.0,food,0,0,2,maya,always early,35.7,transit,0,0,-1.9,-3.0,29.2,6,2.5628659476117104,1.1964066569895409,0.1036759850319172,-1.5985747303543913,-1.7114329738058554,-1.4914329738058552,-1.7114329738058554,-1.7834959767163157
433,2025-09-10 12:00:00,12,2,0,0,48.0,food,0,0,2,zoe,forgets far-off plans,13.8,walk,0,0,0.8,2.0,14.5,4,6.06572504708098,2.5849323008543186,5.5385750156936595,-0.3514333542582131,-0.3514333542582131,-0.3514333542582131,-0.3514333542582131,-0.7996468926553675
110,2025-09-10 22:00:00,22,2,0,0,48.0,study,0,0,2,marcus,party procrastinator,17.4,transit,0,0,3.2,3.0,18.1,5,5.310327868852459,3.17527951525531,4.488665105386417,-1.1823679417122035,-0.5379234972677596,-0.5751639344262296,-0.5751639344262296,-0.34903460837887046
110,2025-09-10 22:00:00,22,2,0,0,48.0,study,0,0,2,omar,average,33.0,drive,0,0,6.1,4.0,32.6,9,7.064519906323184,4.054626986542658,6.775577116092338,0.21566577450652424,-0.029303278688524337,-0.20124301927580657,0.014141596108809829,-0.06263661202185755
602,2025-09-11 11:00:00,11,3,0,0,2.0,food,0,0,5,ethan,improving,22.9,drive,1,0,22.0,14.7,22.9,5,10.7115873015873,2.365924766344019,13.789024943310656,2.1542063492063477,0.4647354497354499,2.1542063492063477,1.9081547619047612,2.1542063492063477
602,2025-09-11 11:00:00,11,3,0,0,2.0,food,0,0,5,leo,rain hater,23.2,transit,0,0,2.5,3.0,21.3,4,7.768430335097002,6.546898120484236,8.906143445032335,-1.2195515243134292,2.1947341899722863,0.758475406623556,0.758475406623556,-0.5447383891828332
602,2025-09-11 11:00:00,11,3,0,0,2.0,food,0,0,5,marcus,party procrastinator,28.3,transit,0,0,2.0,4.0,23.1,6,5.092352092352093,2.9206163733020465,4.254957740672026,-1.1661760461760462,-0.586176046176047,-0.5958284140102332,-0.5958284140102332,-0.4161760461760462
602,2025-09-11 11:00:00,11,3,0,0,2.0,food,0,0,5,maya,always early,6.2,walk,1,0,0.9,-2.0,5.7,7,2.067989417989418,1.1633870326572762,-0.20914588057445194,-1.6968841857730748,-0.511331569664903,-1.4916305916305916,-1.6916305916305918,-1.803994708994709
602,2025-09-11 11:00:00,11,3,0,0,2.0,food,0,0,5,zoe,forgets far-off plans,5.9,walk,0,0,3.5,3.0,6.5,5,5.391587301587302,2.9239699040858818,4.669024943310658,-0.5057936507936507,-0.5057936507936507,-0.5057936507936507,-0.5057936507936507,-0.9962610229276896
135,2025-09-12 17:00:00,17,4,0,0,24.0,study,0,0,4,hana,steady,27.7,transit,1,0,3.0,3.5,31.8,6,6.157620320855614,1.1869662543176571,5.916462948815889,-0.11449792038027251,0.0,-0.1041565386485166,-0.1041565386485166,0.21883541295306053
135,2025-09-12 17:00:00,17,4,0,0,24.0,study,0,0,4,jake,chronically late,19.9,transit,0,0,25.2,10.5,25.1,5,9.083382352941175,2.3051247254758254,11.00953781512605,1.1518300653594782,0.4312316176470592,1.418496732026144,1.3483088235294112,0.7296078431372539
135,2025-09-12 17:00:00,17,4,0,0,24.0,study,0,0,4,priya,overbooked,6.3,walk,0,0,3.4,2.5,6.3,8,7.7333710407239815,6.552814280902519,8.209534583063995,-2.05676676250377e-05,-2.046685520361991,0.8138668929110109,0.5179255134006278,-0.009111476758534742
135,2025-09-12 17:00:00,17,4,0,0,24.0,study,0,0,4,zoe,forgets far-off plans,25.5,transit,0,0,1.9,2.5,19.7,6,5.212165775401069,2.6892791268706606,4.332047364400306,-0.5339086047642194,-0.5339086047642194,-0.5339086047642194,-0.5339086047642194,-0.9960828877005348
616,2025-09-13 11:00:00,11,5,1,0,24.0,party,1,0,5,ethan,improving,17.8,transit,1,0,26.4,16.6,14.2,6,11.780555555555555,3.3810337012353027,14.480158730158731,2.4015151515151505,1.7055555555555557,2.4015151515151505,0.5912698412698418,2.4015151515151505
616,2025-09-13 11:00:00,11,5,1,0,24.0,party,1,0,5,hana,steady,12.4,walk,1,0,7.1,6.0,12.9,7,5.940509259259259,1.5117228986983624,5.525859788359789,-0.3102546296296289,-0.49008487654321087,-0.23196373456790198,0.0,-0.010254629629629086
616,2025-09-13 11:00:00,11,5,1,0,24.0,party,1,0,5,marcus,party procrastinator,17.3,drive,0,0,14.1,16.0,18.0,7,4.873842592592593,2.7930672189898895,4.092526455026454,-1.22209595959596,-0.6948232323232331,-0.6764081790123457,0.0,-0.5402777777777779
616,2025-09-13 11:00:00,11,5,1,0,24.0,party,1,0,5,sofia,morning struggler,39.9,drive,1,0,8.4,4.0,52.9,7,4.01550925925926,1.2442520907380956,2.904431216931217,-1.04775462962963,-0.7615740740740744,-1.034047067901235,-0.0859182098765432,-1.0084595959595961
616,2025-09-13 11:00:00,11,5,1,0,24.0,party,1,0,5,zoe,forgets far-off plans,32.6,drive,1,0,6.0,5.0,38.0,7,4.982175925925926,2.6202508058799037,3.2091931216931218,-0.6312692901234565,0.0,-0.6312692901234565,0.0,-1.0811868686868684
52,2025-09-14 09:00:00,9,6,1,1,96.0,hangout,0,1,3,maya,always early,7.2,walk,0,1,-0.5,-1.5,7.1,8,2.161738261738262,1.2613856468186087,-0.010931925217639511,-0.8356518481518482,-1.7427663245845066,-0.8936230436230439,-1.7026806526806528,-0.5462109319252177
52,2025-09-14 09:00:00,9,6,1,1,96.0,hangout,0,1,3,omar,average,15.0,transit,0,1,10.4,5.5,20.5,10,7.14017316017316,3.8662772792442084,7.240049474335188,0.0,-0.1477988677988673,0.9266378066378076,-0.10439703153988855,0.5170933828076683
52,2025-09-14 09:00:00,9,6,1,1,96.0,hangout,0,1,3,zoe,forgets far-off plans,23.7,drive,0,1,12.1,12.5,22.4,8,5.207892107892108,2.5475171736418187,3.8022548879691738,0.0,-0.7629370629370626,0.0,-0.7629370629370626,0.6820179820179817
154,2025-09-14 19:00:00,19,6,1,0,2.0,study,0,1,6,ethan,improving,8.2,walk,0,0,15.7,16.6,8.4,7,13.165625,4.7517988001108264,16.718749999999996,0.0,0.9930555555555554,2.6117187499999996,1.8597222222222225,2.6117187499999996
154,2025-09-14 19:00:00,19,6,1,0,2.0,study,0,1,6,jake,chronically late,38.6,transit,0,0,23.1,13.0,25.1,6,10.780681818181819,5.425991972799894,13.708766233766235,0.2365530303030301,1.41969696969697,2.0396590909090886,1.765082644628098,1.4196590909090894
154,2025-09-14 19:00:00,19,6,1,0,2.0,study,0,1,6,maya,always early,39.6,transit,0,0,2.6,0.0,42.9,9,1.9776785714285716,1.192673105172775,-0.24923469387755087,-0.9567460317460319,-1.7119791666666668,-1.4119791666666668,-1.6631868131868133,-1.6969155844155845
154,2025-09-14 19:00:00,19,6,1,0,2.0,study,0,1,6,priya,overbooked,10.0,walk,0,0,5.6,5.0,9.8,9,7.606250000000001,6.38853139096407,6.244642857142858,0.998214285714285,-2.185227272727273,0.4961538461538453,0.25312499999999893,-0.29531249999999964
154,2025-09-14 19:00:00,19,6,1,0,2.0,study,0,1,6,sofia,morning struggler,16.0,transit,0,0,3.2,4.0,11.9,8,4.50673076923077,2.345441056603214,3.759065934065934,-0.41620879120879195,-0.9533653846153847,-0.9195266272189353,-1.3491258741258743,-0.8455929487179494
154,2025-09-14 19:00:00,19,6,1,0,2.0,study,0,1,6,zoe,forgets far-off plans,8.2,walk,0,0,4.4,5.0,7.7,9,5.70625,3.462854028787722,5.101785714285714,1.0656250000000007,-0.48076923076922995,-0.9500000000000002,-0.48076923076922995,-1.3286458333333329
242,2025-09-14 19:00:00,19,6,1,0,96.0,party,1,1,6,hana,steady,24.8,drive,1,1,8.1,8.0,16.8,8,6.242754919499106,1.5049397828484699,5.583644262714031,-0.04078711985688699,-0.3407871198568868,-0.31092610430714185,0.1428741800834823,-0.4693585484283158
242,2025-09-14 19:00:00,19,6,1,0,96.0,party,1,1,6,jake,chronically late,11.8,walk,0,1,12.1,15.0,11.1,7,11.871317829457363,5.94460825849263,15.577519379844961,1.6510520487264664,1.9643410852713163,2.379281183932349,0.0,0.6881136950904398
242,2025-09-14 19:00:00,19,6,1,0,96.0,party,1,1,6,leo,rain hater,34.6,transit,0,1,15.2,15.0,39.2,5,7.565581395348839,6.4864165761998365,7.933023255813955,2.2526910299003324,1.3379069767441871,0.2572093023255819,0.0,1.3379069767441871
242,2025-09-14 19:00:00,19,6,1,0,96.0,party,1,1,6,marcus,party procrastinator,13.7,walk,1,1,19.7,18.0,14.2,8,5.796601073345261,4.315506198582039,4.91331459238436,0.733899821109123,-0.2327668455575429,-0.4825237374432376,1.3838998211091225,-0.516100178890877
242,2025-09-14 19:00:00,19,6,1,0,96.0,party,1,1,6,maya,always early,28.7,transit,0,1,3.4,2.0,25.2,10,2.0703875968992254,1.5144636014114041,0.605825027685493,-0.8451937984496127,-1.5894692903995233,-1.3125462134764465,-0.511731266149871,-0.7763953488372095
242,2025-09-14 19:00:00,19,6,1,0,96.0,party,1,1,6,zoe,forgets far-off plans,21.1,transit,0,1,17.4,16.0,18.4,10,5.670387596899226,3.2908357601071496,5.605825027685492,0.7370321151716501,-0.5166777408637877,-0.9523920265780745,0.05493540051679613,1.4370321151716485
395,2025-09-14 22:00:00,22,6,1,0,168.0,hangout,0,0,6,hana,steady,10.7,walk,0,1,4.6,4.5,11.1,9,6.505822981366459,1.6013882865952418,6.201663708961846,-0.4849943534726133,-0.29408526256352285,-0.3251719165927245,-0.5617300724637673,-0.27718361801242253
395,2025-09-14 22:00:00,22,6,1,0,168.0,hangout,0,0,6,jake,chronically late,9.3,walk,0,1,11.4,11.5,10.1,8,12.029347826086958,5.6613685403796135,15.065527950310562,1.1753260869565203,1.7203557312252933,2.1078804347826097,1.9162137681159415,0.5773291925465855
395,2025-09-14 22:00:00,22,6,1,0,168.0,hangout,0,0,6,leo,rain hater,15.9,drive,1,1,2.4,3.5,16.0,6,8.425592885375496,6.488622521169052,9.993026538678714,-1.972097332015811,-1.4073122529644273,0.45876751706791197,-0.17279644268774774,1.655292050944226
395,2025-09-14 22:00:00,22,6,1,0,168.0,hangout,0,0,6,maya,always early,18.1,drive,0,1,2.2,-1.5,18.7,11,2.2675951086956525,1.8141318530264798,1.2907414596273292,-1.7437975543478264,-1.5077397127329195,-1.2505968555900624,-1.6863111413043481,-0.6300422705314013
395,2025-09-14 22:00:00,22,6,1,0,168.0,hangout,0,0,6,omar,average,21.9,drive,0,1,6.1,5.5,25.8,11,7.511345108695652,3.794580737737255,7.417527173913044,-0.16089673913043612,-0.14300756987577756,-0.543007569875777,-0.12756340579710113,0.7207455842391308
395,2025-09-14 22:00:00,22,6,1,0,168.0,hangout,0,0,6,sofia,morning struggler,20.3,drive,0,1,3.5,2.5,16.0,9,4.598680124223604,2.212088003071608,3.8567657497781727,-0.8720073404856019,-1.035643704121966,-1.0062943655723164,-1.399230072463769,-0.31644668737060044
54,2025-09-15 09:00:00,9,0,0,1,2.0,food,0,1,3,ethan,improving,26.9,transit,1,0,14.2,15.0,47.0,8,13.504003139717424,4.491102314577124,17.27257232563355,0.3659994767137622,2.673498822605966,-1.7763568394002505e-15,1.7579984301412868,2.397536529404661
54,2025-09-15 09:00:00,9,0,0,1,2.0,food,0,1,3,jake,chronically late,35.2,transit,0,0,9.1,11.5,61.5,9,11.93228862973761,5.450540804519163,15.066368179925032,1.4503917638483976,1.5811649659863942,-0.35538143828960145,1.7801300740076247,1.782388020143122
54,2025-09-15 09:00:00,9,0,0,1,2.0,food,0,1,3,leo,rain hater,20.3,transit,0,0,11.6,11.5,19.3,7,7.862670068027211,6.470025076442589,8.489334305150631,2.813998724489795,1.9054799697656852,0.0,-0.39782003710575076,-1.2464771622934894
420,2025-09-15 11:00:00,11,0,0,0,48.0,food,0,0,5,ethan,improving,23.4,transit,0,0,14.2,14.5,24.1,9,13.599999999999998,4.352039397062054,17.099999999999998,2.358333333333336,0.9299999999999997,2.338461538461539,1.609090909090913,2.2142857142857153
420,2025-09-15 11:00:00,11,0,0,0,48.0,food,0,0,5,jake,chronically late,20.1,drive,0,0,11.5,11.0,16.1,10,11.786666666666667,5.420664165948671,14.924761904761905,1.1436363636363645,1.3312820512820505,2.046666666666665,1.5442857142857136,1.4827777777777769
420,2025-09-15 11:00:00,11,0,0,0,48.0,food,0,0,5,leo,rain hater,17.1,drive,1,0,1.6,3.0,16.3,8,8.200000000000001,6.150609725872712,7.514285714285713,-2.322222222222223,-1.9000000000000004,0.05000000000000071,-0.2500000000000009,-0.75
420,2025-09-15 11:00:00,11,0,0,0,48.0,food,0,0,5,maya,always early,16.0,transit,0,0,-2.4,-2.0,23.4,12,2.2588235294117656,1.8469945557280045,1.8739495798319332,-1.586631016042781,-1.405882352941177,-1.165882352941177,-1.5725490196078435,-1.6676470588235301
420,2025-09-15 11:00:00,11,0,0,0,48.0,food,0,0,5,omar,average,27.2,transit,1,0,6.4,5.0,37.6,12,7.423529411764706,3.655209372328151,7.621008403361344,-0.1786764705882362,0.378991596638655,-0.5423529411764711,-0.1474264705882362,-0.35294117647058965
180,2025-09-15 13:00:00,13,0,0,0,24.0,food,0,0,4,ethan,improving,15.7,drive,1,0,13.5,14.0,17.0,10,13.62207547169811,4.215969639359373,17.10630727762803,2.2094920174165473,2.4012997903563935,2.200094339622641,1.5121226415094355,2.0919496855345905
180,2025-09-15 13:00:00,13,0,0,0,24.0,food,0,0,4,hana,steady,29.0,transit,0,0,7.3,3.5,43.5,10,6.355408805031447,1.5761979571107176,6.115831087151842,-0.5156551362683439,-0.3406551362683441,-0.3302725366876311,-0.5725592646347364,-0.13022298456260817
180,2025-09-15 13:00:00,13,0,0,0,24.0,food,0,0,4,jake,chronically late,35.5,drive,1,0,15.4,10.5,32.0,11,11.75194575471698,5.217342346159087,12.957698787061995,1.04469830974843,0.670872641509435,1.902320586253369,1.4453694968553457,1.3680333817126282
180,2025-09-15 13:00:00,13,0,0,0,24.0,food,0,0,4,leo,rain hater,25.3,drive,0,0,0.9,2.5,27.8,9,7.7093665768194075,6.21332697504046,6.959819021948401,-2.504683288409704,2.1653167115902967,-0.15961020111963453,-0.43653327804271225,-1.1819407008086253
213,2025-09-15 20:00:00,20,0,0,0,168.0,food,0,0,4,hana,steady,29.0,drive,1,1,4.7,3.5,33.1,11,6.4363636363636365,1.558819218309776,6.138961038961038,-0.453146853146853,-0.13863636363636456,-0.30624999999999947,-0.5162337662337668,-0.4272727272727277
213,2025-09-15 20:00:00,20,0,0,0,168.0,food,0,0,4,jake,chronically late,23.1,transit,0,1,8.5,10.5,17.2,12,11.987165775401067,5.01588449051832,11.924904507257448,1.100205676676266,1.0868220015278833,1.8618894830659531,1.4213235294117652,0.4423128342245999
213,2025-09-15 20:00:00,20,0,0,0,168.0,food,0,0,4,marcus,party procrastinator,12.3,walk,0,1,3.4,3.5,11.9,9,6.92012987012987,6.153068089464007,7.762894248608534,-1.5450757575757565,-1.061742424242425,-0.1772263450834881,-1.8700757575757576,1.2228200371057518
213,2025-09-15 20:00:00,20,0,0,0,168.0,food,0,0,4,maya,always early,6.9,walk,0,1,-2.3,-2.5,7.0,13,2.0045454545454544,1.897023517211126,1.3298701298701299,-1.6943181818181816,-1.434375,-1.209375,-1.5906249999999997,-0.4422727272727274
660,2025-09-16 14:00:00,14,1,0,0,168.0,party,1,0,2,marcus,party procrastinator,29.6,drive,1,1,13.8,15.0,28.0,10,6.640526315789473,5.917905034723014,7.954436090225563,-1.524939271255061,1.5455639097744376,-0.21368421052631525,2.93127819548872,0.7348026315789475
660,2025-09-16 14:00:00,14,1,0,0,168.0,party,1,0,2,zoe,forgets far-off plans,38.1,drive,1,1,13.9,13.0,33.2,11,6.475493421052631,4.753267688549453,7.821569548872181,-1.4233805668016188,-0.07924890350877156,-0.6436622807017551,1.4927161654135341,2.421689967105264
552,2025-09-16 22:00:00,22,1,0,0,96.0,food,0,0,4,ethan,improving,25.9,drive,0,1,14.0,14.0,27.9,11,13.629633620689653,4.127573076776743,15.894181034482758,2.038092672413793,0.883836206896552,2.0402442528735634,1.3817639257294445,-1.7763568394002505e-15
552,2025-09-16 22:00:00,22,1,0,0,96.0,food,0,0,4,hana,steady,22.7,drive,0,1,2.8,3.5,20.9,12,6.32789046653144,1.5345104177626887,6.350825847580411,-0.47507244277021154,-0.224855671711655,-0.313805035198663,-0.5252603110209604,-0.5039452332657204
552,2025-09-16 22:00:00,22,1,0,0,96.0,food,0,0,4,jake,chronically late,33.1,transit,0,1,8.0,10.5,24.9,13,11.787452107279693,5.0287104702978125,11.353557744937055,0.9009236453201979,0.9150319284802055,1.6648766762452105,1.2735632183908052,0.09446573009791415
552,2025-09-16 22:00:00,22,1,0,0,96.0,food,0,0,4,priya,overbooked,34.3,drive,1,1,13.7,14.5,32.9,10,7.638275862068965,6.1033105770557015,6.796650246305418,-0.30566091954022934,3.4356465517241377,0.2968226600985222,0.08114942528735547,1.0033497536945815
663,2025-09-17 10:00:00,10,2,0,0,6.0,party,1,0,6,ethan,improving,31.1,transit,1,0,14.7,17.0,30.2,12,13.673284313725489,4.010082778308808,14.135224089635853,1.897810457516341,2.123357843137253,1.9058670343137258,1.635018382352941,1.9183670343137251
663,2025-09-17 10:00:00,10,2,0,0,6.0,party,1,0,6,jake,chronically late,32.1,drive,0,0,18.7,13.5,31.2,14,11.607675438596491,5.0469024648586105,10.816478696741854,0.7082163742690053,0.7447231359649109,1.4710526315789458,0.08205409356724935,1.623637218045113
663,2025-09-17 10:00:00,10,2,0,0,6.0,party,1,0,6,leo,rain hater,22.7,transit,0,0,8.5,5.5,34.0,10,7.29638888888889,6.258506211549206,6.613253968253967,-2.670757575757576,1.5746969696969693,-0.3691071428571435,1.3172685185185191,-1.5381944444444446
663,2025-09-17 10:00:00,10,2,0,0,6.0,party,1,0,6,marcus,party procrastinator,30.0,transit,0,0,18.5,16.5,24.1,11,7.146614583333333,6.038362210220432,9.613318452380952,-1.229966517857144,-1.3902243589743604,-0.10079752604166714,3.2700195312499982,-1.0521918402777777
663,2025-09-17 10:00:00,10,2,0,0,6.0,party,1,0,6,maya,always early,32.7,transit,0,0,1.6,0.5,24.4,14,1.7918859649122807,1.9155779220669162,1.0119674185463658,-1.7642375168690958,-1.4530959752321981,-1.2413312693498453,-0.16911027568922288,-1.6103913630229418
663,2025-09-17 10:00:00,10,2,0,0,6.0,party,1,0,6,zoe,forgets far-off plans,32.8,drive,1,0,5.4,5.5,26.1,12,6.967401960784313,5.03462317910244,9.67640056022409,-1.1076155462184873,0.852170868347339,-0.47758884803921475,2.0497242647058815,-2.103016591251885
382,2025-09-18 13:00:00,13,3,0,0,48.0,hangout,0,1,2,leo,rain hater,15.9,drive,0,0,12.6,11.5,14.4,11,7.42762896825397,5.9787640725078575,5.6936082766439915,3.1099426807760135,1.4672164351851844,-0.3517526455026463,-0.7106186224489806,-1.3605248917748929
382,2025-09-18 13:00:00,13,3,0,0,48.0,hangout,0,1,2,omar,average,11.1,walk,1,0,5.4,5.5,10.9,13,7.435670194003527,3.5225898218859424,8.081620055429578,0.49405496766607815,0.19912367724867686,-0.580773258377425,-0.20753190164954827,-0.40864512471655345
309,2025-09-19 16:00:00,16,4,0,0,24.0,hangout,0,0,2,jake,chronically late,7.5,walk,1,0,5.4,10.0,7.4,15,12.012382812499999,5.072908435996061,12.303537946428571,0.8289868164062515,0.9453564453125001,1.4910568576388883,0.8299457465277786,1.7184114583333354
309,2025-09-19 16:00:00,16,4,0,0,24.0,hangout,0,0,2,sofia,morning struggler,20.4,drive,0,0,0.1,1.0,22.2,10,4.60984375,2.103235602589496,3.9456696428571427,-0.8974088541666667,-1.0474088541666666,-1.019895833333333,-1.3829807692307687,-0.9445192307692301
376,2025-09-19 20:00:00,20,4,0,0,24.0,food,0,0,2,marcus,party procrastinator,39.2,drive,0,0,1.9,3.0,39.0,12,7.851131221719457,6.597405845397787,12.17175177763413,-0.8607541478129708,-0.9328700711053646,0.07567207878626636,-2.569926905673512,-0.5314653672119718
376,2025-09-19 20:00:00,20,4,0,0,24.0,food,0,0,2,priya,overbooked,10.4,walk,1,0,13.4,14.0,11.8,11,8.079326923076923,6.064651680022522,8.73695054945055,-0.08727810650887591,3.531410256410256,0.38711538461538453,0.1517127403846139,-0.7180473372781071
372,2025-09-20 12:00:00,12,5,1,0,48.0,food,0,1,6,ethan,improving,32.1,transit,0,0,17.5,16.4,27.1,13,13.7651936026936,3.875075872515463,14.018626743626742,0.3385161135161123,0.7619703984287352,1.7892751039809873,1.222375541125544,1.8010398098633402
372,2025-09-20 12:00:00,12,5,1,0,48.0,food,0,1,6,jake,chronically late,23.5,transit,0,0,17.7,13.0,18.9,16,11.679689754689756,5.28511692751447,11.337054215625644,1.0868045534712198,1.0672778202189956,1.309702286018073,0.6833864965443901,1.4264632936507926
372,2025-09-20 12:00:00,12,5,1,0,48.0,food,0,1,6,leo,rain hater,18.7,transit,1,0,13.8,13.0,18.4,12,7.716087344028521,5.906822797033576,7.233167812579579,3.171956327985738,-2.2071499306793427,-0.2048100490196081,-0.5107248960190134,-0.9843842840166372
372,2025-09-20 12:00:00,12,5,1,0,48.0,food,0,1,6,marcus,party procrastinator,27.3,drive,0,0,6.6,6.0,31.1,13,7.520749158249158,6.540931660111464,10.33449975949976,2.122643097643097,-1.0471661054994392,-0.02054105873550327,-2.59905303030303,-0.7061958874458867
372,2025-09-20 12:00:00,12,5,1,0,48.0,food,0,1,6,omar,average,27.2,transit,1,0,5.2,7.0,22.7,14,7.3143939393939394,3.431546328418375,7.004112554112554,0.16731601731601753,0.00471380471380467,-0.5807486631016046,-0.22150673400673337,-0.4362626262626277
372,2025-09-20 12:00:00,12,5,1,0,48.0,food,0,1,6,zoe,forgets far-off plans,30.4,transit,0,0,7.1,5.0,36.4,13,6.915193602693602,4.850632850799412,9.5757696007696,1.6443023989899004,-0.5301290684624007,-0.504842543077836,-1.3169101731601716,-2.031195887445887
684,2025-09-20 13:00:00,13,5,1,0,24.0,hangout,0,0,2,omar,average,17.4,transit,1,0,1.8,4.0,10.5,15,7.249130434782609,3.3530483642997653,6.856894409937888,-0.10526854219948945,-0.17456521739130437,-0.6188164251207731,-0.2730434782608695,-0.49627717391304405
684,2025-09-20 13:00:00,13,5,1,0,24.0,hangout,0,0,2,sofia,morning struggler,12.8,walk,0,0,-0.2,1.0,12.6,11,4.355163043478261,2.180681522099558,3.9157608695652177,-1.0185618729096992,-1.1570234113712372,-1.0629245923913047,-1.4426048136645964,-1.0354619565217393
435,2025-09-21 13:00:00,13,6,1,0,2.0,food,0,0,2,jake,chronically late,11.2,walk,1,0,14.9,10.0,11.3,17,11.967532467532466,5.247401729760626,11.74786641929499,0.42291825821237694,0.1255411255411243,1.3293506493506477,0.7343506493506489,1.4935064935064943
435,2025-09-21 13:00:00,13,6,1,0,2.0,food,0,0,2,omar,average,27.6,transit,0,0,4.2,4.0,34.1,16,6.965986394557823,3.4890901392770006,5.547424684159378,-0.19765684051398402,0.13600907029478382,-0.6644110275689217,-0.3194897959183667,-0.5877551020408163
197,2025-09-21 18:00:00,18,6,1,0,2.0,party,1,1,4,ethan,improving,39.5,drive,1,0,27.2,17.3,39.9,14,13.98521126760563,3.7505441782030857,14.55291750503018,0.6805457746478876,1.8535211267605654,1.7384585289514884,1.4287949921752752,1.7495696400625995
197,2025-09-21 18:00:00,18,6,1,0,2.0,party,1,1,4,jake,chronically late,17.2,transit,1,0,12.0,14.0,20.2,18,12.100826699326394,5.113794585406065,12.700236199807543,1.3695866503368048,0.3395866503368037,1.3041320386084632,0.9426209430496009,1.4771807171531606
197,2025-09-21 18:00:00,18,6,1,0,2.0,party,1,1,4,leo,rain hater,23.0,transit,0,0,17.9,14.0,25.1,13,8.078834115805947,5.898420207712025,7.6510954616588425,3.238817755014937,1.351486697965571,-0.09094172880419826,1.077475966912587,-0.6638979174190442
197,2025-09-21 18:00:00,18,6,1,0,2.0,party,1,1,4,zoe,forgets far-off plans,22.6,drive,0,0,4.8,6.0,22.4,14,6.948369162342476,4.675598837560374,8.870962617812136,1.4673914834033441,-0.5082537991104523,-0.4904888394695659,1.6562803722922324,-1.9055794415616498
529,2025-09-21 22:00:00,22,6,1,0,24.0,party,1,0,2,marcus,party procrastinator,28.1,drive,0,0,13.3,15.0,22.8,14,7.551910598413843,6.3071873481685925,8.47197445668967,-0.9731885364095172,-1.0606885364095175,-0.09088149356809527,3.988039734038291,-0.7412737322758947
529,2025-09-21 22:00:00,22,6,1,0,24.0,party,1,0,2,priya,overbooked,35.0,transit,1,0,14.5,16.0,30.7,12,8.481547139403707,5.975104601594854,8.251870611258202,0.04043398181190305,3.5092264302981473,0.4189363416599523,0.0,-0.5452803039023832
484,2025-09-22 11:00:00,11,0,0,0,48.0,hangout,0,0,6,ethan,improving,33.3,drive,0,0,14.8,14.8,28.9,15,14.719594594594591,4.539701409662191,16.61988416988417,1.124028716216218,0.4033264033264068,1.801351351351352,0.7536036036036062,1.8118776671408252
484,2025-09-22 11:00:00,11,0,0,0,48.0,hangout,0,0,6,marcus,party procrastinator,35.7,drive,0,0,3.2,4.5,35.2,15,7.859594594594594,6.266865245080669,9.974169884169884,-0.7950079491255959,-0.8773608903020671,-0.029695945945945823,-2.713063063063063,-0.5472212837837835
484,2025-09-22 11:00:00,11,0,0,0,48.0,hangout,0,0,6,maya,always early,20.1,transit,1,0,0.2,-1.5,18.9,15,1.9095945945945942,1.906433552182947,0.9027413127413126,-1.7275965250965248,-0.5598841698841697,-1.2680405405405404,-1.683243243243243,-1.584739382239382
484,2025-09-22 11:00:00,11,0,0,0,48.0,hangout,0,0,6,omar,average,34.5,transit,0,0,3.4,5.5,48.0,17,6.913267813267813,3.4376804765457085,5.260933660933661,-0.29398680977628366,-0.009121621621622111,-0.7299508599508595,-0.39582309582309616,-0.6706934206934205
484,2025-09-22 11:00:00,11,0,0,0,48.0,hangout,0,0,6,priya,overbooked,28.3,drive,0,0,1.9,3.5,28.9,13,8.838438438438438,5.943371824061932,9.753839553839555,0.2010410410410408,-2.8890890890890892,0.4963963963963973,-0.08007419183889652,-0.34562562562562427
484,2025-09-22 11:00:00,11,0,0,0,48.0,hangout,0,0,6,zoe,forgets far-off plans,34.3,transit,0,0,2.0,3.5,29.4,15,6.914594594594594,4.541482870898741,8.918455598455598,-1.1030630630630638,-0.5808903020667735,-0.5528591749644374,-1.2163963963963962,-1.8975337837837838
588,2025-09-22 16:00:00,16,0,0,0,2.0,party,1,1,3,jake,chronically late,18.4,drive,1,0,14.2,13.5,19.1,19,12.127732683982686,4.986224791676584,13.279352195423623,1.2212367178276242,0.2848730814639904,1.2194792896497422,0.8021002435064926,1.3743022328548626
588,2025-09-22 16:00:00,16,0,0,0,2.0,party,1,1,3,marcus,party procrastinator,8.8,walk,0,0,17.7,16.5,8.6,16,7.603123067408782,6.170060651039016,8.386606590688222,1.7113288497217072,-0.9022555486841206,-0.054760432311452334,4.138438466295608,-0.6080868711120804
588,2025-09-22 16:00:00,16,0,0,0,2.0,party,1,1,3,sofia,morning struggler,22.8,drive,1,0,3.1,4.5,24.2,12,4.10974025974026,2.2473904620445664,3.317068645640074,-0.3786525974025974,-0.15365259740259773,-1.0951107715813597,0.5257884972170688,-1.1064935064935062
476,2025-09-23 10:00:00,10,1,0,0,2.0,food,0,0,5,ethan,improving,19.6,transit,1,0,14.7,14.3,20.8,16,14.706278434940858,4.4267254757325984,16.80179383855453,1.0720387518064545,2.379670912951168,1.7252911737943553,0.7206835759781622,1.7352911737943568
476,2025-09-23 10:00:00,10,1,0,0,2.0,food,0,0,5,hana,steady,13.6,walk,0,0,4.2,4.0,13.3,13,6.273991507430998,1.6877911758432789,5.721140430694571,-0.6426610049539985,-0.4261373976342133,-0.4534383109223876,-0.6758691613588113,0.006838287331917492
476,2025-09-23 10:00:00,10,1,0,0,2.0,food,0,0,5,jake,chronically late,24.7,drive,0,0,8.7,11.0,25.9,20,12.22527388535032,4.864306219801545,12.664363967242949,0.3761910828025474,0.9484133050247667,1.180220437551922,0.6426484683045182,1.3360445859872598
476,2025-09-23 10:00:00,10,1,0,0,2.0,food,0,0,5,sofia,morning struggler,7.6,walk,0,0,2.8,2.0,7.5,13,4.073991507430999,2.1640418025252943,2.5497118592659995,-1.090423111919928,-1.2189945404913565,-1.0645494220334988,-1.4626610049539988,-1.0758691613588116
476,2025-09-23 10:00:00,10,1,0,0,2.0,food,0,0,5,zoe,forgets far-off plans,12.8,walk,0,0,2.1,3.0,11.9,16,6.663421292083713,4.533693306786422,6.646691797738204,-1.1686021383075538,-0.6402487109493489,-0.5825659690627845,-1.274852138307553,-1.8977091473532095
636,2025-09-23 11:00:00,11,1,0,0,2.0,food,0,0,5,hana,steady,13.0,walk,0,0,4.4,4.0,12.0,14,6.153411306042886,1.6684955951456413,5.129546087440824,-0.6492202729044836,-0.4556075373619244,-0.44988201497896796,-0.6729962160302723,-0.07902234218023718
636,2025-09-23 11:00:00,11,1,0,0,2.0,food,0,0,5,marcus,party procrastinator,22.5,transit,0,0,4.9,4.0,21.0,17,8.06885521885522,6.44631811975162,8.405387205387205,-1.1608398802843247,-0.6665248981038454,0.046793694520966156,-2.9785879629629637,-0.34972876917321294
636,2025-09-23 11:00:00,11,1,0,0,2.0,food,0,0,5,maya,always early,34.5,drive,1,0,-0.2,-2.0,36.7,16,1.8007054673721345,1.8474539067321816,0.41448727639203853,-1.6538036449147564,-0.6627645502645505,-1.2110461338531517,-1.6060650597687638,-1.520470311581423
636,2025-09-23 11:00:00,11,1,0,0,2.0,food,0,0,5,priya,overbooked,19.3,transit,1,0,21.4,15.0,10.8,14,8.442884990253413,6.025392696153268,9.426538568643831,0.026766569200779244,3.7584263689526836,0.3690275070392026,-0.17541693740524167,-0.48573343079922093
636,2025-09-23 11:00:00,11,1,0,0,2.0,food,0,0,5,zoe,forgets far-off plans,22.4,drive,0,0,5.1,3.0,26.9,17,6.446127946127947,4.506696286492482,4.8988936988936995,-1.2149138443256096,-0.6866205918837514,-0.6065736732403408,-1.3149138443256092,-1.888870183314629
431,2025-09-23 16:00:00,16,1,0,0,2.0,study,0,0,3,ethan,improving,17.4,transit,1,0,10.6,13.3,15.3,17,14.69107240065324,4.3237334885809995,16.897449257329498,1.0231143773059923,2.205493907290311,1.6544210280737204,0.6886547760094768,1.6639448375975299
431,2025-09-23 16:00:00,16,1,0,0,2.0,study,0,0,3,jake,chronically late,17.7,drive,0,0,10.8,10.0,18.1,21,12.077061262091203,4.847314987189714,13.093446074883202,0.2800601226696404,0.8221653858275317,1.1014931675111317,0.5677253883840692,1.217477133644799
431,2025-09-23 16:00:00,16,1,0,0,2.0,study,0,0,3,sofia,morning struggler,24.3,drive,1,0,-0.5,1.0,27.0,14,3.9896627797037505,2.085958889766507,2.4684750799153576,-1.0464418531358337,-0.19540567986833368,-1.0134357324132894,-1.3928931610463282,-1.0279972562614708
12,2025-09-23 17:00:00,17,1,0,0,6.0,study,0,0,2,leo,rain hater,37.1,transit,0,0,2.9,2.0,57.3,14,8.63297213622291,6.205432938899886,10.137992038920832,-3.1275670794633648,1.6002321981424146,0.05952012383900751,-0.7289183436532518,-0.27119637328615553
12,2025-09-23 17:00:00,17,1,0,0,6.0,study,0,0,2,priya,overbooked,18.3,drive,0,0,1.5,2.0,22.2,15,9.081323529411765,6.6332495807108,11.86609243697479,0.33671280276816695,-3.3500452488687795,0.5611300309597524,0.04534055727554076,-0.14564013840830548
363,2025-09-24 19:00:00,19,2,0,0,6.0,food,0,0,5,marcus,party procrastinator,7.9,walk,0,0,8.1,4.0,7.7,18,7.9086703741152675,6.30821774442759,8.788191535461504,-1.1484939598744068,-0.6715027805864509,0.032344924605443026,-2.876708499375482,-0.3800729072428286
363,2025-09-24 19:00:00,19,2,0,0,6.0,food,0,0,5,maya,always early,11.0,walk,0,0,-2.3,-2.0,11.7,17,1.686337209302326,1.7924679010990932,0.038953488372093226,-1.596856831395349,-1.3067990956072353,-1.1647529069767444,-1.5425642594859243,-1.471856831395349
363,2025-09-24 19:00:00,19,2,0,0,6.0,food,0,0,5,omar,average,12.6,walk,0,0,4.4,5.0,13.7,18,6.713018200202225,3.420291663254524,4.775148057200636,-0.30476365015166973,-0.07389520014274797,-0.7099186287255055,-0.3827867910653566,-0.6727502527805873
363,2025-09-24 19:00:00,19,2,0,0,6.0,food,0,0,5,priya,overbooked,33.6,transit,0,0,3.4,3.0,34.5,16,8.704734219269104,6.708203932499369,10.0156383483626,0.16880306386120303,-3.410186283815852,0.4364493355481738,-0.05355066445182821,-0.2867524916943527
363,2025-09-24 19:00:00,19,2,0,0,6.0,food,0,0,5,zoe,forgets far-off plans,37.5,drive,0,0,3.4,3.0,34.7,18,6.365192113245702,4.384892695450743,4.832912032355915,-1.16374985956634,-0.6588940849342775,-0.5776484511444062,-1.2581943040107841,-1.8006678729178862
607,2025-09-25 08:00:00,8,3,0,1,48.0,hangout,0,0,6,ethan,improving,23.9,drive,1,0,13.6,14.7,21.3,18,14.468852861704741,4.428568868406838,16.248243674772784,0.9176873650596633,1.8985945889040945,-0.04480881028412398,0.5836062665465764,1.5740682432281563
607,2025-09-25 08:00:00,8,3,0,1,48.0,hangout,0,0,6,hana,steady,24.4,drive,0,0,4.3,4.5,29.1,15,6.009180790960452,1.636934804919107,5.059765940274415,-0.6123629112662021,-0.4375617937853109,0.0,-0.6288527934714381,-0.10590193704600459
607,2025-09-25 08:00:00,8,3,0,1,48.0,hangout,0,0,6,jake,chronically late,14.3,walk,0,0,21.2,11.5,14.7,22,11.991985771081817,4.759739905387914,12.083424506023375,0.26601067168863857,0.7810106716886356,-0.7262816488805193,0.5540980921968384,1.1698291768913247
607,2025-09-25 08:00:00,8,3,0,1,48.0,hangout,0,0,6,omar,average,7.7,walk,1,0,4.2,5.5,7.9,19,6.590983992467044,3.3595524698661774,4.597423997847727,-0.3074163752129859,-0.2950821777092978,1.416861716437988,-0.3712048636698606,-0.6632379943502835
607,2025-09-25 08:00:00,8,3,0,1,48.0,hangout,0,0,6,priya,overbooked,23.0,drive,1,0,17.4,15.5,25.7,17,8.43561890087314,6.639964980939047,8.510176828820898,0.07901765198821487,4.5292223078240035,-0.6226031501455234,-0.098566781617631,-0.3525612953802071
607,2025-09-25 08:00:00,8,3,0,1,48.0,hangout,0,0,6,sofia,morning struggler,33.0,transit,0,0,15.3,17.5,24.6,15,3.7141807909604525,2.159773650691716,1.8183373688458435,-1.072249293785311,-0.9827871939736346,0.0,-1.3805982053838486,-1.0213527934714377
673,2025-09-25 08:00:00,8,3,0,1,48.0,food,0,0,6,ethan,improving,10.9,walk,1,0,17.1,14.7,11.3,19,14.467008196721315,4.354499058429281,15.690573770491804,0.8297438524590124,1.715327868852457,-0.16200234192037577,0.508520276100084,1.4692979330007123
673,2025-09-25 08:00:00,8,3,0,1,48.0,food,0,0,6,hana,steady,21.9,drive,0,0,5.0,4.5,20.9,16,5.967056986729117,1.6099179909237613,4.619159139065462,-0.6428744904154735,-0.48262846122055336,-0.27784283112151975,-0.654673569168823,-0.18470465781941137
673,2025-09-25 08:00:00,8,3,0,1,48.0,food,0,0,6,jake,chronically late,35.7,transit,1,0,19.5,11.5,45.4,23,12.35029274004684,4.947615950301965,13.08579792572767,0.4188245790119325,0.303995901639345,0.3811402224824345,0.6310182474629187,1.2389013338763863
673,2025-09-25 08:00:00,8,3,0,1,48.0,food,0,0,6,leo,rain hater,33.0,drive,0,0,1.2,3.5,36.3,15,8.340409836065575,6.180312829191308,10.340117096018735,-3.1479445145018925,1.3063934426229515,0.5432650273224038,-0.8167598842815824,-0.4402732240437164
673,2025-09-25 08:00:00,8,3,0,1,48.0,food,0,0,6,maya,always early,34.3,drive,0,0,0.2,-1.5,36.6,18,1.5220955096222384,1.813393245197631,0.006313002749211031,-1.6214791832627566,-1.326807217616386,-0.9634558598920682,-1.5415716322166788,-1.5038321244392272
673,2025-09-25 08:00:00,8,3,0,1,48.0,food,0,0,6,omar,average,16.0,transit,1,0,5.8,5.5,17.6,20,6.52832786885246,3.3067960324156678,4.4366651053864175,-0.3537078986587181,-0.433191256830602,0.9643770491803272,-0.4057595628415305,-0.6977736143637792
183,2025-09-27 20:00:00,20,5,1,0,48.0,food,0,0,3,ethan,improving,24.0,transit,0,0,17.9,13.1,18.1,20,14.574433862433866,4.24856152126811,14.278409674981106,0.8337646762408628,0.47357823129251564,1.483392015392015,0.5341746031746002,1.4327398589065243
183,2025-09-27 20:00:00,20,5,1,0,48.0,food,0,0,3,leo,rain hater,33.1,drive,0,0,8.9,2.0,31.1,16,8.00289745527841,6.2408808472843,9.20082784436526,-3.216148364107549,1.0105079994960935,0.21891766453169836,-0.9243148288121841,-0.6269920005039058
183,2025-09-27 20:00:00,20,5,1,0,48.0,food,0,0,3,maya,always early,25.7,drive,0,0,-3.0,-3.0,27.9,19,1.4692019400352738,1.7675436419833568,0.3483434114386497,-1.5666458455810313,-1.2869014550264553,-1.1336776685983039,-1.4908205257411609,-1.4555347344699199
620,2025-09-27 22:00:00,22,5,1,0,6.0,hangout,0,0,6,ethan,improving,12.5,walk,1,0,16.2,14.6,12.2,21,14.70270432692308,4.160765889726992,14.757915521978024,0.8479102928321645,1.6106407752403804,1.463100961538462,0.5693681318681296,1.4058365384615392
620,2025-09-27 22:00:00,22,5,1,0,6.0,hangout,0,0,6,hana,steady,17.8,drive,1,0,3.3,4.5,22.4,17,5.925923295454546,1.564595307901903,4.650263798701299,-0.6296276913875598,-0.08929924242424381,-0.34444247159090846,-0.6394424715909102,-0.2053222656250009
620,2025-09-27 22:00:00,22,5,1,0,6.0,hangout,0,0,6,jake,chronically late,12.6,walk,1,0,9.0,11.5,13.4,24,12.59897629310345,4.997455950003183,14.2282789408867,0.5326092280564279,0.6775530503978757,0.5888189655172411,0.6928189655172385,1.2883104346264371
620,2025-09-27 22:00:00,22,5,1,0,6.0,hangout,0,0,6,maya,always early,18.7,drive,0,0,-1.9,-1.5,17.2,20,1.2908125000000004,1.8276761201044347,-0.359767857142857,-1.5879671052631583,-1.3025238095238096,-1.147446022727273,-1.4883551136363637,-1.4827039473684214
620,2025-09-27 22:00:00,22,5,1,0,6.0,hangout,0,0,6,sofia,morning struggler,16.8,transit,0,0,7.1,2.5,22.8,16,4.308110119047619,3.7568063231952746,4.159460034013605,-0.7469012605042016,-0.6055757068452379,-1.426082589285714,-1.0891906415343913,-0.7954495614035091
620,2025-09-27 22:00:00,22,5,1,0,6.0,hangout,0,0,6,zoe,forgets far-off plans,8.9,walk,1,0,6.8,3.5,8.9,19,6.2529296875,4.306581962466985,4.272265625,-1.175842927631579,0.8176513671874996,-0.5935971467391301,-1.2653166118421053,-1.774697265625
357,2025-09-28 19:00:00,19,6,1,0,96.0,food,0,0,3,hana,steady,7.3,walk,0,1,3.6,3.0,7.4,18,5.804743083003952,1.5927691547261056,4.687069452286844,-0.6385573122529644,-0.3923144488361876,-0.360756634669678,-0.6417090156220588,-0.4934962270930656
357,2025-09-28 19:00:00,19,6,1,0,96.0,food,0,0,3,marcus,party procrastinator,32.6,drive,0,1,3.9,3.0,36.1,19,7.921212121212121,6.140059642216214,9.006060606060606,-1.0909090909090908,-0.6399711399711396,0.02904040404040309,-2.7153198653198656,0.8794612794612773
357,2025-09-28 19:00:00,19,6,1,0,96.0,food,0,0,3,maya,always early,9.1,walk,0,1,-1.5,-3.0,8.6,21,1.1618881118881121,1.8143044618453952,-0.6966033966033963,-1.571416083916084,-1.288731722822632,-1.1353906962602616,-1.4614776527820008,-0.33375715193897026
272,2025-09-30 19:00:00,19,1,0,0,2.0,hangout,0,0,3,jake,chronically late,37.4,drive,1,0,10.6,10.0,30.1,25,12.459253731343285,4.978619889085729,13.445501066098084,0.4623231667748229,0.4619083155650312,0.5406027554535004,0.6406027554534983,1.2045970149253726
272,2025-09-30 19:00:00,19,1,0,0,2.0,hangout,0,0,3,priya,overbooked,26.9,drive,1,0,18.6,14.0,27.2,18,8.838157040882544,6.755592105164286,9.039473440252154,0.22138221933809277,4.622672590226125,0.06140415932758536,0.0023331956816701194,-0.18861778066190737
272,2025-09-30 19:00:00,19,1,0,0,2.0,hangout,0,0,3,sofia,morning struggler,38.7,transit,0,0,4.0,1.0,36.8,17,4.408073270013569,3.75766805401332,5.230878077146735,-0.6224973616764666,-0.4762870141272244,-1.301389158105576,-0.9585803042205243,-0.6910549525101759
324,2025-09-30 21:00:00,21,1,0,0,24.0,food,0,0,4,ethan,improving,9.0,walk,0,0,15.0,13.5,9.0,22,14.745388525780685,4.065212222408953,14.984396721651622,0.8427394146064184,0.5497409828128781,1.430734083756958,0.5785634118967433,1.3748784984079112
324,2025-09-30 21:00:00,21,1,0,0,24.0,food,0,0,4,jake,chronically late,6.8,walk,0,0,9.9,10.5,6.5,26,12.407273877292855,4.911797475249751,13.7020782506551,0.4067415138098234,0.8658865696816349,0.4940731370206368,0.5903694333169316,1.12874032987885
324,2025-09-30 21:00:00,21,1,0,0,24.0,food,0,0,4,leo,rain hater,12.0,walk,0,0,1.1,2.5,11.9,17,8.02843137254902,6.057749762075914,8.679551820728292,-2.9589542483660134,0.9858131487889263,0.23367647058823415,-0.8472652218782244,-0.5553633217993079
324,2025-09-30 21:00:00,21,1,0,0,24.0,food,0,0,4,marcus,party procrastinator,34.1,drive,0,0,3.0,3.5,36.5,20,7.753019607843137,6.049584696489504,7.615148459383753,-1.10230065359477,-0.6636969696969688,0.001584313725491171,-2.660119711042311,-0.23476470588235188
278,2025-09-30 22:00:00,22,1,0,0,96.0,party,1,0,5,ethan,improving,19.6,drive,1,1,16.9,16.0,18.8,23,14.752781593406594,3.9851852307328723,15.615080455259028,0.8123812385531117,1.5686247575953427,1.3777747252747243,2.223609203296702,-0.12546359890109926
278,2025-09-30 22:00:00,22,1,0,0,96.0,party,1,0,5,hana,steady,20.7,transit,0,1,5.0,6.0,24.9,19,5.7032451923076914,1.5937551260033802,4.572355769230769,-0.6358058608058599,-0.4129175101214573,-0.36614401223776216,0.5419299450549451,-0.576893028846154
278,2025-09-30 22:00:00,22,1,0,0,96.0,party,1,0,5,priya,overbooked,17.5,drive,1,1,15.2,17.0,15.3,19,9.253245192307693,6.905327342448813,11.543784340659341,0.3594322344322336,4.722913804945051,0.18158326048951068,0.8744591346153854,1.0300330528846153
278,2025-09-30 22:00:00,22,1,0,0,96.0,party,1,0,5,sofia,morning struggler,16.4,drive,0,1,2.9,4.0,18.2,18,4.399038461538462,3.6540397059746774,5.356868131868132,-0.6045546558704449,-0.4659722222222227,-1.2538024475524474,0.22536057692307665,-0.37115384615384617
278,2025-09-30 22:00:00,22,1,0,0,96.0,party,1,0,5,zoe,forgets far-off plans,22.6,transit,0,1,16.7,14.0,20.9,20,6.2591153846153835,4.202725306274489,4.559747252747252,-1.0943365384615378,-0.687897435897435,-0.550966346153845,1.620442307692307,3.073726495726496
254,2025-10-01 10:00:00,10,2,0,0,24.0,food,0,0,6,ethan,improving,38.1,drive,0,0,18.2,14.5,33.0,24,14.841411688521935,3.9032549629194806,16.111831911006266,0.7948706491824478,0.4652794641411706,1.335782866963049,0.4893299828958746,1.2551460315747232
254,2025-10-01 10:00:00,10,2,0,0,24.0,food,0,0,6,leo,rain hater,5.1,walk,0,0,1.1,3.5,5.2,18,7.743519085527659,6.102235979591193,6.783862595865045,-3.011169371300266,0.7519028826744698,0.1096997443598795,-0.937639314145744,-0.7036526728810859
254,2025-10-01 10:00:00,10,2,0,0,24.0,food,0,0,6,marcus,party procrastinator,27.6,transit,0,0,3.4,4.5,42.8,21,7.584651498736006,5.99000300955031,7.538471856781716,-1.138139794477822,-0.7097272598803528,-0.04529544128677454,-2.6384886240520045,-0.321639237132195
254,2025-10-01 10:00:00,10,2,0,0,24.0,food,0,0,6,maya,always early,31.5,drive,0,0,-2.4,-1.5,27.1,22,1.0704051469309688,1.7869591882569307,-0.9084556723054374,-1.5536420167093095,-1.2768388106416277,-1.1265707413203503,-1.4390707413203503,-1.4028038601982264
254,2025-10-01 10:00:00,10,2,0,0,24.0,food,0,0,6,priya,overbooked,31.2,transit,1,0,21.8,15.5,30.5,20,9.508037558685446,6.838208829803313,10.730867873910126,0.4165164319248813,4.634641627543035,0.23284017146356284,-0.0975946111451318,-0.22517147328414922
254,2025-10-01 10:00:00,10,2,0,0,24.0,food,0,0,6,sofia,morning struggler,22.6,transit,0,0,4.5,2.5,20.2,19,4.35420579029734,3.558875604438435,5.358344511513525,-0.6156543427230048,-0.4873095296927765,-1.2293784445805271,-0.8906543427230051,-0.6365377449884497
405,2025-10-01 13:00:00,13,2,0,0,6.0,study,0,0,4,hana,steady,26.7,drive,0,0,2.9,3.5,18.6,20,5.691744292237442,1.5538339679644024,4.654784083496412,-0.6299842258198414,-0.4188082191780813,-0.3717998808814773,-0.6254387712743874,-0.18240773569701751
405,2025-10-01 13:00:00,13,2,0,0,6.0,study,0,0,4,jake,chronically late,26.4,drive,0,0,9.3,10.5,39.5,27,12.340425228310503,4.862656897084704,13.554407208088715,0.34365981735160034,0.7642168690327917,0.44179356245922996,0.5346507053163716,1.048542406561813
405,2025-10-01 13:00:00,13,2,0,0,6.0,study,0,0,4,leo,rain hater,15.4,drive,0,0,0.4,2.5,13.7,19,7.466400304414003,6.120787884033365,4.304685801261144,-3.0292237442922376,0.5668629335896833,0.016872492043725984,-0.9982097557440017,-0.8120844348313696
405,2025-10-01 13:00:00,13,2,0,0,6.0,study,0,0,4,marcus,party procrastinator,37.1,transit,0,0,3.4,3.5,29.7,22,7.429392863182818,5.915131527847504,5.45125510376652,-1.1490900668387267,-0.7316026833530627,-0.07209788851933308,-2.593823133853575,-0.3772581215503594
477,2025-10-02 09:00:00,9,3,0,1,48.0,hangout,0,1,5,hana,steady,12.1,walk,0,0,4.4,5.5,12.1,21,5.571196964470507,1.5909323554561292,4.4203419898487155,0.44830113832355956,-0.4399595919775292,-0.26319913270585893,-0.6252845808899616,-0.24030891878425376
477,2025-10-02 09:00:00,9,3,0,1,48.0,hangout,0,1,5,jake,chronically late,10.9,walk,1,0,13.7,12.5,10.3,28,12.237912759885855,4.828955764501286,11.825117931395956,1.2278842233999203,0.45472482674276193,1.183149884495176,0.4962101297496382,0.98671451866519
477,2025-10-02 09:00:00,9,3,0,1,48.0,hangout,0,1,5,omar,average,11.2,walk,0,0,6.2,6.5,10.6,21,6.490427733701277,3.228283453935995,4.997265066771794,0.19108959986202123,-0.03753114100647803,0.7931432294660992,-0.3883421869610215,-0.6698759760418955
477,2025-10-02 09:00:00,9,3,0,1,48.0,hangout,0,1,5,priya,overbooked,20.6,drive,0,0,5.1,4.5,20.2,21,9.967350810624351,7.136123810483444,13.762100231606956,-0.262756553984131,-4.378233873749568,0.3093283398216151,0.05501394158905448,-0.011134717300635089
477,2025-10-02 09:00:00,9,3,0,1,48.0,hangout,0,1,5,zoe,forgets far-off plans,6.4,walk,0,0,2.8,4.5,6.3,21,6.6635046567781995,4.703339866062372,6.775287044793771,1.2482476716108994,-0.4945263256922461,0.906082557203634,-1.4826284925836486,-1.976955928973866
176,2025-10-03 16:00:00,16,4,0,0,168.0,food,0,0,2,hana,steady,13.8,walk,0,1,2.7,3.0,12.9,22,5.522498375568551,1.5602831381112787,4.320713821591015,-0.5915204678362569,-0.4355669265756985,-0.33864454732510296,-0.609477880658436,-0.4753836157344926
176,2025-10-03 16:00:00,16,4,0,0,168.0,food,0,0,2,priya,overbooked,7.5,walk,0,1,2.0,2.0,8.0,22,9.78175763482781,7.062046445613339,13.951930752807945,0.7186244596999742,-4.28120837394412,0.5186085390946502,0.006593892137750856,1.3414410511876387
0,2025-10-03 17:00:00,17,4,0,0,48.0,hangout,0,1,5,ethan,improving,36.3,transit,1,0,17.0,15.4,39.7,25,14.92913043478261,3.842395086401189,16.294037267080746,1.6537198067632843,1.4734057971014458,1.3392270531400925,0.5394384057970978,1.2582142857142848
0,2025-10-03 17:00:00,17,4,0,0,48.0,hangout,0,1,5,hana,steady,20.5,drive,0,0,4.6,5.5,23.4,23,5.413354037267082,1.5978127772293926,4.2038154392191664,0.33850931677018536,-0.4539292465568465,-0.35068322981366506,-0.6106832298136649,-0.17299771167048128
0,2025-10-03 17:00:00,17,4,0,0,48.0,hangout,0,1,5,leo,rain hater,27.1,drive,0,0,11.5,12.5,32.6,20,7.15495652173913,6.1563686536788875,3.85855900621118,4.326275362318841,0.4187826086956523,-0.04735727788279753,-1.0333754940711453,-0.8912173913043473
0,2025-10-03 17:00:00,17,4,0,0,48.0,hangout,0,1,5,marcus,party procrastinator,18.0,drive,0,0,5.6,5.5,21.3,23,7.2597826086956525,5.840669614872469,5.188509316770186,2.7956521739130435,-0.7278260869565214,-0.0741071428571427,-2.5280138339920946,-0.4033081285444231
0,2025-10-03 17:00:00,17,4,0,0,48.0,hangout,0,1,5,zoe,forgets far-off plans,10.4,walk,0,0,12.3,4.5,10.2,22,6.506441223832529,4.6561454103844975,6.830411778237865,0.8692138779095293,-0.5180844360428489,-0.309152979066023,-1.4763361705390698,-1.941340945688773
246,2025-10-03 20:00:00,20,4,0,0,96.0,food,0,0,6,ethan,improving,16.8,drive,0,1,12.1,14.4,17.4,26,15.004598490048044,3.76966441775461,16.187028140013727,0.7616704503458074,0.5202834187896173,1.3033655260319623,0.5403212079615631,0.12725757427198836
246,2025-10-03 20:00:00,20,4,0,0,96.0,food,0,0,6,marcus,party procrastinator,35.8,drive,0,1,4.0,4.5,34.9,24,7.211812179016874,5.72629018698455,4.817660622576249,-1.0968513083883584,-0.7249252215136286,-0.08908594125534464,-2.4527225748827712,0.7440939104915625
246,2025-10-03 20:00:00,20,4,0,0,96.0,food,0,0,6,maya,always early,25.9,drive,1,1,-2.3,-1.5,33.5,23,0.9300911854103342,1.7917369675983696,-0.9628310898827616,-1.5323431887261671,-0.42448497129348184,-1.1080729483282674,-1.4080729483282672,-0.39255319148936163
246,2025-10-03 20:00:00,20,4,0,0,96.0,food,0,0,6,omar,average,19.1,drive,0,1,4.0,5.5,19.2,22,6.47565011820331,3.154060743478749,5.278757176629518,-0.32876965772432865,-0.0399527186761226,-0.5993660004298302,-0.3726404800872887,0.9441555030207516
246,2025-10-03 20:00:00,20,4,0,0,96.0,food,0,0,6,priya,overbooked,21.4,drive,0,1,3.6,3.5,24.3,23,9.505091185410334,7.108776757947103,11.672883195831522,0.5834694782168182,-4.2918290720543535,0.4079270516717308,-0.06949672667757945,0.567454407294834
246,2025-10-03 20:00:00,20,4,0,0,96.0,food,0,0,6,zoe,forgets far-off plans,26.0,transit,0,1,20.0,12.5,36.2,23,6.722948328267478,4.718463112061658,7.920842379504994,-0.8984368215371257,-0.4265007598784196,-0.24930441898527,-1.3131873445703244,3.5785258358662606
49,2025-10-05 13:00:00,13,6,1,0,48.0,party,1,0,4,ethan,improving,5.9,walk,0,0,12.5,15.4,5.4,27,14.91060684647303,3.7874386276248346,15.574459098992293,0.7024684954664195,0.3978950553250318,1.2360495063671486,2.130578083741984,1.301566747746456
49,2025-10-05 13:00:00,13,6,1,0,48.0,party,1,0,4,jake,chronically late,6.8,walk,0,0,11.3,12.5,7.0,29,12.274688796680499,4.746498803517755,11.007053941908714,0.2665975103734439,0.6502435504239585,0.3761196165402758,0.8779160903642236,0.9726713406782057
49,2025-10-05 13:00:00,13,6,1,0,48.0,party,1,0,4,marcus,party procrastinator,25.3,transit,1,0,21.3,15.5,27.7,25,7.1013139695712315,5.643474107320773,4.800375419877495,-1.093051175656985,2.0745072614107887,-0.10109497464269257,4.953828743870236,-0.330206892577225
49,2025-10-05 13:00:00,13,6,1,0,48.0,party,1,0,4,zoe,forgets far-off plans,21.3,drive,1,0,5.0,4.5,17.5,24,7.177221347832308,5.34872778227579,10.422063242237803,-0.6051255869613286,0.3767905120745283,-0.11847665378928784,1.9215156284551025,-2.1299993156948505
214,2025-10-06 17:00:00,17,0,0,0,168.0,party,1,1,2,leo,rain hater,17.8,drive,0,1,13.3,13.5,16.5,21,7.343563579277864,6.083112939815334,5.383875308365104,4.211653181982852,0.46204679674067517,-0.013654500261643499,2.4461636577708,1.4282182103610683
214,2025-10-06 17:00:00,17,0,0,0,168.0,party,1,1,2,maya,always early,19.4,transit,0,1,0.2,0.5,20.9,24,0.8287121745249822,1.7886165898692643,-1.3489393787071482,0.029793359350009596,-1.1768971381656108,-1.1078059871163317,0.1892329345531315,-0.5484382612461429
507,2025-10-06 19:00:00,19,0,0,0,168.0,party,1,1,2,jake,chronically late,10.1,walk,0,1,12.4,13.5,9.2,30,12.256876807403124,4.677426880478435,11.330536230686606,1.2342296569826932,0.5966391941391933,0.3459359938307305,0.7015615962984363,-0.5284384037015606
507,2025-10-06 19:00:00,19,0,0,0,168.0,party,1,1,2,sofia,morning struggler,5.9,walk,0,1,4.1,4.5,5.8,20,4.3516275303643726,3.476416977291418,6.071893580104105,-0.5562789023841659,-0.4537206477732796,-1.1700384615384616,0.054832208726945275,-0.49436032388663964
462,2025-10-07 14:00:00,14,1,0,0,48.0,hangout,0,0,2,leo,rain hater,36.3,drive,0,0,1.8,2.0,27.5,22,7.563319946452477,6.075905877431361,6.0752342704149935,-3.3235088502156778,0.5419800413776308,0.049344042838018076,-1.1191199580932416,-0.9530056734876018
462,2025-10-07 14:00:00,14,1,0,0,48.0,hangout,0,0,2,maya,always early,33.6,transit,0,0,-2.6,-3.0,54.5,25,0.8069879518072293,1.7598454477595469,-0.8980034423407915,-1.5098166579360925,-1.1375903614457834,-1.072360553324409,-1.3787210379981467,-1.300562248995984
119,2025-10-07 15:00:00,15,1,0,0,24.0,food,0,1,3,hana,steady,30.1,transit,0,0,3.0,4.5,32.9,24,5.392540184091221,1.5654915805870337,4.340725766883206,0.2337299079543893,-0.45242764573888383,-0.351667071765986,-0.601667071765986,-0.1894051380684152
119,2025-10-07 15:00:00,15,1,0,0,24.0,food,0,1,3,jake,chronically late,37.6,transit,0,0,13.8,11.5,33.3,31,12.252324037184595,4.602600721625277,11.586378296338456,1.159220261809903,0.5821407702523267,0.3432120978451785,0.5163966356795058,0.9263966356795041
119,2025-10-07 15:00:00,15,1,0,0,24.0,food,0,1,3,leo,rain hater,8.5,walk,0,0,17.5,11.5,8.1,23,7.345845190665908,6.055511948030573,6.113098625904546,4.334813806000487,0.4380341986092908,0.0014327306159982456,-1.1404607759438434,-1.003607647332747
204,2025-10-07 21:00:00,21,1,0,0,24.0,hangout,0,0,5,ethan,improving,8.6,walk,0,0,18.9,13.8,8.7,28,14.845549988069674,3.7835489090189878,15.198728568019906,0.6447267955141935,0.29801579826444957,1.16870834327527,0.5362865480975696,1.2320416766086062
204,2025-10-07 21:00:00,21,1,0,0,24.0,hangout,0,0,5,hana,steady,26.1,drive,0,0,4.6,4.0,27.9,25,5.320104986876641,1.5787894096427173,4.034315710536183,-0.5242497812773399,-0.4720839895013125,-0.3682336930105965,-0.6089744337513361,-0.23912760904886898
204,2025-10-07 21:00:00,21,1,0,0,24.0,hangout,0,0,5,jake,chronically late,24.8,drive,0,0,13.9,11.0,25.4,32,12.300085124494572,4.532339308720718,12.15716717842702,0.19993063930072097,0.5807004763697687,0.3405531762077043,0.5096060246174563,0.9063802181658414
204,2025-10-07 21:00:00,21,1,0,0,24.0,hangout,0,0,5,priya,overbooked,14.0,walk,0,0,3.0,3.0,14.0,24,9.307005158837905,7.071744195898366,9.473430045382258,0.48239587292967556,-4.238392614716265,0.32511121786169106,-0.12422642571977605,0.29451770177903214
204,2025-10-07 21:00:00,21,1,0,0,24.0,hangout,0,0,5,zoe,forgets far-off plans,21.1,drive,0,0,2.9,3.0,19.6,25,7.1134383202099745,5.256286141373964,10.146696662917135,-0.6235604245121529,-0.19075065616797993,-0.13961004874390692,-0.984429989729545,-2.081472003499564
67,2025-10-08 17:00:00,17,2,0,0,6.0,party,1,0,4,ethan,improving,10.9,walk,1,0,18.8,15.3,10.2,29,14.9673518055871,3.752418166029304,15.519243373024887,0.6615019539968827,1.4766881432516072,1.1596404211204963,1.7190447800741921,1.2209307437011425
67,2025-10-08 17:00:00,17,2,0,0,6.0,party,1,0,4,hana,steady,7.5,walk,0,0,7.4,5.5,7.5,26,5.299676173869722,1.5487731353726635,4.271336049677063,-0.5157409390957772,-0.46512306351016086,-0.36401971425012913,0.5376214347988544,-0.2452043161720585
67,2025-10-08 17:00:00,17,2,0,0,6.0,party,1,0,4,leo,rain hater,34.0,transit,0,0,4.6,4.5,33.2,24,7.706550392757288,6.270892856860355,8.559014397930653,-3.5574581841369497,0.5573142724004807,0.08355153182739539,2.6748664921078706,-0.8007785682448336
67,2025-10-08 17:00:00,17,2,0,0,6.0,party,1,0,4,maya,always early,39.0,drive,0,0,-0.9,-0.5,36.1,26,0.6964503674181092,1.768515741799909,-1.0295856093091116,-1.5013565408726697,-1.1355945275300112,-1.064941373236304,0.15713317003639593,-1.3108934657321751
487,2025-10-08 22:00:00,22,2,0,0,48.0,food,0,1,2,hana,steady,21.5,drive,0,0,6.7,4.5,20.2,27,5.3645912547528525,1.595836489590621,4.7184546442151,0.010222951952989057,-0.4230002816504719,-0.3327651763471877,-0.6494856735469856,-0.19402793850223254
487,2025-10-08 22:00:00,22,2,0,0,48.0,food,0,1,2,priya,overbooked,28.0,transit,1,0,19.3,15.5,27.9,25,9.098897338403042,7.04958892418558,7.671113525258012,-0.38839881706801904,5.394508079847908,0.24904661315307663,-0.17409424225964187,0.1842062737642589
662,2025-10-09 12:00:00,12,3,0,0,48.0,party,1,0,5,hana,steady,24.9,drive,1,0,6.3,6.0,26.4,28,5.411034877072613,1.6015736840077395,5.303152822020747,-0.5050666314817249,-0.08551743853630622,-0.3158623975605108,0.6617622768566171,-0.16706927768248558
662,2025-10-09 12:00:00,12,3,0,0,48.0,party,1,0,5,jake,chronically late,34.4,transit,0,0,11.5,13.0,44.0,33,12.349056603773583,4.465749669450006,12.828301886792454,0.20970350404312832,0.5785464709993029,0.3371640937678677,0.6005145797598637,0.8867334905660371
662,2025-10-09 12:00:00,12,3,0,0,48.0,party,1,0,5,leo,rain hater,35.2,transit,1,0,2.9,5.0,41.2,25,7.60880503144654,6.173991901517203,9.13108715184187,-3.4616037735849057,-1.3244025157232704,0.04991015274034272,2.1455974842767276,-0.8194706498951776
662,2025-10-09 12:00:00,12,3,0,0,48.0,party,1,0,5,marcus,party procrastinator,23.0,transit,0,0,15.1,16.0,27.0,26,7.576262933657943,6.181222758718489,7.550360838187984,-0.8885200618006452,-1.113992020017582,-0.03815600887440329,5.447179955366198,-0.1290103469263535
662,2025-10-09 12:00:00,12,3,0,0,48.0,party,1,0,5,omar,average,39.0,drive,1,0,7.2,7.0,39.8,23,6.402291105121294,3.1169213156113944,5.343511744320369,-0.36014712488768996,-0.37833298776694946,-0.6235321692253599,0.5829514824797846,-0.5844017344427517
392,2025-10-09 17:00:00,17,3,0,0,24.0,party,1,0,3,hana,steady,5.5,walk,0,0,15.6,5.0,5.1,29,5.439324618736384,1.5919834845192848,5.554092748210396,-0.4764867263777939,-0.4215880796763152,-0.3007238737789031,0.6703376906318077,-0.1474596949891076
392,2025-10-09 17:00:00,17,3,0,0,24.0,party,1,0,3,maya,always early,35.9,drive,0,0,-1.3,-1.0,40.8,27,0.6542824074074073,1.7360219730203093,-0.9559193121693123,-1.471425925925926,-1.1183041838134429,-1.0483716475095783,0.002858796296296373,-1.2903079710144927
392,2025-10-09 17:00:00,17,3,0,0,24.0,party,1,0,3,priya,overbooked,29.2,drive,1,0,14.4,16.0,25.7,26,9.43667861409797,7.1719126710346055,7.410479604027992,0.11652881169010065,5.438815095930844,0.32701399556238187,1.5466632531148647,0.3146571087216259
35,2025-10-09 22:00:00,22,3,0,0,2.0,hangout,0,1,6,hana,steady,9.2,walk,0,0,4.9,6.0,9.3,30,5.732360020931449,2.46,7.437817148837557,-0.09387667887667916,-0.2991945000812004,-0.22105376766091123,-0.8854013966329228,0.012324598478444138
35,2025-10-09 22:00:00,22,3,0,0,2.0,hangout,0,1,6,jake,chronically late,19.2,drive,0,0,22.6,13.0,17.5,34,12.33160514698976,4.407237873627936,12.509030041997075,1.1322632353401616,0.541895772115554,0.31716031580285,0.5170831572273897,0.8489410874026255
35,2025-10-09 22:00:00,22,3,0,0,2.0,hangout,0,1,6,leo,rain hater,13.6,walk,0,0,16.0,13.0,14.6,26,7.462341959116152,6.120289518232144,7.860669131176044,4.645105360589232,0.6061264327070788,0.007027344179736161,-0.7818735672929229,-0.8578735672929216
35,2025-10-09 22:00:00,22,3,0,0,2.0,hangout,0,1,6,marcus,party procrastinator,10.8,walk,0,0,5.4,6.0,11.4,27,7.816643772893773,6.231837808314318,9.29046964939822,2.071678113553112,-1.0029573848770266,-0.00466818337912045,-2.9631763202075705,-0.028827662721893077
35,2025-10-09 22:00:00,22,3,0,0,2.0,hangout,0,1,6,maya,always early,34.6,transit,1,0,0.4,0.0,39.8,28,0.5979575979575978,1.7086925124318937,-0.8148692577264006,0.10952473452473455,-0.538978798978799,-1.0316313316313315,-1.283521005743228,-1.2733830983830983
35,2025-10-09 22:00:00,22,3,0,0,2.0,hangout,0,1,6,priya,overbooked,25.4,transit,0,0,6.0,5.0,17.3,27,9.594768772893772,7.092512329107786,8.78421964939822,0.4226156135531145,-4.5593033063427795,0.3560534293292914,-0.22670519136036482,0.365763683431954
600,2025-10-09 22:00:00,22,3,0,0,24.0,study,0,0,3,marcus,party procrastinator,24.4,transit,0,0,1.5,3.0,29.4,28,7.7478766156185515,6.135879550410263,9.556536175891015,-0.7167883534669661,-0.9947944405119049,-0.019410461736952378,-2.8863012924948404,-0.06123279791141112
600,2025-10-09 22:00:00,22,3,0,0,24.0,study,0,0,3,priya,overbooked,18.2,drive,0,0,1.8,2.0,16.7,28,9.490300858042794,7.002568770655174,9.325800245155083,0.2523474490021691,-4.432725643532095,0.3114159516310053,-0.251917381702329,0.30419930085402136
600,2025-10-09 22:00:00,22,3,0,0,24.0,study,0,0,3,zoe,forgets far-off plans,25.1,transit,1,0,4.3,2.0,33.9,26,6.996126719852006,5.213706616831304,8.141750491386288,-0.6802669865495039,0.21193664007399704,-0.18300142332579838,-1.026100319882838,-2.072901375881605
676,2025-10-10 11:00:00,11,4,0,0,6.0,party,1,0,3,ethan,improving,18.1,transit,0,0,13.9,14.7,24.0,30,15.082735562310031,3.7185959118403216,15.637924446374294,0.6710536980749726,0.30794832826747864,1.145816869300912,1.8106242693476702,1.2051918693009114
676,2025-10-10 11:00:00,11,4,0,0,6.0,party,1,0,3,maya,always early,17.2,drive,0,0,-1.3,-1.0,17.3,29,0.5881101376720901,1.6908510897911146,-0.43196853209368846,-1.4365504958120727,-1.093804755944931,-0.9964794703056239,-0.13896916600295822,-1.2224881101376721
676,2025-10-10 11:00:00,11,4,0,0,6.0,party,1,0,3,sofia,morning struggler,8.2,walk,0,0,1.9,3.0,8.7,21,4.349836333878887,3.395081142435159,4.4713818096796825,-0.576065778193438,-0.44273244486010466,-1.1318690671031097,0.02508183306055578,-0.5976008034518676
397,2025-10-10 21:00:00,21,4,0,0,24.0,food,0,0,6,ethan,improving,25.3,transit,1,0,21.5,14.2,29.7,31,15.04551656920078,3.682486605033873,15.184433305485937,0.6424699742186988,1.535862573099413,1.1068344261326697,0.5036531658364005,1.1644101837084317
397,2025-10-10 21:00:00,21,4,0,0,24.0,food,0,0,6,jake,chronically late,37.2,drive,1,0,16.9,11.5,36.7,35,12.5809649122807,4.6294055685765265,14.194561403508771,-0.018729582577131865,0.2818366228070168,0.38774436090225706,0.6009994683678919,0.9132946336429324
397,2025-10-10 21:00:00,21,4,0,0,24.0,food,0,0,6,marcus,party procrastinator,14.4,walk,0,0,2.0,4.5,14.1,29,7.5511351909184725,6.135220246030361,8.914610054548135,-0.7527181925401729,-1.0059459924320606,-0.034791780489284996,-2.8566861157418426,-0.12057533539731669
397,2025-10-10 21:00:00,21,4,0,0,24.0,food,0,0,6,omar,average,12.4,walk,1,0,5.1,5.5,13.1,24,6.425468844525106,3.0592641635240034,5.750133955578602,-0.3323750756200843,-0.3092299714804252,-0.5826628352490424,-0.40964128072416006,-0.5451628352490419
397,2025-10-10 21:00:00,21,4,0,0,24.0,food,0,0,6,priya,overbooked,9.2,walk,1,0,13.5,15.5,9.2,29,9.251135190918474,7.033098241032488,9.000324340262422,0.1651389503169689,5.546402362114435,0.253886614068378,-0.29127467625420245,0.2151389503169696
397,2025-10-10 21:00:00,21,4,0,0,24.0,food,0,0,6,zoe,forgets far-off plans,33.3,transit,0,0,2.9,3.5,43.2,27,6.898081140350877,5.138453435003932,8.328023182957393,-0.6824649122807012,-0.17152707489878516,-0.18506761695906437,-1.014464912280702,-2.017680921052632
534,2025-10-11 12:00:00,12,5,1,0,48.0,food,0,0,2,jake,chronically late,29.1,drive,1,0,18.5,10.0,33.4,36,12.692666163775037,4.603561423265446,14.86933318965001,0.032778196854136965,0.4404709432176208,0.40075969230482933,0.6150788603095272,0.9148575739071099
534,2025-10-11 12:00:00,12,5,1,0,48.0,food,0,0,2,zoe,forgets far-off plans,16.3,transit,0,0,3.8,2.0,16.7,28,6.784827658023535,5.09576029255534,6.952807902292437,-0.7185146468651631,-0.22097068431547306,-0.21308126156812612,-1.037745416095933,-1.9987484620932507
535,2025-10-11 12:00:00,12,5,1,0,6.0,food,0,1,2,marcus,party procrastinator,7.2,walk,0,0,5.9,4.5,6.9,30,7.40320819112628,6.1126608136082785,8.586630911750365,1.8891591684765743,-1.0284971925575253,-0.06560702096538229,-2.835947414991783,-0.18541367541485165
535,2025-10-11 12:00:00,12,5,1,0,6.0,food,0,1,2,sofia,morning struggler,8.3,walk,0,0,0.3,2.5,8.5,22,4.267121729237771,3.3342233660247564,3.704891922639363,-0.48356086461888514,-0.4700486089564597,-1.1157521659228151,-0.7749498889430635,-0.6133996141860818
91,2025-10-11 19:00:00,19,5,1,0,24.0,food,0,0,5,leo,rain hater,31.5,drive,0,0,2.7,3.0,35.5,27,7.726588983050847,6.222178130355242,8.321882566585955,-3.6107344632768363,0.6977550521512388,0.07117584745762695,-0.6368603324641464,-0.7099372555410692
91,2025-10-11 19:00:00,19,5,1,0,24.0,food,0,0,5,marcus,party procrastinator,39.6,drive,0,0,6.3,4.0,49.4,31,7.356967984934087,6.018542281704942,6.373419424266882,-0.7574907461523468,-1.0043167372881356,-0.06572243147101986,-2.750366559053,-0.19080665411173925
91,2025-10-11 19:00:00,19,5,1,0,24.0,food,0,0,5,omar,average,9.7,walk,0,0,3.3,5.0,9.0,25,6.388361581920904,3.0043967780571195,5.868103309120258,-0.3405997392438076,-0.09627118644067778,-0.5826892655367235,-0.4118684422921701,-0.546689265536723
91,2025-10-11 19:00:00,19,5,1,0,24.0,food,0,0,5,priya,overbooked,17.8,drive,1,0,12.8,15.0,22.2,30,9.37859564164649,6.952001310573972,10.536741611898998,0.20047257243049188,5.384192685102587,0.2711849273607765,-0.25694007263922636,0.24874843449945772
91,2025-10-11 19:00:00,19,5,1,0,24.0,food,0,0,5,sofia,morning struggler,10.3,walk,1,0,1.2,2.0,10.3,23,4.119673123486683,3.3236052122364494,3.134192320996195,-0.48338377723970893,-0.6898365617433408,-1.1012151376558155,-0.8061110499669821,-0.6364078894269571
670,2025-10-11 22:00:00,22,5,1,0,48.0,food,0,0,2,priya,overbooked,31.2,drive,1,0,12.8,14.0,34.9,31,9.467685185185186,6.8617536279872855,9.63362433862434,0.23359567901234612,5.21923611111111,0.29105499438832894,-0.2210662177328846,0.280262345679013
670,2025-10-11 22:00:00,22,5,1,0,48.0,food,0,0,2,sofia,morning struggler,37.4,drive,0,0,-0.2,1.0,41.0,24,4.011609195402299,3.2809106967425983,2.8604597701149426,-0.5047376311844074,-0.4221289355322342,-1.077393267651888,-0.8134332833583211,-0.6412873563218398
652,2025-10-12 19:00:00,19,6,1,0,48.0,hangout,0,0,2,omar,average,8.6,walk,0,0,3.3,4.0,8.9,26,6.280239265114292,2.9948575254314083,5.4800683614612264,-0.3542690308338674,-0.1563727734204141,-0.5917317141307752,-0.41468077112907054,-0.5571163295153898
652,2025-10-12 19:00:00,19,6,1,0,48.0,hangout,0,0,2,zoe,forgets far-off plans,14.4,walk,1,0,2.8,2.0,14.1,29,6.687865212310091,5.033063096955077,4.610818632088597,-0.7234457285489624,0.11570988419449613,-0.21788627288663864,-1.0308531359563702,-1.9543178529690035
473,2025-10-12 22:00:00,22,6,1,0,48.0,food,0,0,4,ethan,improving,18.3,drive,0,0,16.8,13.2,18.6,32,15.214375889046943,3.739271110457224,16.57553596829913,0.6816203436166415,0.136665989297569,1.120091153459958,0.5774769482828681,1.175973506401137
473,2025-10-12 22:00:00,22,6,1,0,48.0,food,0,0,4,hana,steady,10.2,walk,1,0,3.2,3.5,10.0,31,5.695330774853802,2.421482935017004,7.470094507101086,-0.30687885077276533,-0.15199860446571023,-0.2081594453304989,-0.8527756457115014,0.011211961230235268
473,2025-10-12 22:00:00,22,6,1,0,48.0,food,0,0,4,maya,always early,16.6,transit,0,0,-2.7,-2.5,14.7,30,0.5237687969924811,1.666413314077073,-0.6646374865735767,-1.400848649401281,-1.0679465906144672,-0.9700549224624059,-1.1838100832438236,-1.196120951417004
473,2025-10-12 22:00:00,22,6,1,0,48.0,food,0,0,4,sofia,morning struggler,26.8,drive,0,0,1.3,1.5,29.2,25,3.864396929824561,3.283939098095457,2.146970551378446,-0.5426475694444441,-0.463480902777778,-1.0636388384754984,-0.838480902777778,-0.659705212550608
21,2025-10-13 14:00:00,14,0,0,0,6.0,food,0,0,2,hana,steady,9.2,walk,0,0,2.4,3.0,10.4,32,5.622455247455248,2.412918924119706,6.849272927844358,-0.32203192892848165,-0.22537937287937382,-0.2132706522412411,-0.844639884962465,-0.01844538183823996
21,2025-10-13 14:00:00,14,0,0,0,6.0,food,0,0,2,omar,average,34.0,transit,0,0,6.8,4.0,28.4,27,6.175963879870131,2.982532595944436,5.035989679962895,-0.36239890132189245,-0.20415390717237436,-0.5952298280423287,-0.4133032332251094,-0.5618964947089964
7,2025-10-13 15:00:00,15,0,0,0,48.0,hangout,0,0,4,hana,steady,32.2,transit,0,0,3.5,3.5,30.9,33,5.535016977928693,2.4274145912464444,6.21000485083677,-0.34584748160724477,-0.24872391697245266,-0.224300266796023,-0.8451705751273346,-0.056565774837539884
7,2025-10-13 15:00:00,15,0,0,0,48.0,hangout,0,0,4,marcus,party procrastinator,13.4,walk,1,0,9.8,3.5,13.3,32,7.308936355710549,5.9262129560116215,5.102553244488729,-0.7274469630921239,3.3293616196842004,-0.05097198331723174,-2.652223190932869,-0.17846274995078204
7,2025-10-13 15:00:00,15,0,0,0,48.0,hangout,0,0,4,maya,always early,5.5,walk,1,0,-2.4,-2.5,5.7,31,0.42585125448028666,1.6777170951637785,-0.706899641577061,-1.3855206733230925,-0.41410068426197455,-0.9552677310741826,-1.1731182795698922,-1.1914343555024558
7,2025-10-13 15:00:00,15,0,0,0,48.0,hangout,0,0,4,zoe,forgets far-off plans,11.3,walk,0,0,1.0,2.5,10.8,30,6.563732718894011,4.99284042961074,4.261066491112574,-0.7344947333772227,-0.13806616194865118,-0.2237732160312813,-1.0309233048057953,-1.9182615604640088
488,2025-10-14 21:00:00,21,1,0,0,6.0,party,1,0,4,ethan,improving,19.3,drive,1,0,13.4,15.1,22.5,33,15.24027824337915,3.6828792585001398,17.197222355251185,0.6870366419813276,1.6216927669492183,1.1111900771035845,1.4955354149705453,1.1654757913892997
488,2025-10-14 21:00:00,21,1,0,0,6.0,party,1,0,4,marcus,party procrastinator,14.0,walk,0,0,19.8,15.5,12.7,33,7.366594032852833,5.852079284828843,5.7475982951008096,-0.6719820920701167,-1.014079785450889,-0.034147449582723866,5.735942133629025,-0.14368871521957693
488,2025-10-14 21:00:00,21,1,0,0,6.0,party,1,0,4,maya,always early,23.7,drive,0,0,-0.6,-0.5,20.8,32,0.3413668445515579,1.6762093348907825,-0.945323758699555,-1.3652691127323238,-0.9878057037929648,-0.93822466152927,-0.1407973259884088,-1.1804084794530654
488,2025-10-14 21:00:00,21,1,0,0,6.0,party,1,0,4,priya,overbooked,34.7,transit,1,0,22.8,16.5,31.6,32,9.535961439146153,6.774659095436094,9.424560411184615,0.27629040587742004,5.077362713031501,0.32226818425769466,1.9365144603201934,0.32145169620000225
158,2025-10-14 22:00:00,22,1,0,0,24.0,food,0,0,5,hana,steady,31.8,transit,0,0,2.9,4.0,33.8,34,5.485179809708113,2.408821733821065,5.795765659916603,-0.3585379049164814,-0.26249546444122007,-0.23168261391531964,-0.838940444600822,-0.08098317475676087
158,2025-10-14 22:00:00,22,1,0,0,24.0,food,0,0,5,jake,chronically late,30.5,drive,0,0,12.1,11.0,26.1,37,12.814809823300388,4.616594389218678,15.575659949514398,0.11661111594161078,0.477398766923816,0.44124555822669187,0.6587344371710966,0.9455804299357755
158,2025-10-14 22:00:00,22,1,0,0,24.0,food,0,0,5,maya,always early,23.9,drive,1,0,-2.5,-2.0,27.8,33,0.3268950678583251,1.6509618200096199,-0.8494585520404785,-1.3390792232152708,-0.5573554562506897,-0.9259100581642786,-1.1457458898819375,-1.1601890216758552
158,2025-10-14 22:00:00,22,1,0,0,24.0,food,0,0,5,omar,average,16.3,drive,0,0,10.4,5.0,15.6,28,6.194606441776254,2.93362586474242,5.441316126221787,-0.34381222767689934,-0.1827354761727209,-0.5669981486019227,-0.3954763705220188,-0.534855291459067
158,2025-10-14 22:00:00,22,1,0,0,24.0,food,0,0,5,sofia,morning struggler,25.1,drive,0,0,0.5,2.0,26.8,26,3.7749036315682694,3.238472958138097,1.7214010375909339,-0.551922905254616,-0.47592290525461634,-1.0390863596402244,-0.8359229052546158,-0.6573288849815535
31,2025-10-15 08:00:00,8,2,0,1,168.0,food,0,0,6,jake,chronically late,28.7,drive,0,1,17.1,11.5,28.2,38,12.792742458060335,4.560996270619985,15.31221213087438,0.10924855101159281,0.45604795161638734,0.9336287709698325,0.6395828833369333,-0.7596777043965446
31,2025-10-15 08:00:00,8,2,0,1,168.0,food,0,0,6,marcus,party procrastinator,34.3,drive,1,1,7.4,4.5,40.2,34,7.68943399222037,6.138448796985928,8.454123997777248,-0.5348349309359355,3.055283003889815,0.0,-2.7978616601836412,0.12394509515252494
31,2025-10-15 08:00:00,8,2,0,1,168.0,food,0,0,6,maya,always early,35.6,transit,0,1,-2.2,-1.5,38.8,34,0.24840835119472887,1.6519360561365604,-1.2861690425157917,-1.3212457139052565,-0.9083424880988049,-0.5306531316980234,-1.134148939711708,-0.18111965433946853
31,2025-10-15 08:00:00,8,2,0,1,168.0,food,0,0,6,omar,average,39.4,drive,0,1,5.0,5.5,36.1,29,6.3114095793116025,2.9960179676208183,5.931831308374744,-0.2895079827596687,-0.0923659169550195,0.7742952103441993,-0.35025183254416437,0.6842952103441986
31,2025-10-15 08:00:00,8,2,0,1,168.0,food,0,0,6,priya,overbooked,23.2,drive,1,1,14.6,15.5,24.3,33,9.889155939384063,7.031714853014497,11.925473125538304,0.38414967614469653,5.176561319566861,-0.30843347726902515,-0.4760447718275813,-0.23044869420948721
31,2025-10-15 08:00:00,8,2,0,1,168.0,food,0,0,6,zoe,forgets far-off plans,6.8,walk,0,1,13.6,12.5,6.9,31,6.405220158238736,5.002675662854941,3.944348616639639,-0.7698373723355054,-0.1939753033699887,0.29850852621750334,-1.0560442688872298,4.6335162773243255
175,2025-10-15 15:00:00,15,2,0,0,6.0,hangout,0,1,4,hana,steady,32.0,transit,0,0,4.8,5.0,22.0,35,5.418328267477205,2.40379971320917,3.962379504993488,0.04256722001402835,-0.27615731785944675,-0.23747309619650192,-0.8332799928482038,-0.10569467594862303
175,2025-10-15 15:00:00,15,2,0,0,6.0,hangout,0,1,4,marcus,party procrastinator,22.6,drive,0,0,5.9,5.0,30.1,35,7.685828267477204,6.05031960700745,9.224522362136343,1.4416001773049647,-0.8908535222599667,0.00722663860961692,-2.713920482400235,-0.03343004513217096
175,2025-10-15 15:00:00,15,2,0,0,6.0,hangout,0,1,4,omar,average,6.7,walk,1,0,8.5,6.0,6.3,30,6.278089448545376,2.952025669867312,5.90802555672725,0.23196024509094393,-0.27872629903025103,-0.47152230224444924,-0.3511061987657733,-0.4404878194858286
175,2025-10-15 15:00:00,15,2,0,0,6.0,hangout,0,1,4,sofia,morning struggler,24.5,drive,0,0,1.6,3.0,27.4,27,3.669785334346505,3.2133509211819957,1.4913672383847156,-0.4744283641890026,-0.49867277004910004,-1.0230457642906168,-0.8448266162029463,-0.6644665246417722
47,2025-10-15 18:00:00,18,2,0,0,2.0,hangout,0,0,2,priya,overbooked,22.3,transit,0,0,2.2,2.0,24.2,34,10.00984060984061,6.966820153052804,13.788525888525887,0.41286251286251385,-4.983688083688085,0.2858509058509071,-0.43129195129194997,0.3260719854469869
47,2025-10-15 18:00:00,18,2,0,0,2.0,hangout,0,0,2,sofia,morning struggler,25.2,transit,1,0,-0.5,1.0,18.7,28,3.6025389025389027,3.165027323607756,1.6578682578682578,-0.5174352674352676,-0.6104757650212198,-0.9990171990171994,-0.8354020687354025,-0.6572735745149538
302,2025-10-15 22:00:00,22,2,0,0,2.0,party,1,1,3,hana,steady,29.7,drive,0,0,6.4,6.5,24.5,36,5.394648707681108,2.3706718196627743,3.9413282021946023,0.010582973633574078,-0.2660238977280036,-0.22693177245990892,1.5574643412648506,-0.10173484710593428
302,2025-10-15 22:00:00,22,2,0,0,2.0,party,1,1,3,maya,always early,20.0,transit,1,0,3.9,0.5,15.7,35,0.18201492537313432,1.6438282843933028,-1.4337100213219613,0.341836969001148,-0.6427784156142365,-0.8539572968490878,-0.104316877152698,-1.0950124378109451
302,2025-10-15 22:00:00,22,2,0,0,2.0,party,1,1,3,omar,average,18.3,transit,0,0,6.7,7.5,23.0,31,6.330016583747928,2.9362813521493862,6.665719023927979,0.4049917081260368,-0.15601326699834317,-0.4250138197899407,0.63428097607202,-0.39501381978994043
622,2025-10-15 22:00:00,22,2,0,0,24.0,hangout,0,1,6,ethan,improving,16.3,transit,0,0,15.6,15.6,10.3,34,15.189591867698377,3.663407380188285,16.39702624791382,1.5652040661508106,0.2216790113239835,1.072851447259728,0.6327515577668592,1.125629225037505
622,2025-10-15 22:00:00,22,2,0,0,24.0,hangout,0,1,6,jake,chronically late,22.6,transit,1,0,19.9,13.0,25.4,39,12.883956428187197,4.5385875688715736,16.13827326519634,1.3235299556213018,0.6004759129759112,0.35077468078480223,0.6598214675137761,0.8409025485948565
622,2025-10-15 22:00:00,22,2,0,0,24.0,hangout,0,1,6,maya,always early,14.6,walk,1,0,-1.0,0.0,14.9,36,0.27058738634723617,1.8011548935661486,-0.4655464610436469,0.5260509659196337,-0.3882347483660804,-0.8069944963003122,-1.1939331072304804,-1.0140410337105852
622,2025-10-15 22:00:00,22,2,0,0,24.0,hangout,0,1,6,priya,overbooked,21.8,drive,0,0,7.5,5.0,21.6,35,9.807352071005917,6.999717778567351,12.11638630600169,-0.05855567509413717,-4.9556811457773,0.23533571663379504,-0.4618865055884278,0.25133763672225307
622,2025-10-15 22:00:00,22,2,0,0,24.0,hangout,0,1,6,sofia,morning struggler,11.5,walk,0,0,2.7,4.0,11.3,29,3.47335537765402,3.1704904214466785,1.378101536472577,-0.4927906369648447,-0.39680808549586866,-0.9834530477064414,-0.8459704887872306,-0.6644628147116829
622,2025-10-15 22:00:00,22,2,0,0,24.0,hangout,0,1,6,zoe,forgets far-off plans,15.8,transit,0,0,4.2,5.0,12.6,32,6.591731968655046,5.089303081893925,5.326209133901442,1.2298230182845558,-0.10310997387920562,-0.404712561499891,-0.9364433072125387,-2.0631099738792047
55,2025-10-16 13:00:00,13,3,0,0,48.0,food,0,0,4,jake,chronically late,37.8,drive,1,0,8.1,10.5,29.6,40,13.040936692506458,4.5894553053712155,15.797410483573273,0.025871897267249366,0.8224677002583984,0.3848244219174468,0.6907655038759728,0.8670812933496546
55,2025-10-16 13:00:00,13,3,0,0,48.0,food,0,0,4,leo,rain hater,23.2,drive,0,0,0.0,2.5,19.2,28,7.540671247357293,6.180317672305546,8.397334642102084,-3.5314277820488176,0.6372308354866494,0.06266282479710927,-0.6479543496985363,-0.7183247200689058
55,2025-10-16 13:00:00,13,3,0,0,48.0,food,0,0,4,marcus,party procrastinator,21.7,transit,0,0,4.3,3.5,15.3,36,7.632735394214406,5.972908875254902,9.209352969775546,-0.4792906375152519,-0.8709160521837767,0.008856530062394619,-2.640120488868405,-0.03968607153581516
55,2025-10-16 13:00:00,13,3,0,0,48.0,food,0,0,4,sofia,morning struggler,13.0,walk,0,0,2.1,1.5,14.6,30,3.4526328903654484,3.1172209845737058,1.786466540104414,-0.5280712440014765,-0.3932341599430469,-0.9595986417822946,-0.8263168747851988,-0.6505953274032787
511,2025-10-16 18:00:00,18,3,0,0,168.0,food,0,1,3,jake,chronically late,29.5,transit,1,1,11.5,11.5,25.6,41,12.928548225887058,4.615292842175488,14.508156635967728,1.6269071346679613,0.6185888305847058,0.35002030234882575,0.6443425723035929,-0.41665313176744867
511,2025-10-16 18:00:00,18,3,0,0,168.0,food,0,1,3,sofia,morning struggler,5.9,walk,0,1,3.5,2.5,6.0,31,3.408700510855683,3.0687475031832516,1.8882001459587667,-0.4745849297573437,-0.3899590434667721,-0.9331718664477284,-0.8072504257130695,-0.04831133815808153
511,2025-10-16 18:00:00,18,3,0,0,168.0,food,0,1,3,zoe,forgets far-off plans,13.7,walk,0,1,12.2,12.5,13.8,33,6.52403206291591,5.0262141103248155,5.492580589404546,0.9929033458979015,-0.12015592373592554,-0.40345605392792194,-0.9266075366391506,4.777647963299052
403,2025-10-16 20:00:00,20,3,0,0,24.0,hangout,0,1,5,hana,steady,15.8,drive,0,0,5.7,5.5,16.9,37,5.4137498304164975,2.3481027574474895,4.403928522976142,0.06416677972233487,-0.24607128321414073,-0.2119870316451511,-0.8232141403569972,-0.08439379550490678
403,2025-10-16 20:00:00,20,3,0,0,24.0,hangout,0,1,5,marcus,party procrastinator,24.8,drive,0,0,6.1,5.5,28.5,37,7.549464116130783,5.916426724490666,8.89984689032308,1.2772528516118262,-0.8675941000015062,0.0004705321778502025,-2.5904544015655127,-0.062397813826382986
403,2025-10-16 20:00:00,20,3,0,0,24.0,hangout,0,1,5,maya,always early,26.5,drive,1,0,-0.8,-0.5,26.9,37,0.2375593542260208,1.7771210539300362,-0.27498304164970844,0.4282937638493194,-0.4250395694840139,-0.7905120707752286,-1.1682321793432902,-0.9941907051282051
403,2025-10-16 20:00:00,20,3,0,0,24.0,hangout,0,1,5,omar,average,22.4,drive,0,0,8.0,6.5,22.2,32,6.334526834526834,2.891783551612223,7.1527219527219525,0.3993489993489998,-0.1394255201947514,-0.4031515386354094,-0.323567005919946,-0.37411928057089305
403,2025-10-16 20:00:00,20,3,0,0,24.0,hangout,0,1,5,priya,overbooked,8.9,walk,1,0,14.5,16.5,9.1,36,9.748231533597387,6.915260901320595,11.342351866742112,-0.21146839459847477,5.266601408489002,0.21774570067253052,-0.46063267770584737,0.22650839781399412
82,2025-10-16 22:00:00,22,3,0,0,48.0,party,1,0,5,ethan,improving,5.9,walk,1,0,15.9,15.5,6.2,35,15.195400280898877,3.612608306405526,15.941542937399678,0.6509821133509544,1.499008873850869,1.0499240813847557,1.3030664794007478,1.1012754327361058
82,2025-10-16 22:00:00,22,3,0,0,48.0,party,1,0,5,jake,chronically late,11.2,walk,0,0,12.9,13.0,11.5,42,12.89821300502032,4.571061493198617,13.499489430005806,0.0015242016003167436,0.4918213506281184,0.3332763858358181,0.15937574707148094,0.8425835340848504
82,2025-10-16 22:00:00,22,3,0,0,48.0,party,1,0,5,leo,rain hater,14.3,walk,1,0,3.3,5.0,12.9,29,7.312235624586913,6.22625716142453,5.8320673213105465,-3.52696701054628,-1.4703103406837705,0.017801191754792,1.684235113861682,-0.7743364059106783
82,2025-10-16 22:00:00,22,3,0,0,48.0,party,1,0,5,priya,overbooked,14.6,walk,1,0,16.1,17.0,13.7,37,9.859905029427502,6.859235827930848,11.617115722693573,0.2989045337236025,5.156741851703229,0.240082474444538,3.0511533202544427,0.260081403347856
82,2025-10-16 22:00:00,22,3,0,0,48.0,party,1,0,5,sofia,morning struggler,18.3,drive,0,0,2.7,4.0,19.4,32,3.4112435469177043,3.02332081493182,2.317498156262201,-0.5235214849681147,-0.37603628909808684,-0.9069041654013565,0.31204897440852486,-0.6376117427118131
53,2025-10-17 21:00:00,21,4,0,0,96.0,hangout,0,0,5,leo,rain hater,39.0,transit,0,1,0.5,3.0,36.0,30,7.202777997625643,6.162925892427683,5.615079427893041,-3.460532581453634,0.6227180733789366,-0.01144799798539431,-0.6165676409067791,1.9166665467496502
53,2025-10-17 21:00:00,21,4,0,0,96.0,hangout,0,0,5,marcus,party procrastinator,12.7,walk,0,1,5.4,4.0,11.8,38,7.518540230625525,5.8426463713371035,8.362440065893008,-0.46581372612176875,-0.856575334595048,-0.006809250789151733,-2.5305196084747124,0.1891848654684427
53,2025-10-17 21:00:00,21,4,0,0,96.0,hangout,0,0,5,maya,always early,6.2,walk,1,1,-3.0,-2.0,6.8,38,0.21621464923017458,1.7535974105011511,-0.30965295736280735,-1.32930611028796,-0.448647571345745,-0.7782384121493828,-1.1461830831669135,-0.3108097661534497
53,2025-10-17 21:00:00,21,4,0,0,96.0,hangout,0,0,5,omar,average,18.5,drive,0,1,9.5,5.0,15.7,33,6.381506050444671,2.865413910392285,7.337573157269905,-0.381263139082626,-0.11085678184380665,-0.37814573006269114,-0.3070051860954317,0.4646330633938165
53,2025-10-17 21:00:00,21,4,0,0,96.0,hangout,0,0,5,zoe,forgets far-off plans,32.3,drive,0,1,11.0,12.0,40.3,34,6.674287946587115,5.048879590672297,6.735510841882032,-0.7285732888225951,-0.06580545493287904,-0.3639701762277925,-0.847055454932879,4.754284340561775
236,2025-10-17 21:00:00,21,4,0,0,2.0,food,0,0,6,ethan,improving,36.0,transit,0,0,15.2,14.0,33.5,36,15.21214180994269,3.562643759282642,16.23204051712648,0.6381641629062624,0.21223684439268098,1.0262979018918728,0.6065484917144257,1.0762979018918735
236,2025-10-17 21:00:00,21,4,0,0,2.0,food,0,0,6,jake,chronically late,6.3,walk,1,0,13.7,11.5,6.4,43,12.897871129326047,4.518605249613959,13.613677465521729,0.001824746291962498,0.5444791395611066,0.32568495749848125,0.6193627618397084,0.8218627618397072
236,2025-10-17 21:00:00,21,4,0,0,2.0,food,0,0,6,marcus,party procrastinator,19.9,drive,1,0,3.9,4.5,19.4,39,7.465859413810233,5.776870155788875,6.2902455468029235,-0.4678794975516265,2.873167592467145,-0.009364133134624808,-2.4735937832659136,-0.028934495225477974
236,2025-10-17 21:00:00,21,4,0,0,2.0,food,0,0,6,maya,always early,18.7,drive,1,0,-1.7,-1.5,18.9,39,0.13858668653750622,1.7669587790208099,-0.4032609467035697,-1.3206190067590964,-0.5566494257911809,-0.7712633507203179,-1.1387885884607196,-0.911528097668187
236,2025-10-17 21:00:00,21,4,0,0,2.0,food,0,0,6,priya,overbooked,20.1,drive,0,0,8.5,3.5,20.7,38,10.004600330410472,6.834613307142676,10.701314380117278,0.3446282882195959,-4.994904606408196,0.26778432733446067,-0.5461002869354097,0.30159415992431704
236,2025-10-17 21:00:00,21,4,0,0,2.0,food,0,0,6,sofia,morning struggler,35.7,transit,0,0,3.7,2.5,54.2,33,3.3920477423065867,2.9771798119513275,2.4691564978018823,-0.5141084763916579,-0.3707497193539111,-0.8850142636165073,-0.7642981064506853,-0.6235556601389218
124,2025-10-18 09:00:00,9,5,1,1,24.0,food,0,0,4,jake,chronically late,10.6,walk,0,0,11.3,10.5,10.4,44,12.913676761026991,4.467044153696534,13.13247907457914,0.010445011337870014,0.4634602328834756,1.1743581303489155,0.6099423561714232,0.8075033317811773
124,2025-10-18 09:00:00,9,5,1,1,24.0,food,0,0,4,marcus,party procrastinator,31.6,transit,0,0,4.9,3.5,23.3,40,7.386003584229391,5.731123362832108,5.767429595494112,-0.4851697530864172,-0.7746873231465763,0.0023327359617679733,-2.43516975308642,-0.055462559333527395
124,2025-10-18 09:00:00,9,5,1,1,24.0,food,0,0,4,omar,average,29.9,drive,0,0,9.0,4.5,29.4,34,6.455645161290322,2.8775951128013113,7.2301843317972345,-0.33445060483870837,-0.05642281105990765,0.5060117302052793,-0.2756944444444436,-0.41257560483870925
124,2025-10-18 09:00:00,9,5,1,1,24.0,food,0,0,4,zoe,forgets far-off plans,27.6,drive,0,0,2.8,2.5,27.2,35,6.776754032258064,5.031440739824663,7.936215437788019,-0.651471123829344,-0.01967008797654035,1.021217237903226,-0.7772458455522973,-2.2288904786680535
155,2025-10-18 13:00:00,13,5,1,0,6.0,food,0,1,5,hana,steady,19.8,transit,0,0,4.3,5.5,18.7,38,5.417225383473528,2.3188496527182085,4.876350109563865,0.0756575488619502,-0.234277413546649,-0.20257221053933705,-0.7953885246577599,-0.07645694472742104
155,2025-10-18 13:00:00,13,5,1,0,6.0,food,0,1,5,leo,rain hater,25.3,drive,0,0,11.1,12.5,27.8,31,7.009463652482269,6.1750648254358484,5.216989614994934,5.199743738918441,0.5300990462215713,-0.043366056528993724,-0.6664526779163609,-0.6354181951577393
155,2025-10-18 13:00:00,13,5,1,0,6.0,food,0,1,5,maya,always early,8.3,walk,0,0,-1.4,-0.5,7.9,40,0.09645981087470466,1.7502214145644543,-0.3438686254643702,0.43368388002364044,-0.828262965425532,-0.7603061754021796,-1.1219515038087735,-0.9028627798637187
155,2025-10-18 13:00:00,13,5,1,0,6.0,food,0,1,5,priya,overbooked,30.1,drive,1,0,20.3,16.5,43.2,39,9.969106624758222,6.752594163885709,9.81974474993092,0.03439592322570917,5.112714700193425,0.25453170333655706,-0.5397339805584505,0.2834753515604582
155,2025-10-18 13:00:00,13,5,1,0,6.0,food,0,1,5,zoe,forgets far-off plans,21.3,drive,0,0,10.3,4.5,19.4,36,6.67904125583809,5.001576140467011,8.165440358810882,1.2277591926755127,-0.052711659391312615,-0.2413329780221316,-0.7880057770383715,-2.201066059613389
615,2025-10-18 20:00:00,20,5,1,0,6.0,party,1,1,6,ethan,improving,14.2,walk,1,0,19.9,17.5,13.8,37,15.212635920509937,3.51849127637728,15.332181691574268,1.4476531342673038,1.450980583948743,0.999240479555441,1.253812804649419,1.0479584282733878
615,2025-10-18 20:00:00,20,5,1,0,6.0,party,1,1,6,hana,steady,24.6,transit,1,0,7.6,8.0,20.6,39,5.39387974230494,2.2927464732352214,4.983965640658554,0.021967240725925485,-0.17142984967788166,-0.204382212755557,1.511903483655451,-0.08618263626137779
615,2025-10-18 20:00:00,20,5,1,0,6.0,party,1,1,6,marcus,party procrastinator,7.3,walk,0,0,16.6,18.0,7.0,41,7.333276275248203,5.673556600345415,5.609507507213772,1.2214652516261548,-0.7725998297035606,0.027323301484547535,6.235750965911871,-0.07363466008396546
615,2025-10-18 20:00:00,20,5,1,0,6.0,party,1,1,6,maya,always early,15.4,drive,0,0,3.4,2.0,13.7,41,0.0658849709003767,1.7309410877829932,-1.109747151171321,0.3417282558350282,-0.8225690662185013,-0.7508986648408079,0.2433596615640436,-0.8936156893431799
615,2025-10-18 20:00:00,20,5,1,0,6.0,party,1,1,6,priya,overbooked,26.9,transit,1,0,19.1,19.0,20.2,40,10.200682414698163,6.848729809242003,12.47162354705662,0.6209898762654671,5.126371895820718,0.2969617822162487,3.1996587926509186,0.3467757977621222
615,2025-10-18 20:00:00,20,5,1,0,6.0,party,1,1,6,sofia,morning struggler,39.3,transit,1,0,6.9,6.0,44.6,34,3.400787401574804,2.9373622326524775,3.071653543307087,-0.42907761529808797,-0.7837926509186359,-0.8612101118939086,0.23287401574803068,-0.603612783696156
57,2025-10-18 21:00:00,21,5,1,0,2.0,food,0,0,6,hana,steady,29.7,drive,1,0,3.5,4.5,31.1,40,5.4509732988802755,2.2968987243672716,5.671706656822935,-0.3992587209302325,-0.023675876234015014,-0.19728600139452812,-0.8332742044369947,-0.07167145181357082
57,2025-10-18 21:00:00,21,5,1,0,2.0,food,0,0,6,jake,chronically late,14.6,walk,0,0,11.4,11.5,14.1,45,12.889875968992246,4.429266304931326,11.89710741971207,-0.01286570291221345,0.4207112990368831,0.3438305390301064,0.5779664082687361,0.7708235511258756
57,2025-10-18 21:00:00,21,5,1,0,2.0,food,0,0,6,leo,rain hater,13.4,walk,0,0,10.4,3.5,13.5,32,7.132264822962497,6.1211204231231235,4.552075663703571,-3.5338118583699982,0.5464459808645863,-0.030512705396426476,-0.6102206858020809,-0.5802206858020806
57,2025-10-18 21:00:00,21,5,1,0,2.0,food,0,0,6,maya,always early,17.6,transit,1,0,-1.7,-1.5,20.0,42,0.14454890318324276,1.828769830506431,-0.4587003133762164,-1.3409387703621778,-0.6321742078545642,-0.7254153097898423,-1.1736639162665883,-0.843917111074459
57,2025-10-18 21:00:00,21,5,1,0,2.0,food,0,0,6,omar,average,31.2,drive,0,0,4.3,5.5,28.4,35,6.529844961240309,2.871791021900686,7.8228128460686595,-0.3101714822645043,-0.028147554129911434,-0.3980502701432931,-0.2636496962078354,-0.38592905802208044
57,2025-10-18 21:00:00,21,5,1,0,2.0,food,0,0,6,sofia,morning struggler,29.8,transit,0,0,0.8,2.5,32.3,35,3.497344961240311,2.97503352750787,3.6992414174972312,-0.5744541343669258,-0.4383848110465123,-0.8335827867223222,-0.8196348110465124,-0.5691528239202661
379,2025-10-19 08:00:00,8,6,1,1,24.0,party,1,0,2,priya,overbooked,15.2,transit,1,0,16.0,16.0,13.0,41,10.397300586348047,6.892657034801972,14.18494302467087,-0.044897727133038856,5.105903225938631,0.023421961623089516,3.6105633165374282,0.39466102728631824
379,2025-10-19 08:00:00,8,6,1,1,24.0,party,1,0,2,zoe,forgets far-off plans,13.6,walk,0,0,5.4,4.0,15.3,37,6.7708530231431,4.970695718310681,7.720243720898028,-0.7504072382769902,-0.026445448408371597,0.4685097674919563,1.8170024031665237,-2.102541959030509
261,2025-10-20 10:00:00,10,0,0,0,2.0,food,0,1,3,ethan,improving,19.5,drive,1,0,16.3,13.9,23.4,38,15.326847218133647,3.52081267375254,15.80767063375247,1.6510057894220367,1.4954126189775288,0.9915086841330591,0.4903862041459739,1.0390086841330586
261,2025-10-20 10:00:00,10,0,0,0,2.0,food,0,1,3,maya,always early,36.8,drive,1,0,-2.0,-1.5,37.1,43,0.10321729957805914,1.813070745258458,-0.5990807715491259,0.48100972808251286,-0.6655285365312015,-0.7142153337169159,-1.1554255496335777,-0.8352149617972404
261,2025-10-20 10:00:00,10,0,0,0,2.0,food,0,1,3,sofia,morning struggler,29.2,drive,1,0,3.3,2.5,28.6,36,3.4281568385304113,2.9537627708014806,3.493759096722975,-0.18543789235360775,-0.47117343909563747,-0.81963723371411,-0.8178300448136819,-0.5686906109567427
336,2025-10-20 12:00:00,12,0,0,0,6.0,study,0,1,4,jake,chronically late,23.6,drive,1,0,16.5,12.0,17.7,46,12.85664104837915,4.391279057180724,12.359040299536899,1.509092576170616,0.5880500989797461,0.3316136162093901,0.5592474456184267,0.7476195386416808
336,2025-10-20 12:00:00,12,0,0,0,6.0,study,0,1,4,marcus,party procrastinator,21.7,drive,1,0,5.5,5.0,19.4,42,7.533801988666739,5.781953020011801,7.423943425333355,1.6241320075555068,2.2969488399444034,0.054398232296231086,-2.564369287495558,-0.008955579863311414
336,2025-10-20 12:00:00,12,0,0,0,6.0,study,0,1,4,omar,average,17.3,drive,0,0,6.1,6.0,16.5,36,6.470455938227723,2.8520122309401303,7.205844553779349,0.4255673693671618,-0.05204661518976916,-0.4012712414295283,-0.26381699898723365,-0.3895065355471754
336,2025-10-20 12:00:00,12,0,0,0,6.0,study,0,1,4,priya,overbooked,30.0,drive,1,0,14.5,16.0,28.4,42,10.516780712070993,6.857176339203971,14.433365917734571,0.9621461919526713,5.025501557941686,0.22331222984222165,-0.7471831230621166,0.420316876937882
523,2025-10-20 14:00:00,14,0,0,0,6.0,food,0,0,5,ethan,improving,39.7,transit,0,0,11.7,13.4,25.2,39,15.350921528720034,3.475387301694364,16.228834722491438,0.500595350268858,0.0930204564299757,0.9699225601482606,0.48515996014246987,1.0162640235628952
523,2025-10-20 14:00:00,14,0,0,0,6.0,food,0,0,5,marcus,party procrastinator,32.3,drive,1,0,4.3,4.0,33.0,43,7.4945947346600335,5.7224794650300534,7.327027067045725,-0.6331630137600284,1.9879417017476726,0.04394817128127304,-2.516358585362661,-0.025270392827531296
523,2025-10-20 14:00:00,14,0,0,0,6.0,food,0,0,5,omar,average,22.4,transit,0,0,6.1,5.0,11.4,37,6.465251125325752,2.813421344908777,7.118643178664501,-0.3115377245425526,-0.0579525567248238,-0.3959295359935018,-0.2620138015660407,-0.3845009645649302
523,2025-10-20 14:00:00,14,0,0,0,6.0,food,0,0,5,sofia,morning struggler,20.3,drive,0,0,4.5,2.0,14.8,37,3.4271558872305143,2.9144986550895204,3.4649016820658614,-0.5840662279997861,-0.44728378310467853,-0.8018929741536223,-0.7966917861672034,-0.5559186051723368
523,2025-10-20 14:00:00,14,0,0,0,6.0,food,0,0,5,zoe,forgets far-off plans,39.1,drive,1,0,6.9,3.0,31.0,38,6.742803424736781,4.908997336284206,7.883658121353365,-0.7454089664433292,-0.24996866442979027,-0.1950661320082565,-0.7166886497743841,-2.057097038746077
439,2025-10-20 21:00:00,21,0,0,0,168.0,food,0,0,6,jake,chronically late,17.2,drive,0,1,8.0,11.5,18.4,47,12.928529578529577,4.366867724773413,13.093865593865596,-0.08530200240726415,0.331548300665947,0.3413070413070436,0.5656215099396942,-0.4944797406335866
439,2025-10-20 21:00:00,21,0,0,0,168.0,food,0,0,6,marcus,party procrastinator,22.1,transit,0,1,4.5,4.5,16.2,44,7.428235471092615,5.676882856545673,7.150924420312175,-0.6429413301593758,-0.6047060372060375,0.03434277051298196,-2.4758975901833047,0.06723971009685226
439,2025-10-20 21:00:00,21,0,0,0,168.0,food,0,0,6,maya,always early,34.7,drive,0,1,-1.6,-1.5,34.7,44,0.06088853231710365,1.8017023056951187,-0.46831756219511317,-1.283618741986089,-0.6960519834469413,-0.7074564731707588,-1.1428258999687568,-0.38561086596800875
439,2025-10-20 21:00:00,21,0,0,0,168.0,food,0,0,6,omar,average,27.5,transit,0,1,3.6,5.5,29.7,38,6.4554311182218145,2.7763556993888745,6.844408890920518,-0.30465524419012535,-0.059270005999655595,-0.38662124069100745,-0.25600222844408815,0.642665181037275
439,2025-10-20 21:00:00,21,0,0,0,168.0,food,0,0,6,sofia,morning struggler,5.4,walk,1,1,3.0,2.5,5.0,38,3.4507799554311185,2.8878590541952542,3.72879427298032,-0.5522205873950061,-0.46121568563429083,-0.7780680559750328,-0.763525676083816,-0.055389977715559535
439,2025-10-20 21:00:00,21,0,0,0,168.0,food,0,0,6,zoe,forgets far-off plans,24.6,transit,1,1,15.4,12.5,34.1,39,6.745080410989502,4.845845872726682,7.127165831711286,-0.7208038799616334,-0.2200494836858473,-0.18801881983700053,-0.6943747983520705,4.678162592935319
547,2025-10-20 21:00:00,21,0,0,0,48.0,food,0,1,6,ethan,improving,20.7,transit,0,0,12.8,15.4,23.2,40,15.265079365079366,3.5073316067916935,15.64716553287982,1.6368742368742382,0.011936507936509244,0.9355253212396093,0.43265993265993075,0.9807634164777035
547,2025-10-20 21:00:00,21,0,0,0,48.0,food,0,1,6,leo,rain hater,19.6,transit,0,0,16.2,13.0,25.0,33,7.211278195488721,6.054904894235492,5.674650912996777,4.992038920831491,0.5679602231384928,-0.006934001670843237,-0.5513946155711853,-0.5223623575066689
547,2025-10-20 21:00:00,21,0,0,0,48.0,food,0,1,6,maya,always early,35.5,transit,0,0,0.1,0.0,34.1,45,0.024571428571428557,1.7854915981078097,-0.46440816326530615,0.4029473684210526,-0.6924897959183673,-0.6958136645962733,-1.1239999999999999,-0.8002857142857144
547,2025-10-20 21:00:00,21,0,0,0,48.0,food,0,1,6,omar,average,28.7,drive,1,0,7.8,7.0,39.5,39,6.387012987012986,2.7736242450972797,5.98200371057514,0.41568431568431574,-0.19732142857142865,-0.3941733941733938,-0.259328476401647,-0.3165945165945159
547,2025-10-20 21:00:00,21,0,0,0,48.0,food,0,1,6,sofia,morning struggler,13.7,walk,0,0,2.6,4.0,14.7,39,3.4370129870129875,2.8506363408309396,3.624860853432282,-0.18794642857142918,-0.4109816653934302,-0.7582905466626402,-0.7429834054834057,-0.5216165413533842
547,2025-10-20 21:00:00,21,0,0,0,48.0,food,0,1,6,zoe,forgets far-off plans,29.6,drive,1,0,5.8,5.0,29.3,40,6.933968253968255,4.976795530258401,7.8097052154195,1.2173544973544956,0.29244897959183636,-0.13222222222222246,-0.6050536250536256,-2.1576870748299326
401,2025-10-20 22:00:00,22,0,0,0,96.0,study,0,0,4,ethan,improving,18.6,drive,0,1,15.3,12.9,18.8,41,15.211435093908891,3.504350996575271,15.188981455402539,0.5090291079706883,-0.040005268157178975,0.9038480565456286,0.3931877140188895,-0.3292881602158335
401,2025-10-20 22:00:00,22,0,0,0,96.0,study,0,0,4,hana,steady,11.6,walk,0,1,13.9,3.5,11.3,41,5.40273944173498,2.2834244819270664,5.472211269067137,-0.4053546778357404,-0.2456124901491723,-0.1954441578123074,-0.8208000415066925,-0.566046783972487
401,2025-10-20 22:00:00,22,0,0,0,96.0,study,0,0,4,jake,chronically late,15.9,drive,0,1,6.6,10.5,16.6,48,12.832566307920926,4.391799096675024,12.366447516548835,-0.12582703767465375,0.2635145932106333,0.312277855983524,0.5288299485147334,-0.7495069122348816
401,2025-10-20 22:00:00,22,0,0,0,96.0,study,0,0,4,marcus,party procrastinator,13.3,walk,1,1,1.6,3.5,13.2,45,7.366520286396182,5.629781479433535,7.219005796113194,-0.647735634294107,1.7000941016024553,0.027908910103419338,-2.433205250596659,-0.10704875554040338
258,2025-10-21 17:00:00,17,1,0,0,96.0,party,1,0,2,ethan,improving,17.3,drive,0,1,17.9,14.4,19.4,42,15.215094814144155,3.464756963529553,15.204312804041185,0.49478608245376066,-0.03822540411745834,0.8820750510994984,1.4540507194276557,-0.28448658406406935
258,2025-10-21 17:00:00,17,1,0,0,96.0,party,1,0,2,marcus,party procrastinator,20.8,transit,1,1,15.5,15.0,27.4,46,7.255087377740695,5.630866191295279,6.715739250783055,-0.6782014555231077,1.2766084148395365,0.009717456722641238,6.489941748172869,-0.41005825182713007
437,2025-10-21 21:00:00,21,1,0,0,6.0,study,0,0,4,ethan,improving,13.0,walk,0,0,22.4,12.9,12.9,43,15.27549019607843,3.4347081563042927,14.935854341736695,0.4982905982905983,0.009418767507005654,0.8684531590413975,0.3295798319327776,0.8914272685818538
437,2025-10-21 21:00:00,21,1,0,0,6.0,study,0,0,4,jake,chronically late,24.6,transit,0,0,11.6,10.5,29.1,49,12.722657952069719,4.451182753498172,11.320759414877063,-0.18232570806100412,0.1777112079399643,0.2712418300653585,0.4798048688074257,0.9321895424836573
437,2025-10-21 21:00:00,21,1,0,0,6.0,study,0,0,4,marcus,party procrastinator,9.8,walk,0,0,2.7,3.5,9.6,47,7.417760180995476,5.697420254418219,6.605074337427278,-0.6033991833131003,-0.6521796711179775,0.028015837104072183,-2.559496744288711,-0.03510650038627183
437,2025-10-21 21:00:00,21,1,0,0,6.0,study,0,0,4,priya,overbooked,13.4,walk,1,0,15.5,14.5,13.8,43,10.604656862745097,6.799089271879548,14.229901960784314,-0.07159512453630157,4.916835699797161,0.23309393524852062,-0.7089670014347185,0.43005738880918365
686,2025-10-21 21:00:00,21,1,0,0,168.0,hangout,0,0,3,jake,chronically late,17.7,transit,1,1,11.5,10.0,19.6,50,12.706827717736811,4.4124297161541275,11.35909363363909,-0.1913609228908566,0.8381348295972764,0.2563835028607748,0.45985608202242645,-1.0312184784912084
686,2025-10-21 21:00:00,21,1,0,0,168.0,hangout,0,0,3,omar,average,28.6,transit,0,1,2.3,4.0,20.1,40,6.43056721056721,2.7496352030769464,5.823019203019203,-0.35409954243287434,-0.12290551199642064,-0.3844399460188921,-0.2578806378806364,0.3888817165740246
686,2025-10-21 21:00:00,21,1,0,0,168.0,hangout,0,0,3,zoe,forgets far-off plans,14.5,walk,0,1,8.7,11.0,13.9,41,6.92120705381575,4.918408645588228,8.2346305868045,-0.6038917604134992,-0.19326162967467386,-0.1454500960333407,-0.6078903362084143,4.825861964122832
373,2025-10-22 10:00:00,10,2,0,0,48.0,party,1,1,2,hana,steady,17.6,drive,0,0,5.9,6.5,14.0,42,5.5950797872340425,2.6219950947025032,6.598594224924012,-0.002002068557919401,-0.18256928891377378,-0.16836617504835516,1.4414893617021276,-0.24709603220241583
373,2025-10-22 10:00:00,10,2,0,0,48.0,party,1,1,2,marcus,party procrastinator,31.0,transit,0,0,14.4,16.5,45.3,48,7.333372641509434,5.677475903858059,6.180963611859838,1.5333063089622643,-0.6746378032345008,0.011075656677765444,6.545806308962264,-0.07225685085354971
425,2025-10-22 20:00:00,20,2,0,0,24.0,hangout,0,0,3,jake,chronically late,21.6,transit,0,0,8.2,10.0,29.5,51,12.686166886109286,4.375369704816435,11.36747625317408,-0.1973374949057991,0.17412593633791573,0.24507463288145814,0.44364216452709826,0.9189627679028547
425,2025-10-22 20:00:00,20,2,0,0,24.0,hangout,0,0,3,marcus,party procrastinator,18.2,transit,0,0,2.0,3.0,21.6,49,7.465284178187403,5.708315394206372,7.661509765196401,-0.743226537926998,-0.6111813667702641,0.02753160817676914,-2.652750347450808,-0.022809273747008696
425,2025-10-22 20:00:00,20,2,0,0,24.0,hangout,0,0,3,omar,average,33.7,drive,0,0,9.9,4.0,33.5,41,6.3418553396113,2.7841695778011797,5.511958668460371,-0.3794424558800431,-0.16511190731552006,-0.4031559370970301,-0.26954657919138025,-0.23079380723139487
127,2025-10-23 11:00:00,11,3,0,0,2.0,food,0,0,3,ethan,improving,5.2,walk,0,0,14.6,12.3,5.2,44,15.426343809835144,3.520392187956449,15.850383945667184,0.5319491663942468,0.1299223642743641,0.8699979086251961,0.3884261637530706,0.8993770776461201
127,2025-10-23 11:00:00,11,3,0,0,2.0,food,0,0,3,hana,steady,39.5,drive,1,0,4.2,3.0,46.2,43,5.601892639206713,2.5926759596395392,6.629112182630489,-0.3133790157939611,-0.25835955377574393,-0.163904568183745,-0.7554961470007227,-0.23848571299530352
127,2025-10-23 11:00:00,11,3,0,0,2.0,food,0,0,3,marcus,party procrastinator,22.2,transit,1,0,3.5,3.0,30.1,50,7.3652881214894945,5.702050157618748,7.275796606139856,-0.7646732236418794,1.6363644164759732,0.014456040915173496,-2.629789502711647,-0.057869016774780846
604,2025-10-23 15:00:00,15,3,0,0,48.0,food,0,0,2,marcus,party procrastinator,32.1,drive,0,0,2.4,3.0,30.6,51,7.2961038961038955,5.670814683732799,7.527458256029685,-0.7738193624557255,-0.5715466351829983,0.005387205387205718,-2.5965466351829987,-0.0809812409812416
604,2025-10-23 15:00:00,15,3,0,0,48.0,food,0,0,2,zoe,forgets far-off plans,11.4,walk,0,0,5.1,2.0,10.7,42,6.959187620889749,4.867887275873615,8.016910748825643,-0.5704115624328399,-0.1728109153641073,-0.13309385649811212,-0.5798045925705511,-2.1509671179883956
353,2025-10-23 22:00:00,22,3,0,0,48.0,food,0,0,6,jake,chronically late,8.8,walk,1,0,10.2,11.5,9.3,52,12.605132174327224,4.38662024002278,10.158609192664922,-0.22546564242870915,0.8334370286576132,0.22338104310549944,0.41579968019596336,0.8736865402735603
353,2025-10-23 22:00:00,22,3,0,0,48.0,food,0,0,6,leo,rain hater,28.7,transit,0,0,6.1,3.5,19.0,34,7.453654716324399,6.157863428732438,8.058187061806972,-3.5317980401081686,0.6266038331012886,0.026568893989709075,-0.4577711668987119,-0.4296461668987117
353,2025-10-23 22:00:00,22,3,0,0,48.0,food,0,0,6,marcus,party procrastinator,10.1,walk,0,0,7.0,4.5,9.4,52,7.208640946257045,5.655495246155719,5.631040270359156,-0.7876808411173721,-0.5899030633395954,-0.004219042051859745,-2.569903063339596,-0.10770171296823783
353,2025-10-23 22:00:00,22,3,0,0,48.0,food,0,0,6,maya,always early,23.3,drive,0,0,-2.1,-1.5,30.3,46,0.035147724248070195,1.7710174577171036,-0.2471006502148371,-1.2719327625469496,-0.6802660958802826,-0.6888554131578499,-1.1040321481202569,-0.7870518621649842
353,2025-10-23 22:00:00,22,3,0,0,48.0,food,0,0,6,omar,average,17.9,drive,1,0,3.5,5.5,12.2,42,6.414734764609608,2.8088144786564677,6.075638504174174,-0.3391117692662382,-0.12216571619501781,-0.36789291903340615,-0.24715126863124226,-0.19437492716097537
353,2025-10-23 22:00:00,22,3,0,0,48.0,food,0,0,6,zoe,forgets far-off plans,29.3,drive,0,0,3.5,3.5,27.3,43,6.918594457013576,4.818353230398686,7.962455559146735,-0.5701357466063355,-0.18193729161705274,-0.13736254340734444,-0.576270149886879,-2.1079735844441743
129,2025-10-24 14:00:00,14,4,0,0,6.0,food,0,0,2,hana,steady,9.9,walk,0,0,2.2,3.0,10.1,44,5.567205721574344,2.568849470737004,6.6049159204498125,-0.3147477613494374,-0.1457690906032738,-0.159900751838002,-0.7413050063775506,-0.23807678291096668
129,2025-10-24 14:00:00,14,4,0,0,6.0,food,0,0,2,sofia,morning struggler,27.7,drive,0,0,12.9,1.0,26.6,40,3.4242906746031747,2.815180944450996,3.006940192743764,-0.5266708754208755,-0.4122491496598637,-0.7488030979437235,-0.7345216645216648,-0.5186123829873837
288,2025-10-24 16:00:00,16,4,0,0,24.0,study,0,0,3,jake,chronically late,24.2,transit,1,0,7.0,10.0,25.3,53,12.56019157088123,4.362659119026107,10.460054734537493,-0.23516980146290756,0.7398467432950149,0.2123762301855603,0.3998275862068965,0.8440841281486904
288,2025-10-24 16:00:00,16,4,0,0,24.0,study,0,0,3,maya,always early,36.4,drive,0,0,-3.6,-3.0,40.2,47,-0.009786324786324813,1.76215689474122,-1.0456532356532358,-1.2564010164010162,-0.6807253407253406,-0.678733084045584,-1.0889977614977615,-0.7814369658119658
288,2025-10-24 16:00:00,16,4,0,0,24.0,study,0,0,3,priya,overbooked,5.5,walk,1,0,12.2,14.0,5.1,44,10.70390022675737,6.755519246457388,15.258257207644963,-0.02707124955245277,4.833416477702192,0.25108843537415027,-0.6629597235719675,0.44894503833279487
419,2025-10-24 22:00:00,22,4,0,0,2.0,hangout,0,0,2,ethan,improving,37.7,transit,0,0,9.8,12.3,32.7,45,15.402207505518762,3.4901130195007855,16.25777357300536,0.5200129219835237,0.11816041206770045,0.8554741440045088,0.3764691844162069,0.8824822173166549
419,2025-10-24 22:00:00,22,4,0,0,2.0,hangout,0,0,2,jake,chronically late,24.3,transit,0,0,7.4,10.0,30.5,54,12.464582631795565,4.397728634963326,10.48988075194159,-0.26851789492939204,0.24391508291437702,0.18778108280016426,0.36919997916478664,0.7963113923498071
23,2025-10-25 17:00:00,17,5,1,0,6.0,food,0,0,6,ethan,improving,23.9,transit,0,0,15.3,13.7,25.7,46,15.292781728075843,3.5784642554063844,15.7979376365931,0.47064466812366135,0.025408873226712814,0.8189663685987245,0.31416323614466535,0.8390423728019645
23,2025-10-25 17:00:00,17,5,1,0,6.0,food,0,0,6,hana,steady,15.8,drive,0,0,4.4,4.5,16.4,45,5.498637362637362,2.581755551634403,5.8138963893249604,-0.3404932844932844,-0.1663076923076927,-0.1668674304418989,-0.7451450013401226,-0.25630769230769346
23,2025-10-25 17:00:00,17,5,1,0,6.0,food,0,0,6,leo,rain hater,18.9,drive,0,0,3.6,3.5,16.9,35,7.413296703296703,6.073242754165225,8.446656200941916,-3.4182417582417584,0.6008391608391612,0.025294968189704115,-0.4506759906759914,-0.42340326340326406
23,2025-10-25 17:00:00,17,5,1,0,6.0,food,0,0,6,marcus,party procrastinator,16.9,drive,1,0,3.4,4.5,18.3,53,7.20054945054945,5.6019315948563335,6.243014128728413,-0.7678810320114646,1.4290239172592125,-0.0005003924646782565,-2.511359292881032,-0.10261865793780789
23,2025-10-25 17:00:00,17,5,1,0,6.0,food,0,0,6,omar,average,34.8,drive,0,0,4.8,5.5,31.1,43,6.348580586080586,2.8070509228941556,5.685308738880168,-0.34748051094204957,-0.06449764521193035,-0.37192441704636714,-0.24762718762718716,-0.20645486991640905
23,2025-10-25 17:00:00,17,5,1,0,6.0,food,0,0,6,priya,overbooked,34.8,drive,1,0,14.7,15.5,30.4,45,10.732637362637362,6.682178250603579,14.109324960753531,-0.01306846999154665,4.701658986175117,0.2532112332112355,-0.6381446460516216,0.4479018655762861
693,2025-10-25 17:00:00,17,5,1,0,6.0,hangout,0,0,6,ethan,improving,13.4,walk,0,0,16.9,13.7,12.4,47,15.293012681461702,3.542197285808478,15.798003623274772,0.4596632117315167,0.024645550016689555,0.8021926941976556,0.3060915084692848,0.8211376038001799
693,2025-10-25 17:00:00,17,5,1,0,6.0,hangout,0,0,6,leo,rain hater,22.6,drive,0,0,1.3,3.5,16.9,36,7.320406327707529,6.020479452627189,8.862973236487866,-3.3560480549026135,0.550241661661226,0.007850893793436065,-0.47034657363289245,-0.4438759853975984
693,2025-10-25 17:00:00,17,5,1,0,6.0,hangout,0,0,6,marcus,party procrastinator,38.7,transit,0,0,5.8,4.5,38.5,54,7.1362145667120105,5.572926238405688,4.653204161917718,-0.7749151447213709,-0.5170608094607045,-0.008476446824993822,-2.481298123444775,-0.12202554934617815
693,2025-10-25 17:00:00,17,5,1,0,6.0,hangout,0,0,6,maya,always early,30.6,transit,0,0,-0.8,-1.5,33.8,48,-0.07855359554700603,1.7882319305671734,-1.336729598727716,-1.258098193340758,-0.6975718775512842,-0.6764008529781987,-1.08639449695846,-0.7895626965928729
693,2025-10-25 17:00:00,17,5,1,0,6.0,hangout,0,0,6,priya,overbooked,19.4,drive,1,0,14.0,15.5,24.0,46,10.810522734039386,6.630222377210778,13.503006495439825,0.018292607715535425,4.612996443154268,0.2645340848779387,-0.6025087869894552,0.4588548493741804
693,2025-10-25 17:00:00,17,5,1,0,6.0,hangout,0,0,6,zoe,forgets far-off plans,13.0,walk,0,0,2.0,3.5,12.8,44,6.8436052946124235,4.789071581378821,7.455315798460693,-0.5799730190055259,-0.1995533337646771,-0.14546832931555542,-0.5797509903913962,-2.0773414400581585
179,2025-10-26 15:00:00,15,6,1,0,24.0,party,1,0,6,ethan,improving,37.9,drive,0,0,15.1,15.7,29.2,48,15.32200719162862,3.506927667726648,15.663430626179606,0.4600390801473573,0.04799389801208065,0.7921935275342395,1.4452170282682193,0.8115352241660272
179,2025-10-26 15:00:00,15,6,1,0,24.0,party,1,0,6,jake,chronically late,14.6,walk,0,0,10.4,13.5,14.4,55,12.379439685938618,4.419381056847196,9.86555419598246,-0.2968918939887697,0.18202694046376777,0.1657904731121942,0.4664986548070029,0.7531562003816497
179,2025-10-26 15:00:00,15,6,1,0,24.0,party,1,0,6,marcus,party procrastinator,21.6,drive,0,0,14.8,16.5,23.9,55,7.112773019271947,5.524723096161129,5.189363719791985,-0.7656091630977855,-0.5135418470089741,-0.009947758989884647,6.73216022169039,-0.12575536424419997
179,2025-10-26 15:00:00,15,6,1,0,24.0,party,1,0,6,priya,overbooked,11.2,walk,1,0,15.7,17.5,11.2,47,10.870507329929172,6.5721306868857035,13.234430665694049,0.04296917372072606,4.518963477635854,0.2731636626164846,3.5005373908746495,0.466215706729626
179,2025-10-26 15:00:00,15,6,1,0,24.0,party,1,0,6,sofia,morning struggler,26.8,drive,0,0,5.1,4.5,26.3,41,3.6275300251373244,3.180042614360587,4.793580007182093,-0.40583443320536494,-0.31259529942380704,-0.7022489112331769,0.34459690760780015,-0.4465887719951591
179,2025-10-26 15:00:00,15,6,1,0,24.0,party,1,0,6,zoe,forgets far-off plans,27.7,transit,1,0,9.6,5.5,34.8,45,6.7453276231263395,4.787141212420448,5.512950749464669,-0.6036189534947569,0.32311491791577396,-0.16251344277896784,1.5874906934607136,-2.062593312469117
517,2025-10-28 08:00:00,8,1,0,1,48.0,study,0,1,5,ethan,improving,39.2,transit,0,0,17.7,14.6,29.2,49,15.322793829770573,3.473982551603607,14.620798237077308,1.3067753951474916,0.039381733430984056,-0.13354768616396662,0.3125553989507477,0.7897361528590761
517,2025-10-28 08:00:00,8,1,0,1,48.0,study,0,1,5,jake,chronically late,12.8,walk,0,0,14.8,12.5,13.0,56,12.351325685370671,4.3913844075992845,9.700378767248763,1.993760021305821,0.15259002530066113,1.2700600168671077,0.3670710151457417,0.7238068831663949
517,2025-10-28 08:00:00,8,1,0,1,48.0,study,0,1,5,omar,average,5.1,walk,0,0,4.1,6.5,5.4,44,6.32103809811451,2.782802113572897,5.848868028032718,0.5293326512121004,-0.08200502893193828,0.7543944427665359,-0.25136004397162726,-0.2159083358501963
517,2025-10-28 08:00:00,8,1,0,1,48.0,study,0,1,5,sofia,morning struggler,11.9,walk,0,0,18.2,18.5,12.4,42,3.6644865278215106,3.156112918264248,5.06128186509186,-0.38669637257988976,-0.29631267271049566,1.939252245363082,-0.6744225110028905,-0.4322320732091316
517,2025-10-28 08:00:00,8,1,0,1,48.0,study,0,1,5,zoe,forgets far-off plans,19.9,transit,0,0,2.7,4.5,21.1,46,6.806487584462962,4.754339376943248,6.073282166989417,1.158039785681713,-0.2831766364050914,0.2667562077685197,-0.6485723958364193,-1.9931766364050922
340,2025-10-28 14:00:00,14,1,0,0,48.0,party,1,0,6,ethan,improving,32.7,drive,0,0,15.9,15.6,31.2,50,15.369661468238874,3.446317454907484,15.077046133782535,0.4025231393432236,0.06600445579525172,0.7293249502159185,1.32235470761346,0.7793046785850137
340,2025-10-28 14:00:00,14,1,0,0,48.0,party,1,0,6,hana,steady,38.7,transit,0,0,5.6,6.5,66.9,46,5.484929034375257,2.5566326506553456,5.938551152678644,-0.3491278135137357,-0.17701085945144523,-0.173998926627835,1.431117049330192,-0.2648157375002258
340,2025-10-28 14:00:00,14,1,0,0,48.0,party,1,0,6,jake,chronically late,11.2,walk,0,0,13.6,13.5,11.5,57,12.394054528276419,4.360847376718041,10.65544415093612,-0.3457508550555257,0.17107407273289787,0.11280237248991476,0.2823935175365886,0.7190880725349924
340,2025-10-28 14:00:00,14,1,0,0,48.0,party,1,0,6,marcus,party procrastinator,36.8,transit,0,0,14.8,16.5,57.8,56,7.246416077920296,5.570118607446381,6.841833165120085,-0.7131083148672035,-0.46241440313693083,-0.0018045458931528202,6.688699499279789,-0.08977447012826811
340,2025-10-28 14:00:00,14,1,0,0,48.0,party,1,0,6,omar,average,32.4,drive,0,0,8.6,7.5,36.6,45,6.280627615062762,2.7685446548995443,5.308750747160789,-0.31804916317991516,-0.1048671265407668,-0.34007670850766925,0.6197646443514646,-0.22933156444535197
340,2025-10-28 14:00:00,14,1,0,0,48.0,party,1,0,6,priya,overbooked,25.7,drive,0,0,5.6,5.5,25.0,48,10.970403410436571,6.53475450901222,13.43440097441045,0.06893032890111606,-5.6140693665956185,0.27859694481723984,3.5412902089621117,0.47203174287175287
505,2025-10-28 21:00:00,21,1,0,0,96.0,study,0,0,2,leo,rain hater,18.5,transit,0,1,1.5,2.0,11.5,37,7.190854978354978,6.017160752449457,7.425958565244279,-3.3407075682937752,0.47355287569573346,-0.029498106060605878,-0.5178756957328385,1.2053345959595978
505,2025-10-28 21:00:00,21,1,0,0,96.0,study,0,0,2,zoe,forgets far-off plans,19.9,transit,0,1,10.8,11.0,21.1,47,6.734921328671329,4.739005287837629,5.195691808191809,-0.5080561625874127,-0.31358945932116633,-0.08764727120705373,-0.6657444299886164,4.76349158653846
417,2025-10-29 13:00:00,13,2,0,0,24.0,party,1,0,5,marcus,party procrastinator,6.2,walk,0,0,17.1,16.0,6.4,57,7.3706956060002655,5.610352410545526,8.648770173142932,-0.6596260454002385,-0.41042054416350293,0.01019569449975588,6.642645342947174,-0.05199995835318205
417,2025-10-29 13:00:00,13,2,0,0,24.0,party,1,0,5,omar,average,12.5,walk,0,0,7.2,7.0,12.7,46,6.329080932784637,2.762023894255545,6.222594552224182,-0.29626618488407175,-0.08314923110244887,-0.32104826618177196,0.787075140984606,-0.2113332026912289
417,2025-10-29 13:00:00,13,2,0,0,24.0,party,1,0,5,priya,overbooked,13.7,walk,1,0,17.3,17.0,14.7,49,10.873761621704011,6.5179315663309625,11.99250332048686,0.027838566866222436,4.525320969723047,0.2500916050004811,2.966867528904565,0.43408535932833203
417,2025-10-29 13:00:00,13,2,0,0,24.0,party,1,0,5,sofia,morning struggler,10.2,walk,0,0,4.2,4.0,9.7,43,3.9746484910836757,3.8533599507028806,7.107042426023908,-0.6496987066431505,-0.17535263699371795,-0.9643606116180594,0.20201168430335104,-0.3490950992880002
417,2025-10-29 13:00:00,13,2,0,0,24.0,party,1,0,5,zoe,forgets far-off plans,31.0,drive,0,0,2.8,5.0,31.7,48,6.811002407019178,4.727093433219708,6.031714973434051,-0.4633191866509856,-0.2763592633264187,-0.06727874669798783,1.6357841669162418,-2.0486850403095236
329,2025-10-29 19:00:00,19,2,0,0,24.0,food,0,0,3,marcus,party procrastinator,26.6,drive,0,0,4.8,3.0,26.0,58,7.526731969094495,5.705075238071543,10.136209134026998,-0.5966602074185623,-0.3480587721850439,0.02627884804439784,-2.807280722313819,-0.004930818220024946
329,2025-10-29 19:00:00,19,2,0,0,24.0,food,0,0,3,priya,overbooked,23.5,transit,0,0,2.2,2.0,29.6,50,10.992438437326422,6.508805113075671,12.754982410664692,0.06806593055157961,-5.6219507498611385,0.2668054064062204,-0.6799452776234851,0.452607233228413
329,2025-10-29 19:00:00,19,2,0,0,24.0,food,0,0,3,zoe,forgets far-off plans,37.5,transit,1,0,2.9,2.0,42.3,49,6.738594704684317,4.7112349878105935,5.911027058481234,-0.4840000969838014,0.48596614052953147,-0.08457442294636675,-0.5614816700610996,-2.0316191446028515
63,2025-10-29 22:00:00,22,2,0,0,96.0,hangout,0,0,3,maya,always early,37.8,drive,0,1,-3.0,-3.0,36.7,49,-0.08242989953516268,1.7699278887462992,-1.1664085427243323,-1.2409585491231914,-0.6948047029693454,-0.6738130904183536,-1.0746644072301967,-0.359461247386944
63,2025-10-29 22:00:00,22,2,0,0,96.0,hangout,0,0,3,priya,overbooked,26.7,drive,0,1,2.0,2.0,27.8,51,10.833014025448238,6.56744677712116,10.92371829298521,0.012876421823788675,-5.615126712862038,0.23296774175257084,-0.7142081531169069,-0.36925818151147105
63,2025-10-29 22:00:00,22,2,0,0,96.0,hangout,0,0,3,zoe,forgets far-off plans,31.1,transit,0,1,8.7,11.0,36.5,50,6.666341553183657,4.693101320022826,6.018954729481045,-0.49816230281346385,-0.23537160513904531,-0.09630670081797721,-0.5700813806076956,4.770817727164476
184,2025-10-29 22:00:00,22,2,0,0,6.0,food,0,0,3,hana,steady,9.6,walk,0,0,4.3,3.0,10.5,47,5.486403033586132,2.529811391542228,4.753258009596038,-0.33819210811427247,-0.17135505339730717,-0.16942313219979255,-0.7427836248258775,-0.25706933911159346
184,2025-10-29 22:00:00,22,2,0,0,6.0,food,0,0,3,leo,rain hater,32.3,drive,0,0,3.8,2.0,29.1,38,7.0533245987553235,6.0051339992568415,6.115235599644378,-3.3044371656294365,0.42074826218291594,-0.04682159890711368,-0.5431406267059726,-0.3742782275045631
184,2025-10-29 22:00:00,22,2,0,0,6.0,food,0,0,3,marcus,party procrastinator,20.5,transit,0,0,1.5,3.0,15.3,59,7.479577464788733,5.667301900395037,10.322736418511068,-0.5950027085590452,-0.35216790941728693,0.025227169468423405,-2.7632940500143723,-0.013579590752059723
609,2025-10-30 08:00:00,8,3,0,1,6.0,hangout,0,0,4,hana,steady,33.9,drive,1,0,2.9,3.5,30.2,48,5.461471698113207,2.5070032118381236,4.517563342318058,-0.33820609579100047,-0.24098113207547112,-0.3355518867924525,-0.7310680122860891,-0.25664940763492794
609,2025-10-30 08:00:00,8,3,0,1,6.0,hangout,0,0,4,marcus,party procrastinator,30.1,transit,1,0,4.8,3.5,43.4,60,7.385507692307693,5.671451656224259,9.681573626373625,-0.6114031930333823,1.0049111111111104,-0.35300219780219777,-2.7429569230769237,-0.03870142450142566
609,2025-10-30 08:00:00,8,3,0,1,6.0,hangout,0,0,4,maya,always early,24.8,drive,0,0,0.9,-2.5,21.4,50,-0.14076363636363617,1.7771088880538526,-1.3830753246753245,-1.2318318181818182,-0.6993318181818184,-0.5707717171717173,-1.0637656565656566,-0.7331367965367966
609,2025-10-30 08:00:00,8,3,0,1,6.0,hangout,0,0,4,sofia,morning struggler,11.6,walk,0,0,18.3,16.5,11.2,44,3.972612244897959,3.81060056328298,7.277889212827988,-0.6236383219954647,-0.1633029827315542,3.65068221574344,-0.5530465724751439,-0.33393640246796474
210,2025-10-30 21:00:00,21,3,0,0,48.0,food,0,0,3,jake,chronically late,8.0,walk,1,0,12.1,10.0,8.2,58,12.409848198538675,4.324328008251556,11.145670913868193,-0.32757234452422956,0.6189687627187617,0.11831981951029569,0.35334502773855725,0.7141756667054278
210,2025-10-30 21:00:00,21,3,0,0,48.0,food,0,0,3,marcus,party procrastinator,20.2,transit,0,0,6.3,3.0,17.3,61,7.34576418951419,5.634170329546142,8.241646911289768,-0.6118971349295421,-0.33944070975320884,0.05310598425677693,-2.7040226023069165,-0.04887653592199026
210,2025-10-30 21:00:00,21,3,0,0,48.0,food,0,0,3,sofia,morning struggler,24.7,transit,0,0,-0.8,1.0,14.9,45,4.25840873015873,4.350151976910947,9.602402494331065,-0.4667318747318743,-0.051107638888888474,-1.1926205673758865,-0.43110763888888837,-0.2540441017316022
24,2025-11-02 19:00:00,19,6,1,0,48.0,hangout,0,0,5,ethan,improving,35.3,transit,1,0,22.2,13.0,26.3,51,15.374415328261483,3.4125196370089848,15.949832950931853,0.40106459872346,1.4364677373908155,0.721201530225196,0.31758654103869866,0.7701351941170937
24,2025-11-02 19:00:00,19,6,1,0,48.0,hangout,0,0,5,hana,steady,6.4,walk,0,0,3.5,4.0,6.7,49,5.412356636715611,2.5030876393191774,4.3178161819187455,-0.35081205712615926,-0.12952446965565656,-0.12312097304405079,-0.7291342916342911,-0.26549792799792815
24,2025-11-02 19:00:00,19,6,1,0,48.0,hangout,0,0,5,marcus,party procrastinator,30.7,transit,0,0,3.2,4.0,20.3,62,7.329362065412583,5.590024748688232,7.022674875832166,-0.6048746049205294,-0.33791281395856654,0.05105684594777493,-2.6573080206613717,-0.05174045242931591
24,2025-11-02 19:00:00,19,6,1,0,48.0,hangout,0,0,5,omar,average,24.4,transit,0,0,2.9,5.0,25.9,47,6.337831891973904,2.7364746199088272,5.8393805405639725,-0.2761852381674865,-0.06631498274648084,-0.3017146315223229,-0.30827530772136136,-0.19389795104670693
24,2025-11-02 19:00:00,19,6,1,0,48.0,hangout,0,0,5,zoe,forgets far-off plans,21.3,drive,0,0,2.1,3.0,25.8,51,6.695843899690052,4.6563256656235374,5.898812542768586,-0.4667707292707268,-0.20995254745254677,-0.08025950972104656,-0.5397739105933077,-2.035862050888883
492,2025-11-02 20:00:00,20,6,1,0,6.0,hangout,0,0,2,ethan,improving,29.6,transit,1,0,14.9,12.0,37.5,52,15.493414199561405,3.480798448666151,16.969546914160404,0.43141709826427643,1.5476269926619413,0.7286060079443875,0.36770653848162027,0.7790294734733454
492,2025-11-02 20:00:00,20,6,1,0,6.0,hangout,0,0,2,leo,rain hater,29.4,drive,0,0,1.7,2.0,26.7,39,6.973286576704546,5.948763262426883,4.320939021915585,-3.2356597094941355,0.3906710687960677,-0.05265722233495662,-0.5471667690417696,-0.3853301077178033
500,2025-11-03 12:00:00,12,0,0,0,168.0,food,0,0,6,hana,steady,16.0,drive,1,1,7.1,4.5,17.1,50,5.37704280155642,2.4891163090542796,4.493440800444691,-0.3578912403910026,-0.3279669260700384,-0.12635233081559427,-0.7240380458279283,0.05530479896238738
500,2025-11-03 12:00:00,12,0,0,0,168.0,food,0,0,6,jake,chronically late,17.7,drive,0,1,15.7,11.5,17.2,59,12.403708657587549,4.288528822326522,11.872488187882157,-0.32169757007861577,0.18720903974430136,0.11626532969705394,0.3466347366335203,-0.83379970209144
500,2025-11-03 12:00:00,12,0,0,0,168.0,food,0,0,6,marcus,party procrastinator,13.4,walk,1,1,2.5,4.5,13.5,63,7.268196383611811,5.569144831090305,5.019484681031946,-0.6121074207893269,0.9023816120755077,0.04320333820448141,-2.629687290818244,0.12186498626687925
500,2025-11-03 12:00:00,12,0,0,0,168.0,food,0,0,6,maya,always early,35.3,transit,0,1,-0.6,-1.5,49.4,51,-0.12433296275708715,1.7776410462605352,-1.2640951322163105,-1.190829593676704,-0.6713173985547529,-0.6800134061406664,-1.0326597505860746,-0.47131508245321485
500,2025-11-03 12:00:00,12,0,0,0,168.0,food,0,0,6,omar,average,36.6,transit,1,1,4.9,5.5,40.5,48,6.272402907275529,2.748481272549543,5.734972259221579,-0.2918909413132571,-0.17451321081010462,-0.31324702868935983,-0.3148609377676612,0.16774098818001715
500,2025-11-03 12:00:00,12,0,0,0,168.0,food,0,0,6,zoe,forgets far-off plans,14.3,walk,0,1,13.0,12.5,14.6,52,6.61469042255444,4.652599960294517,5.7899115493012685,-0.48639148671505783,-0.23528037560394655,-0.09560312622557277,-0.553553143559288,4.6560569170440145
489,2025-11-03 16:00:00,16,0,0,0,24.0,food,0,0,6,ethan,improving,26.1,drive,0,0,10.9,13.4,23.5,53,15.482858090185676,3.4526796544152214,16.680816597195907,0.4195229608753319,-0.018572244326554355,0.7137028440907756,0.3546835482080084,0.7626945598318429
489,2025-11-03 16:00:00,16,0,0,0,24.0,food,0,0,6,hana,steady,26.3,drive,0,0,3.8,4.5,18.4,51,5.40724587912088,2.4793774565579274,4.8877845368916795,-0.33495470303506014,-0.16551339285714306,-0.11808762151310326,-0.6977626313903489,-0.2975518925518932
489,2025-11-03 16:00:00,16,0,0,0,24.0,food,0,0,6,jake,chronically late,14.8,walk,0,0,9.5,11.5,15.3,60,12.453934911242603,4.268740056113357,13.072552831783602,-0.2945414201183425,0.21512728773909373,0.12623481781376533,0.35460462614308774,0.6549268728368869
489,2025-11-03 16:00:00,16,0,0,0,24.0,food,0,0,6,leo,rain hater,21.5,transit,0,0,4.2,3.5,22.2,40,6.85568376068376,5.929497765409816,3.6587667887667883,-3.2001081730769227,0.3437483130904182,-0.07013913734843946,-0.5694095816464246,-0.41572649572649567
489,2025-11-03 16:00:00,16,0,0,0,24.0,food,0,0,6,maya,always early,38.5,transit,0,0,-1.8,-1.5,39.9,52,-0.13323211875843455,1.7609043198506384,-1.0523520339309813,-1.16596218109376,-0.658819323950903,-0.6680402003529533,-1.0128564045137392,-0.6985390578413834
489,2025-11-03 16:00:00,16,0,0,0,24.0,food,0,0,6,omar,average,35.5,drive,0,0,5.8,5.5,45.8,49,6.246403133903133,2.7258370130856204,5.741829466829466,-0.2934027777777759,-0.07060274216524132,-0.31309844543540155,-0.31309669166811993,-0.1865845959595962
583,2025-11-04 21:00:00,21,1,0,0,24.0,food,0,0,5,hana,steady,34.7,drive,0,0,3.8,4.0,39.3,52,5.376806083650191,2.46281217046332,4.6219445953286264,-0.33764258555133164,-0.17049429657794768,-0.11861683047564409,-0.6899118194320852,-0.29889237890560505
583,2025-11-04 21:00:00,21,1,0,0,24.0,food,0,0,5,jake,chronically late,36.2,drive,0,0,10.3,11.0,43.1,61,12.407241617697894,4.254987430391175,12.930640462199397,-0.3045708708647652,0.18449038431322862,0.11579645279330641,0.33804781245370563,0.6304659394963572
583,2025-11-04 21:00:00,21,1,0,0,24.0,food,0,0,5,marcus,party procrastinator,9.0,walk,0,0,2.1,4.0,9.2,64,7.196781837218273,5.556622377496401,4.670509096348078,-0.6198711497429858,-0.28782055599435985,0.03630769590432248,-2.6044872226610254,-0.0023272900938628993
583,2025-11-04 21:00:00,21,1,0,0,24.0,food,0,0,5,omar,average,35.1,transit,0,0,9.6,5.0,35.6,50,6.235962668510195,2.6987767599414365,5.981703619574342,-0.2875223720090627,-0.07060136747236712,-0.3066049378176219,-0.30636640165917584,-0.18307792756461883
583,2025-11-04 21:00:00,21,1,0,0,24.0,food,0,0,5,sofia,morning struggler,11.2,walk,0,0,1.6,2.0,10.3,46,4.154469544471781,4.356400241298067,7.6155627269919375,-0.4973024991465467,-0.08197325856058857,-1.180045633589304,-0.4527049658776612,-0.2684173728638046
206,2025-11-04 22:00:00,22,1,0,0,6.0,study,0,1,2,hana,steady,28.4,transit,0,0,4.0,4.5,22.3,53,5.347886226378336,2.446491082903333,4.5422532075366675,0.1962943595106994,-0.175289897424169,-0.11937824245441586,-0.6824814111305928,-0.3002387554870234
206,2025-11-04 22:00:00,22,1,0,0,6.0,study,0,1,2,marcus,party procrastinator,15.7,transit,0,0,7.4,4.5,27.5,65,7.122534301856335,5.548828758550401,4.735009800530382,2.00762284574847,-0.30775845623303244,0.02840109380458511,-2.582303910778487,-0.022315827558375467
465,2025-11-05 17:00:00,17,2,0,0,96.0,food,0,0,2,jake,chronically late,11.9,walk,1,1,12.2,10.0,11.0,62,12.373758785808295,4.232266977272284,12.278216795945228,-0.3089742871728838,0.6139743226747232,0.10876314519240715,0.3256937392626078,-0.5697120840999759
465,2025-11-05 17:00:00,17,2,0,0,96.0,food,0,0,2,sofia,morning struggler,11.6,walk,0,1,2.2,1.0,11.4,47,4.102727666329917,4.321254072455628,7.10077933323712,-0.5049420680824914,-0.09526008700492739,-1.1616330065003337,-0.4571648489096889,-0.4469423634526817
360,2025-11-06 17:00:00,17,3,0,0,48.0,hangout,0,1,2,jake,chronically late,8.5,walk,0,0,12.9,11.5,8.3,63,12.371096756459595,4.199125873354732,12.077456216131312,2.001677432655306,0.16569177203591678,0.10649463991203767,0.3195150328903704,0.6135484032185481
360,2025-11-06 17:00:00,17,3,0,0,48.0,hangout,0,1,2,omar,average,32.6,drive,0,0,3.1,5.5,27.2,51,6.2934746328437905,2.7159418015268746,6.1409927522410825,0.36435024477080624,-0.0394895575052443,-0.28165435858922905,-0.2862712374669476,-0.15722739014337872
434,2025-11-07 08:00:00,8,4,0,1,48.0,hangout,0,0,5,ethan,improving,7.3,walk,0,0,11.9,12.8,7.3,54,15.400716472556262,3.4950194820198375,16.057347563587506,0.39119337158213163,-0.07088992221082258,0.11079267886388422,0.315274035688768,0.7382387563841348
434,2025-11-07 08:00:00,8,4,0,1,48.0,hangout,0,0,5,maya,always early,22.8,transit,0,0,-0.8,-2.0,27.4,53,-0.16651255377897642,1.7486912158286056,-0.804717872508279,-1.1481982082883462,-0.6528493710790442,-0.39674372311051176,-0.9966658372396668,-0.6910456909686344
434,2025-11-07 08:00:00,8,4,0,1,48.0,hangout,0,0,5,omar,average,28.1,drive,0,0,5.2,5.0,21.6,52,6.2375837172073565,2.72247385760184,5.539309633487817,-0.20958548707612223,-0.0634460756716182,0.5768715586416269,-0.291662205937417,-0.17188332175976573
434,2025-11-07 08:00:00,8,4,0,1,48.0,hangout,0,0,5,sofia,morning struggler,13.0,walk,1,0,15.7,17.0,14.2,48,4.066835318506026,4.281598221848161,4.8048100910017215,-0.5084809036927731,-0.8712235456706838,4.949936755560239,-0.45906376984253505,-0.24000539258145803
434,2025-11-07 08:00:00,8,4,0,1,48.0,hangout,0,0,5,zoe,forgets far-off plans,12.7,walk,0,0,3.8,3.0,13.2,53,6.719694342772747,4.692194498658719,6.134198383649356,-0.4305971316017967,-0.18494495768875296,-0.08346964151240677,-0.5030595154005866,-2.1151836220031166
188,2025-11-07 15:00:00,15,4,0,0,48.0,party,1,0,4,hana,steady,33.2,drive,1,0,4.8,5.5,38.0,54,5.324110325849022,2.428565146214973,4.692602950242578,-0.3190977888207227,-0.16996023001107385,-0.12010029622638374,1.4505931161006522,-0.3007655002397476
188,2025-11-07 15:00:00,15,4,0,0,48.0,party,1,0,4,marcus,party procrastinator,10.5,walk,0,0,14.8,15.5,10.6,66,7.125669144015384,5.5067651856527675,5.1073340411472525,-0.6320769764278493,-0.30016297044258167,0.02915946951515913,6.980748141988463,-0.02010396231916456
188,2025-11-07 15:00:00,15,4,0,0,48.0,party,1,0,4,maya,always early,20.0,drive,0,0,-1.2,-0.5,21.0,54,-0.1775845894052161,1.7324744627440707,-0.8078813112586332,-1.1266863866635584,-0.6425954775726495,-0.6467158435575402,0.6117230596034775,-0.6799248094175858
188,2025-11-07 15:00:00,15,4,0,0,48.0,party,1,0,4,priya,overbooked,28.0,drive,0,0,13.0,4.5,20.0,52,10.665307179387584,6.6239412462019995,9.16151633696788,-0.029947703367193768,-5.597657701723217,0.21020312632276195,3.3364618804082777,0.5576833491213531
592,2025-11-07 22:00:00,22,4,0,0,6.0,study,0,1,4,leo,rain hater,8.6,walk,0,0,12.0,12.0,9.0,41,6.792005096352922,5.870012723612428,3.726287170386549,5.5168852081895565,0.3223545313846321,-0.07245906267645363,-0.5673890583589589,-0.4193728468328013
592,2025-11-07 22:00:00,22,4,0,0,6.0,study,0,1,4,maya,always early,38.1,drive,1,0,0.3,-1.0,40.1,55,-0.1944627594627594,1.7171319543821697,-0.5555607884179313,0.5508470695970695,-0.5141529304029304,-0.6383578664134221,-0.9641558894620118,-0.6723266709136276
592,2025-11-07 22:00:00,22,4,0,0,6.0,study,0,1,4,omar,average,28.8,transit,0,0,4.3,6.0,25.6,53,6.2195212833143865,2.6994943028134055,5.862720366661253,0.19282911772135858,-0.06957568293775207,-0.2746721727721013,-0.28937776602057586,-0.17373781630247187
592,2025-11-07 22:00:00,22,4,0,0,6.0,study,0,1,4,zoe,forgets far-off plans,35.3,transit,0,0,2.9,4.0,44.8,54,6.670037871732787,4.664261578944469,6.2628679633522255,0.9446791493650908,-0.19875724708036202,-0.020995768681556726,-0.5077891093110747,-2.0889225526513666
96,2025-11-08 09:00:00,9,5,1,1,96.0,hangout,0,0,4,ethan,improving,9.2,walk,1,1,10.1,12.3,8.6,55,15.340560606060608,3.5087866095096722,15.211588744588743,0.36749545454545185,1.592876543209874,-0.22028030303030377,0.28394612794612506,-0.05028030303030384
96,2025-11-08 09:00:00,9,5,1,1,96.0,hangout,0,0,4,hana,steady,6.2,walk,0,1,4.7,3.5,6.4,55,5.31389393939394,2.4067535831317164,4.875398268398269,-0.3145723905723905,-0.1698626692456484,-0.5172861952861956,-0.6655374149659865,0.202947916666667
96,2025-11-08 09:00:00,9,5,1,1,96.0,hangout,0,0,4,priya,overbooked,14.7,walk,1,1,15.7,14.5,14.1,53,10.704028213166147,6.5670130483621305,8.786865203761755,-0.014237977722938666,4.725118674429018,0.4279858934169276,-0.7716847862335783,-0.9409404388714755
96,2025-11-08 09:00:00,9,5,1,1,96.0,hangout,0,0,4,sofia,morning struggler,23.6,drive,0,1,19.0,16.5,21.6,49,4.280252525252525,4.564729968296616,6.508643578643579,-0.39973392461197355,-0.2941766502231622,5.5976655443322105,-0.3734056473829206,-0.6718139730639727
458,2025-11-08 15:00:00,15,5,1,0,6.0,food,0,0,6,ethan,improving,37.7,drive,0,0,17.6,13.3,40.9,56,15.257495413386993,3.565398033565832,14.359284403824855,0.3324551173372221,-0.036772332678179254,0.8222768969209167,0.2378845228507256,0.7913678060118219
458,2025-11-08 15:00:00,15,5,1,0,6.0,food,0,0,6,hana,steady,16.4,drive,0,0,4.2,4.5,17.6,56,5.3066757412558445,2.38578312026445,4.530478783215956,-0.31464576938020894,-0.1726470182083606,-0.11143683578657182,-0.6580081671302596,-0.28966801255626784
458,2025-11-08 15:00:00,15,5,1,0,6.0,food,0,0,6,marcus,party procrastinator,27.5,drive,1,0,3.2,4.5,30.7,67,7.2334336141195354,5.54487475053395,6.352409604034152,-0.5899222908890653,0.6449247894103491,0.040003604294923,-2.6322341842874346,0.009352520390425667
458,2025-11-08 15:00:00,15,5,1,0,6.0,food,0,0,6,priya,overbooked,15.0,transit,1,0,14.8,15.5,15.1,54,10.791647800281469,6.536706790524945,10.254756514366134,0.01164884558118473,4.657192171979846,0.1358661431413104,-0.7300178210854824,0.47951697974667873
458,2025-11-08 15:00:00,15,5,1,0,6.0,food,0,0,6,sofia,morning struggler,23.1,transit,0,0,6.8,2.5,36.5,50,4.551040367574664,4.986229437159906,6.686011533592762,-0.2782974666729183,-0.19296759853208822,-1.5799363308171972,-0.27870254895525637,-0.42007862634331605
458,2025-11-08 15:00:00,15,5,1,0,6.0,food,0,0,6,zoe,forgets far-off plans,12.4,walk,0,0,5.5,3.5,12.2,55,6.608453670276774,4.6478182920627455,6.245272477221936,-0.38415008833243647,-0.21798974628961076,-0.03595804100538036,-0.5176083032490979,-2.0705782713336465
263,2025-11-09 19:00:00,19,6,1,0,24.0,study,0,0,3,ethan,improving,19.9,transit,1,0,10.6,11.7,15.3,57,15.296212557603686,3.5406890454528366,13.713203587886769,0.33611557293512995,1.3852539705398268,0.8141635636109275,0.24806537405628148,0.7838064207537858
263,2025-11-09 19:00:00,19,6,1,0,24.0,study,0,0,3,hana,steady,11.7,walk,1,0,4.3,3.0,11.4,57,5.289760944700462,2.3677243939669994,4.582788841342989,-0.3163821207961579,-0.16482734895033424,-0.11346612498989561,-0.6515490873768872,-0.29078485023041534
263,2025-11-09 19:00:00,19,6,1,0,24.0,study,0,0,3,zoe,forgets far-off plans,8.7,walk,0,0,0.9,2.0,8.7,56,6.59123243559719,4.608106211573563,5.783209267313483,-0.3838123902224826,-0.22069851359747705,-0.040192395264116776,-0.5136606281857015,-2.0347183467038716
598,2025-11-10 10:00:00,10,0,0,0,2.0,hangout,0,1,6,ethan,improving,23.6,transit,0,0,16.3,14.7,38.6,58,15.22067721108574,3.5789635902729446,13.077336346024497,1.4462151926095075,0.05633268777140543,0.7863997372551133,0.2127266650690256,0.7565751758516068
598,2025-11-10 10:00:00,10,0,0,0,2.0,hangout,0,1,6,jake,chronically late,15.5,drive,1,0,9.3,13.0,15.5,64,12.379748757947848,4.166232138800598,12.194213930842242,1.9249533272778319,0.5809206631142683,0.10547655008066492,0.315145204590106,0.6041573811546375
598,2025-11-10 10:00:00,10,0,0,0,2.0,hangout,0,1,6,marcus,party procrastinator,15.6,drive,0,0,7.7,6.0,19.3,68,7.178118689019198,5.525035815381261,6.33660533971977,1.871358724597246,-0.2081082777017249,0.033175503053601396,-2.606353891736812,-0.006141747296312339
598,2025-11-10 10:00:00,10,0,0,0,2.0,hangout,0,1,6,omar,average,36.3,transit,0,0,8.2,7.0,25.1,54,6.1881807508203615,2.6852547883699325,5.768051643091532,0.09069594059739128,-0.08282733406254383,-0.27936267573832474,-0.29112697759625306,-0.18122353134889657
598,2025-11-10 10:00:00,10,0,0,0,2.0,hangout,0,1,6,priya,overbooked,17.3,drive,0,0,3.2,5.0,19.3,55,10.858377738306693,6.495979684860144,9.916679353801912,0.9161153049141486,-5.472953142180498,0.147027607832813,-0.6932371527651942,0.48852203995866894
598,2025-11-10 10:00:00,10,0,0,0,2.0,hangout,0,1,6,zoe,forgets far-off plans,8.5,walk,0,0,8.2,5.0,7.5,57,6.498430069329055,4.626297493793201,5.5852657340940155,0.8066893943734597,-0.24658706239615125,-0.05857279029914153,-0.5293502549704945,-2.027760270440612
92,2025-11-11 14:00:00,14,1,0,0,2.0,food,0,0,6,ethan,improving,37.6,transit,1,0,12.6,13.2,36.5,59,15.238543497363796,3.5489226610349607,13.85386957067537,0.29339456842524214,1.2232743470092728,0.775124045512392,0.2143691044080196,0.7458137006848062
92,2025-11-11 14:00:00,14,1,0,0,2.0,food,0,0,6,hana,steady,24.5,drive,0,0,6.6,4.5,31.0,58,5.274075933829888,2.3494528419105323,4.649735981094254,-0.3163596907226083,-0.1624355324186748,-0.11424180160317299,-0.643876324807783,-0.29034299914068296
92,2025-11-11 14:00:00,14,1,0,0,2.0,food,0,0,6,jake,chronically late,29.2,transit,0,0,10.6,11.5,35.6,65,12.336668340446899,4.155848520227479,11.26761952584197,-0.2728317045556796,0.20427387047124412,0.09370813862140004,0.29805402125701086,0.5788288823993195
92,2025-11-11 14:00:00,14,1,0,0,2.0,food,0,0,6,leo,rain hater,28.9,transit,0,0,4.5,3.5,54.4,42,6.905676251729424,5.855828830534326,5.2873360719226925,-3.226028334800723,0.3450332797367528,-0.05615666820393184,-0.5224667202632469,-0.37417929637949765
92,2025-11-11 14:00:00,14,1,0,0,2.0,food,0,0,6,marcus,party procrastinator,8.8,walk,1,0,3.8,4.5,8.4,69,7.186037619341661,5.485251271955382,7.081725034097618,-0.6038678177298547,0.4582570519301621,0.032697424273947284,-2.559655065950139,-0.004905553265720286
92,2025-11-11 14:00:00,14,1,0,0,2.0,food,0,0,6,zoe,forgets far-off plans,8.4,walk,0,0,1.2,3.5,8.6,58,6.52645688621084,4.592211845221342,4.907559110345955,-0.433961285577082,-0.23366699540585678,-0.0526660927991589,-0.51264019883246,-1.9768184284342238
351,2025-11-11 19:00:00,19,1,0,0,6.0,food,0,0,5,ethan,improving,12.8,walk,0,0,20.4,12.7,12.7,60,15.197096989966557,3.544258267489358,13.942027711419017,0.27670828688219906,0.10254013377925908,0.7551993651153541,0.19461270903009975,0.7263858057933206
351,2025-11-11 19:00:00,19,1,0,0,6.0,food,0,0,5,jake,chronically late,29.1,transit,0,0,19.3,11.0,41.9,66,12.311426821800369,4.13221486911292,11.417550520514393,-0.27703544941144465,0.18553347839116086,0.0878927672314056,0.2878704586750711,0.5619720421479375
351,2025-11-11 19:00:00,19,1,0,0,6.0,food,0,0,5,leo,rain hater,28.2,drive,0,0,3.3,3.0,24.2,43,6.854402173913042,5.797903427412062,5.701257763975155,-3.1581665601023,0.32296394485684043,-0.061532372400754376,-0.5233775185577949,-0.3801019021739114
351,2025-11-11 19:00:00,19,1,0,0,6.0,food,0,0,5,marcus,party procrastinator,9.1,walk,1,0,3.8,4.0,8.7,70,7.140150724637682,5.460463649298118,7.311471635610766,-0.6073514849132824,0.3189744400527008,0.027915297906602632,-2.5316633750921156,-0.01632923855532553
351,2025-11-11 19:00:00,19,1,0,0,6.0,food,0,0,5,maya,always early,14.3,walk,0,0,-2.4,-2.0,13.8,56,-0.18506058446186743,1.7091580678861764,-0.6385887384176765,-1.1177239249227846,-0.6443905915894512,-0.6263085595801205,-0.9434454739843193,-0.6559033075021611
560,2025-11-11 21:00:00,21,1,0,0,24.0,food,0,0,5,jake,chronically late,5.2,walk,0,0,12.0,11.0,5.0,67,12.409255268199233,4.17935180504808,12.731215790914067,-0.23386842563566645,0.23962548890485458,0.10553029962883187,0.3060072534297369,0.5813595850379887
560,2025-11-11 21:00:00,21,1,0,0,24.0,food,0,0,5,leo,rain hater,25.0,drive,0,0,3.0,3.0,26.4,44,6.782987332864179,5.754887879371086,5.609424952246909,-3.108274856740725,0.29355877819108134,-0.07203123362330821,-0.5326316979993964,-0.3948181459295226
560,2025-11-11 21:00:00,21,1,0,0,24.0,food,0,0,5,omar,average,37.7,transit,1,0,7.9,5.0,37.8,55,6.222772988505747,2.676086942218815,6.120792282430213,-0.21396735143066703,-0.20099062310949734,-0.26563838178949606,-0.28070271682340575,-0.16849568965517303
560,2025-11-11 21:00:00,21,1,0,0,24.0,food,0,0,5,priya,overbooked,20.9,transit,1,0,15.5,15.0,26.6,56,10.73387507066139,6.523338937450449,10.023964305903254,0.14509177328364942,4.689621560509066,0.11829539030782499,-0.7204875635952508,0.44438214767143513
560,2025-11-11 21:00:00,21,1,0,0,24.0,food,0,0,5,zoe,forgets far-off plans,5.4,walk,0,0,5.7,3.0,6.0,59,6.443224676724137,4.602956720595449,4.512349907635468,-0.45690220905172385,-0.256376150116048,-0.06925759981851165,-0.5262594288793103,-1.9689022090517234
115,2025-11-12 17:00:00,17,2,0,0,24.0,study,0,0,5,leo,rain hater,24.2,drive,1,0,4.5,3.0,20.7,45,6.7083589743589735,5.716502427183951,5.773816849816849,-3.062753561253561,-1.329876068376067,-0.08248824786324693,-0.5422707215265357,-0.40974481074480984
115,2025-11-12 17:00:00,17,2,0,0,24.0,study,0,0,5,marcus,party procrastinator,5.7,walk,1,0,3.0,4.0,5.5,71,7.097604588394063,5.435861072368905,6.7850298823983035,-0.6123138957816385,0.1931790177785606,0.021409424509640118,-2.506137539361224,-0.02904172992577614
115,2025-11-12 17:00:00,17,2,0,0,24.0,study,0,0,5,maya,always early,14.6,walk,0,0,-2.4,-2.0,14.6,57,-0.2190653432588914,1.705806353453312,-0.905447240931112,-1.1112678462257708,-0.6482243679649012,-0.6237083481035097,-0.9377057688253136,-0.6579206299972433
115,2025-11-12 17:00:00,17,2,0,0,24.0,study,0,0,5,omar,average,37.6,transit,1,0,12.3,5.0,23.3,56,6.251113913408995,2.6628203553559446,5.886032546688284,-0.19995621409555842,-0.12833543505674605,-0.2538914217350525,-0.2715501711403343,-0.15786745131007507
115,2025-11-12 17:00:00,17,2,0,0,24.0,study,0,0,5,zoe,forgets far-off plans,10.7,walk,1,0,4.8,3.0,11.1,60,6.432583826429979,4.565182240490394,4.9093096646942795,-0.45291874540743216,0.4475878872258976,-0.07115418622049852,-0.5205307512999813,-1.9352716865839028
668,2025-11-12 21:00:00,21,2,0,0,6.0,hangout,0,0,5,ethan,improving,7.1,walk,1,0,12.7,12.6,6.9,61,15.275500770416025,3.562667366422689,15.435857362976007,0.2949992996217965,1.0637493579866462,0.757457627118642,0.22209734433064554,0.7291242937853095
668,2025-11-12 21:00:00,21,2,0,0,6.0,hangout,0,0,5,hana,steady,14.5,walk,0,0,5.0,4.0,14.5,59,5.293485169491527,2.337787707331531,5.0267100484261515,-0.30027239709443254,-0.15013665254237551,-0.10759659580580383,-0.6242884553885526,-0.2768039031942644
668,2025-11-12 21:00:00,21,2,0,0,6.0,hangout,0,0,5,marcus,party procrastinator,18.1,transit,1,0,4.6,4.0,18.2,72,7.042637023992956,5.41885692897189,5.083610578283702,-0.6170309109776433,0.05791235600557698,0.017000612763323986,-2.4817651367804183,-0.04089571445503637
668,2025-11-12 21:00:00,21,2,0,0,6.0,hangout,0,0,5,maya,always early,12.7,walk,0,0,-1.7,-2.0,12.6,58,-0.2558245897228946,1.7021677792252385,-1.0016641684922556,-1.101178026205073,-0.6479865368433708,-0.617493356744026,-0.928389313135076,-0.6559942459631152
668,2025-11-12 21:00:00,21,2,0,0,6.0,hangout,0,0,5,sofia,morning struggler,37.3,drive,0,0,1.6,2.0,45.9,51,4.590768765133173,4.949785528501437,7.7830767900380495,-0.2546328622107108,-0.1740166801183749,-1.5406933960024691,-0.2591634645752183,-0.4000636854317996
352,2025-11-12 22:00:00,22,2,0,0,24.0,food,0,0,4,ethan,improving,20.7,drive,0,0,11.9,12.1,18.2,62,15.235080898030855,3.5568070921750774,14.724308828008816,0.2805513250076146,0.19358750416802728,0.73992573295528,0.20483072677980552,0.712056880496263
352,2025-11-12 22:00:00,22,2,0,0,24.0,food,0,0,4,jake,chronically late,17.8,transit,0,0,12.9,10.5,26.7,68,12.400690687233798,4.149535138845327,12.700197339209657,-0.22920044730220823,0.23407366860638668,0.10551628870726404,0.30253873238793183,0.572700203369017
352,2025-11-12 22:00:00,22,2,0,0,24.0,food,0,0,4,marcus,party procrastinator,26.3,drive,0,0,1.4,3.5,21.7,73,7.009620771385477,5.3888642016778086,5.274177363252994,-0.6151191486209866,-0.041550015231557325,0.015020613373555314,-2.4507803865963256,-0.0467707129471826
352,2025-11-12 22:00:00,22,2,0,0,24.0,food,0,0,4,zoe,forgets far-off plans,10.4,walk,0,0,0.4,2.5,10.2,61,6.403794244970714,4.5317927940842395,4.801084069991632,-0.44958325987737613,-0.2298513916715903,-0.07126930895624728,-0.5141697588126162,-1.9034294137235301
163,2025-11-13 10:00:00,10,3,0,0,48.0,hangout,0,1,3,hana,steady,32.1,drive,1,0,4.9,4.5,31.4,60,5.286456915371774,2.3182584459508004,5.053273404391935,0.1651573134711697,-0.20581035869499154,-0.10425217242412543,-0.6117849787632768,-0.27075343278953135
163,2025-11-13 10:00:00,10,3,0,0,48.0,hangout,0,1,3,leo,rain hater,12.6,walk,0,0,14.0,11.5,12.2,46,6.659209794101279,5.6623653937689316,5.802631369743223,5.598476993820111,0.3081401819570093,-0.08173940694808746,-0.5365723174988615,-0.4081388878104324
163,2025-11-13 10:00:00,10,3,0,0,48.0,hangout,0,1,3,maya,always early,24.5,drive,0,0,-2.0,-1.5,30.1,59,-0.28094219532554243,1.6905842971376017,-1.1374120558072978,0.6140511964385086,-0.642072616687535,-0.6087942008232112,-0.9153731061202635,-0.649152024207012
685,2025-11-13 19:00:00,19,3,0,0,24.0,party,1,0,6,hana,steady,22.1,transit,0,0,7.0,6.5,31.0,61,5.2798726467331125,2.2993134294192856,5.079963613352318,-0.28788538205980174,-0.14066944607300425,-0.10283390519761237,1.3575875553709853,-0.2669214757393057
685,2025-11-13 19:00:00,19,3,0,0,24.0,party,1,0,6,jake,chronically late,21.7,transit,0,0,19.8,13.5,26.8,69,12.406372901140342,4.119392307691401,12.701820828897242,-0.22160334840873297,0.23426438897369195,0.10623110652180401,0.33575139923977204,0.5662806153465709
685,2025-11-13 19:00:00,19,3,0,0,24.0,party,1,0,6,marcus,party procrastinator,5.2,walk,1,0,20.1,16.5,5.5,74,6.9376151225871565,5.390844069425673,4.353604320739187,-0.6254908823881449,0.04190790193027549,0.008280609161997354,7.157055144695499,-0.06316623284184608
685,2025-11-13 19:00:00,19,3,0,0,24.0,party,1,0,6,omar,average,5.6,walk,0,0,7.0,7.5,5.4,57,6.343090236844925,2.760919728459898,7.226597210527123,-0.15501980451381048,-0.17536303718786872,-0.21827040318031,0.7884548815775378,-0.12163925253291463
685,2025-11-13 19:00:00,19,3,0,0,24.0,party,1,0,6,priya,overbooked,26.2,transit,1,0,18.1,17.5,29.2,57,10.805993462651378,6.492648493238789,11.973140989328966,0.17260588361376072,4.629005677171172,0.1356130965139215,3.177129494427179,0.4606096942025264
685,2025-11-13 19:00:00,19,3,0,0,24.0,party,1,0,6,sofia,morning struggler,22.8,drive,0,0,3.9,4.5,21.9,52,4.534589380427814,4.915924416610012,7.76702553726509,-0.2670224053791985,-0.18517749125087768,-1.5178019400020628,-0.16972625361854288,-0.4024884232413024
4,2025-11-13 21:00:00,21,3,0,0,48.0,hangout,0,0,3,ethan,improving,37.4,drive,0,0,9.4,11.6,41.1,63,15.18857391640867,3.5628913836009466,14.896735404688192,0.25954660257454876,0.15054202602093092,0.7169562381404155,0.18015947193177162,0.6895368833017059
4,2025-11-13 21:00:00,21,3,0,0,48.0,hangout,0,0,3,jake,chronically late,16.5,transit,1,0,6.9,10.0,14.1,70,12.508307017543858,4.174360271163641,14.230944862155386,-0.18345296430732105,0.34829764065335667,0.12067111809374076,0.20640446820175384,0.5826854838709661
4,2025-11-13 21:00:00,21,3,0,0,48.0,hangout,0,0,3,omar,average,8.0,walk,0,0,4.6,4.0,8.5,58,6.357508354218881,2.738817388884329,7.487859529776823,-0.15175751879699284,-0.17053938036580796,-0.21514646956898442,-0.25772691963827654,-0.12000756608502527
442,2025-11-13 21:00:00,21,3,0,0,48.0,food,0,0,4,jake,chronically late,11.0,walk,0,0,10.4,10.5,10.5,71,12.434307433887499,4.203912272769666,13.681230695396428,-0.20767121067669514,0.349448196885783,0.1049798774277555,0.18525467641153703,0.5525423624527761
442,2025-11-13 21:00:00,21,3,0,0,48.0,food,0,0,4,marcus,party procrastinator,25.9,drive,0,0,2.0,3.5,27.6,75,7.105092062193125,5.564831473938212,6.73002630348375,-0.5713729665724339,-0.22330459929540414,0.02251131846876575,-2.58881491440002,-0.023835292914218265
442,2025-11-13 21:00:00,21,3,0,0,48.0,food,0,0,4,priya,overbooked,7.2,walk,1,0,15.0,14.5,7.4,58,10.92551372976905,6.5007712430037445,12.735861065648303,0.2044385966788962,4.593141876611599,0.15216291319314657,-0.7857574817524764,0.4787005044688257
442,2025-11-13 21:00:00,21,3,0,0,48.0,food,0,0,4,zoe,forgets far-off plans,23.7,drive,0,0,2.6,2.5,25.1,62,6.316527835454478,4.556296029316334,4.7047222387012795,-0.4753459641851876,-0.25759007291239655,-0.0901505158332725,-0.5308674990111042,-1.9017610585248095
524,2025-11-13 22:00:00,22,3,0,0,96.0,food,0,1,3,ethan,improving,23.7,drive,1,1,14.4,13.1,24.2,64,15.104406739719572,3.622702666432204,13.886973354205592,1.5032203664427968,1.0898524118480992,0.6911810967661065,0.1460012917359439,-0.3933127671197685
524,2025-11-13 22:00:00,22,3,0,0,96.0,food,0,1,3,jake,chronically late,32.9,transit,0,1,14.7,11.5,30.6,72,12.407845000527926,4.183856209022697,12.402241428722265,1.6757561359556963,0.3275247110612973,0.09852057922047663,0.17608265102721887,-0.5723325003812825
524,2025-11-13 22:00:00,22,3,0,0,96.0,food,0,1,3,leo,rain hater,28.7,transit,1,1,10.0,11.5,50.5,47,6.803924327704815,5.703736673589324,6.129692665058519,5.577056754221388,-1.4562611247414248,-0.06353189493433309,-0.49015495795983455,0.912969644489344
219,2025-11-15 15:00:00,15,5,1,0,48.0,study,0,0,4,ethan,improving,27.2,transit,0,0,13.4,12.0,33.2,65,15.096227461858529,3.5982355965506234,14.141779274816722,0.23965421588789582,0.09403154533431923,0.6769153085991668,0.13797503467406358,0.6717270986064321
219,2025-11-15 15:00:00,15,5,1,0,48.0,study,0,0,4,hana,steady,21.6,transit,1,0,3.2,3.5,19.2,62,5.3109839153745835,2.293306211977341,5.4888525472498815,-0.276573727592762,-0.23323793653093716,-0.10203359961856862,-0.6299853776132567,-0.2590762867041665
219,2025-11-15 15:00:00,15,5,1,0,48.0,study,0,0,4,priya,overbooked,24.2,transit,0,0,3.0,2.5,18.5,59,10.991186286407768,6.463963704563598,12.654624653259361,0.21950470266990152,-5.658223133578843,0.1597780486273841,-0.7516491434839434,0.4843761032656655
219,2025-11-15 15:00:00,15,5,1,0,48.0,study,0,0,4,sofia,morning struggler,20.0,drive,1,0,0.2,1.5,22.1,53,4.529929695346501,4.869552163171365,8.008551341527573,-0.2710486180857785,-0.40807666555071975,-1.4969174599364545,-0.2629158979692141,-0.402936725811851
133,2025-11-15 18:00:00,18,5,1,0,168.0,food,0,0,2,ethan,improving,8.0,walk,0,1,12.2,11.5,8.2,66,15.071124496173182,3.5816297443125453,13.134606998906623,0.22981825773979914,0.07559419657376587,0.6635773881478304,0.1280830481279942,-0.3998226227676902
133,2025-11-15 18:00:00,18,5,1,0,168.0,food,0,0,2,priya,overbooked,15.2,transit,1,1,12.5,14.0,20.1,60,10.866920603512245,6.496847739908606,10.933405886717784,0.17712851002664642,4.631444471926786,0.13536080356506375,-0.7757016786525988,-0.6215918165435852
193,2025-11-16 13:00:00,13,6,1,0,6.0,food,0,0,2,hana,steady,34.9,drive,0,0,2.0,3.0,29.9,63,5.279791195324284,2.287708565624024,5.322797484378367,-0.2836574265431029,-0.10481127269694923,-0.10520459252076986,-0.6280241243131881,-0.2637384100274742
193,2025-11-16 13:00:00,13,6,1,0,6.0,food,0,0,2,sofia,morning struggler,11.6,walk,0,0,8.9,1.0,11.7,54,4.456369513255106,4.854867595413765,5.773248432358601,-0.29372065311868223,-0.12484084163222242,-1.4826315953611156,-0.28174768895769997,-0.41358818842617406
623,2025-11-16 19:00:00,19,6,1,0,48.0,study,0,0,5,ethan,improving,8.9,walk,0,0,14.4,12.5,8.9,67,15.031820198793042,3.5791374651486674,13.051948628226583,0.21416481777304597,0.04504871218396289,0.6463479980852185,0.11132192390810225,0.6941032542376622
623,2025-11-16 19:00:00,19,6,1,0,48.0,study,0,0,5,jake,chronically late,35.4,drive,0,0,14.6,11.0,36.9,73,12.438346850167935,4.161331343611435,12.796670528619412,-0.24181794598727535,0.33696889041394407,0.1015350677012048,0.17944022820280559,0.5083989975014322
623,2025-11-16 19:00:00,19,6,1,0,48.0,study,0,0,5,omar,average,9.8,walk,0,0,10.5,5.0,10.2,59,6.331110223642173,2.723847465589815,7.5231743496120504,-0.15943275073607754,-0.17995290867944647,-0.21919111240197608,-0.2594627905695708,-0.12637779552715767
623,2025-11-16 19:00:00,19,6,1,0,48.0,study,0,0,5,priya,overbooked,20.3,drive,0,0,7.3,3.0,21.9,61,10.892288701713623,6.445694424900113,12.269225343346749,0.18107136325986062,-5.653573918094686,0.13706869009584466,-0.7541138219253245,0.42309421808223746
623,2025-11-16 19:00:00,19,6,1,0,48.0,study,0,0,5,sofia,morning struggler,39.4,transit,1,0,0.4,2.0,28.6,55,4.529850905218317,4.8519863871229525,4.351385972919519,-0.2585901706206233,-0.6387182860364593,-1.441682641107561,-0.25129469040012076,-0.3865960104857864
532,2025-11-18 12:00:00,12,1,0,0,48.0,food,0,0,4,jake,chronically late,31.6,transit,0,0,8.5,10.5,29.1,74,12.466623202070252,4.1385247104095635,13.047606629162928,-0.22837539862187128,0.34510116849180683,0.10426575582202169,0.18239320984667629,0.5077324288582279
532,2025-11-18 12:00:00,12,1,0,0,48.0,food,0,0,4,maya,always early,10.9,walk,0,0,-1.2,-2.5,11.4,60,-0.30210410825307815,1.681860742022227,-1.257744030929451,-1.0668650696899509,-0.6450493721809096,-0.6082436975310812,-0.9110536795481328,-0.651043353340361
532,2025-11-18 12:00:00,12,1,0,0,48.0,food,0,0,4,omar,average,26.4,drive,0,0,3.5,4.5,25.5,60,6.396357430208461,2.756015642593892,7.870387837202418,-0.13516921576533925,-0.1497903454933116,-0.200254088225563,-0.24412374968231987,-0.10759766382587443
532,2025-11-18 12:00:00,12,1,0,0,48.0,food,0,0,4,sofia,morning struggler,38.4,drive,0,0,-0.6,1.5,32.1,56,4.463331687927049,4.835413250283827,3.4180947679791567,-0.27965130376798175,-0.035901303767981396,-1.4291056443621342,-0.26899851913434425,-0.3969796418961957
230,2025-11-18 19:00:00,19,1,0,0,2.0,food,0,1,2,jake,chronically late,26.3,drive,1,0,17.3,11.5,28.7,75,12.415039370078741,4.140229945304971,11.418582677165356,1.6969257103731614,0.2274671916010469,0.09572725284339612,0.17010841036174895,0.4876151276544949
230,2025-11-18 19:00:00,19,1,0,0,2.0,food,0,1,2,maya,always early,15.9,drive,0,0,-2.5,-1.5,12.7,61,-0.31813409687425437,1.6682887385695075,-1.4766097419640725,0.5367399839482875,-0.6356793128131712,-0.5983770778652668,-0.8962417301143144,-0.6413018739790395
196,2025-11-19 15:00:00,15,2,0,0,6.0,study,0,0,2,ethan,improving,10.6,walk,0,0,14.9,11.4,10.9,68,15.02191780821918,3.555585546898693,13.406262230919767,0.20938693015944132,0.03916021441333761,0.6364342670210572,0.10755786490316233,0.6828451001053679
196,2025-11-19 15:00:00,15,2,0,0,6.0,study,0,0,2,sofia,morning struggler,24.5,transit,1,0,2.1,1.0,22.3,57,4.379032258064516,4.833725268281318,3.0797235023041476,-0.3015799868334428,-0.7237455197132614,-1.4159592529711373,-0.2869702719797589,-0.40689964157706093
116,2025-11-20 12:00:00,12,3,0,0,168.0,food,0,0,5,hana,steady,10.4,walk,1,1,6.5,4.0,10.6,64,5.230638905899163,2.3019644930675516,4.651611115971188,-0.29567297138037407,-0.26143916639936116,-0.10949524137579125,-0.6297056685395868,0.2136666546594146
116,2025-11-20 12:00:00,12,3,0,0,168.0,food,0,0,5,leo,rain hater,39.9,drive,0,1,2.7,3.0,47.0,48,6.864416688812117,5.66342891571293,6.9326904825177476,-3.174630649783453,0.2860852076438052,-0.05417975853641899,-0.4639366139412342,1.0371607000493528
116,2025-11-20 12:00:00,12,3,0,0,168.0,food,0,0,5,marcus,party procrastinator,26.8,transit,0,1,5.4,4.0,28.4,76,7.042149191444967,5.558229904168234,6.454899768984276,-0.5807947741729542,-0.2469700921578868,0.015680884929710537,-2.5701062858633286,-0.006222958667035705
116,2025-11-20 12:00:00,12,3,0,0,168.0,food,0,0,5,maya,always early,7.0,walk,0,1,-2.5,-2.0,6.7,62,-0.35053605213369765,1.666007240341388,-1.5001531577524851,-1.0199268103289247,-0.6367714039578416,-0.5945898537789005,-0.8896903810925253,-0.3048681721120122
116,2025-11-20 12:00:00,12,3,0,0,168.0,food,0,0,5,zoe,forgets far-off plans,10.2,walk,0,1,13.8,12.0,10.7,63,6.261971830985915,4.542489974402641,3.8891348088531186,-0.4858633281168476,-0.27088348271446705,-0.09951512352805203,-0.5359397765905776,5.0069681245366935
504,2025-11-20 15:00:00,15,3,0,0,24.0,food,0,0,6,ethan,improving,12.6,walk,0,0,15.1,12.9,12.5,69,15.019189608863524,3.53062813301721,14.191197031103863,0.20655148862547001,0.038170987824083014,0.6278096270823195,0.10616544273507955,0.673173240292801
504,2025-11-20 15:00:00,15,3,0,0,24.0,food,0,0,6,hana,steady,17.9,transit,0,0,3.7,4.5,34.4,65,5.247429015084294,2.2911943605100675,4.870694004309798,-0.28192632850241495,-0.1354074098876623,-0.10378062930857901,-0.612305824128752,-0.287128224287426
504,2025-11-20 15:00:00,15,3,0,0,24.0,food,0,0,6,jake,chronically late,29.2,drive,0,0,13.2,11.5,29.4,76,12.474321371060501,4.1456521545715335,12.921234677445856,-0.29574706694271846,0.25970784449045325,0.10611159956008187,0.18241586972953527,0.49838917901863766
504,2025-11-20 15:00:00,15,3,0,0,24.0,food,0,0,6,leo,rain hater,12.6,walk,1,0,2.0,3.5,12.4,49,6.785556130664825,5.6350564230800115,6.82444460876138,-3.1321934818931383,-1.1121432268559586,-0.06194496425474583,-0.4721990954877162,-0.3440156612710954
504,2025-11-20 15:00:00,15,3,0,0,24.0,food,0,0,6,maya,always early,6.2,walk,1,0,-1.9,-1.5,6.0,63,-0.38352895506028495,1.6634451102061298,-1.5238654157315101,-1.0128239404457438,-0.32207317709692573,-0.5893362832510284,-0.8816928831028981,-0.6111435878699306
504,2025-11-20 15:00:00,15,3,0,0,24.0,food,0,0,6,zoe,forgets far-off plans,30.6,drive,0,0,12.0,3.5,28.4,64,6.369855522549284,4.605499430029278,5.719958720728367,-0.4380504750448022,-0.2296898508930969,-0.07551233524692158,-0.4978338680959551,-1.983757788979906
412,2025-11-20 20:00:00,20,3,0,0,48.0,hangout,0,0,5,leo,rain hater,38.6,drive,0,0,4.4,3.0,40.2,50,6.698349650349649,5.617161204736784,6.656671328671329,-3.0985612336381556,0.33480031080031214,-0.07209024937326536,-0.48393822843822765,-0.36519968919968715
412,2025-11-20 20:00:00,20,3,0,0,48.0,hangout,0,0,5,maya,always early,25.4,transit,0,0,-1.6,-2.0,21.1,64,-0.4056633221850614,1.6540366992130948,-1.5587609491957317,-1.0027350427350428,-0.6160350741788869,-0.5836750367185148,-0.8724111021412371,-0.6078240224617035
412,2025-11-20 20:00:00,20,3,0,0,48.0,hangout,0,0,5,omar,average,7.2,walk,0,0,13.5,5.0,7.1,61,6.348624708624709,2.756251110248588,7.228178488178488,-0.14403747196200012,-0.16176223776223786,-0.20400850611376953,-0.2445726495726488,-0.11392607392607523
412,2025-11-20 20:00:00,20,3,0,0,48.0,hangout,0,0,5,priya,overbooked,12.2,walk,1,0,15.1,15.0,12.1,62,10.835958668197476,6.411971966198649,11.08170247662785,0.16367393800229557,4.58549970597295,0.12764450132690897,-0.7545078801795242,0.4040377062058127
412,2025-11-20 20:00:00,20,3,0,0,48.0,hangout,0,0,5,zoe,forgets far-off plans,25.2,transit,0,0,1.3,3.0,17.1,65,6.450131868131868,4.623936692099534,6.642894819466248,-0.40279866562009303,-0.2001203007518777,-0.05885156113727419,-0.4692875457875454,-1.9183016983016978
231,2025-11-21 09:00:00,9,4,0,1,6.0,food,0,0,6,ethan,improving,21.3,drive,0,0,17.1,12.8,23.2,70,15.019592875318066,3.505739899778356,14.291312250090877,0.2041843370087637,0.03869804919423103,-0.5015961138098533,0.10537319762510577,0.6639588317952203
231,2025-11-21 09:00:00,9,4,0,1,6.0,food,0,0,6,hana,steady,14.5,walk,0,0,6.9,4.5,14.1,66,5.224922051392323,2.279900296661696,4.692834871826378,-0.2844745921748393,-0.14113297255970103,-0.48246102569616145,-0.6075557758506003,-0.2882908400653985
231,2025-11-21 09:00:00,9,4,0,1,6.0,food,0,0,6,leo,rain hater,9.7,walk,0,0,14.3,3.5,9.8,51,6.656597600872408,5.5702524555266475,6.630456457392117,-3.042022900763357,0.3147717035702442,-0.0733136002492607,-0.48347539670175443,-0.37001090512540635
231,2025-11-21 09:00:00,9,4,0,1,6.0,food,0,0,6,marcus,party procrastinator,32.2,transit,0,0,2.7,4.5,28.3,77,7.020359337181158,5.525009606504311,6.791531239194617,-0.5762152682707784,-0.24983808003516117,-0.49513475144293384,-2.535716311244146,-0.018884022892668106
231,2025-11-21 09:00:00,9,4,0,1,6.0,food,0,0,6,maya,always early,34.2,drive,1,0,-1.4,-1.5,31.8,65,-0.42329334787350054,1.6427643033049562,-1.5066552422495716,-0.9904848586527975,-0.34563695846138603,-0.2782036284326361,-0.8617315121157791,-0.6024605928422722
231,2025-11-21 09:00:00,9,4,0,1,6.0,food,0,0,6,zoe,forgets far-off plans,32.2,drive,0,0,4.7,3.5,29.4,66,6.3770347274486605,4.630265597579931,6.122009922128188,-0.4194001022338645,-0.21866966473756744,-0.1199369243450521,-0.47891712683811427,-1.9094423410693153
268,2025-11-21 14:00:00,14,4,0,0,6.0,hangout,0,0,2,hana,steady,36.7,transit,1,0,2.9,3.0,57.1,67,5.248066902000335,2.2739500305344853,4.685161972000095,-0.2705609286074484,-0.20532442427298658,-0.12624365184879593,-0.590727993500308,-0.2761968255596301
268,2025-11-21 14:00:00,14,4,0,0,6.0,hangout,0,0,2,sofia,morning struggler,25.1,transit,0,0,0.5,1.0,35.4,58,4.340647888000385,4.798916098389478,2.811613682285824,-0.30658309920034643,-0.028336879020753436,-1.3957644493796626,-0.2905855910772708,-0.40604353454580444
65,2025-11-21 17:00:00,17,4,0,0,6.0,hangout,0,0,2,ethan,improving,35.9,transit,0,0,10.8,11.3,24.0,71,15.04568746526951,3.485743913831157,14.827339275791289,0.2094443679546707,0.05693370465595038,0.5953043800398756,0.11379511385094254,0.6606130836473625
65,2025-11-21 17:00:00,17,4,0,0,6.0,hangout,0,0,2,leo,rain hater,26.2,drive,0,0,1.5,2.0,20.9,52,6.78898679579794,5.617739232363872,6.711139084513698,-2.89764694265185,0.3523947782231174,-0.1955620924833159,-0.4400881162181465,-0.3178179877343297
528,2025-11-21 17:00:00,17,4,0,0,168.0,hangout,0,0,6,hana,steady,37.5,transit,1,1,4.9,4.5,25.7,68,5.214399011226695,2.27229581859344,4.6326854317790565,-0.27629383480330194,-0.27213835661219576,-0.12824983128440604,-0.5886286004704084,0.28404515855849777
528,2025-11-21 17:00:00,17,4,0,0,168.0,hangout,0,0,6,marcus,party procrastinator,33.1,drive,0,1,2.6,4.5,32.2,78,6.966881058066853,5.510598389359362,6.504823159447672,-0.5808751842938937,-0.2663261340292049,0.06520002155763027,-2.513329462758759,-0.04274743082606136
528,2025-11-21 17:00:00,17,4,0,0,168.0,hangout,0,0,6,maya,always early,34.8,drive,1,1,-2.3,-1.5,31.2,66,-0.4387165095838187,1.6308697055028354,-1.5396332884525197,-0.9762567460372963,-0.3610044707604897,-0.5627457177274172,-0.8495098662148329,-0.3309626178121359
528,2025-11-21 17:00:00,17,4,0,0,168.0,hangout,0,0,6,omar,average,18.2,transit,0,1,9.4,5.5,19.2,62,6.4530019077544605,2.882544618136258,7.429429116501274,-0.1036498792586773,-0.11251152464127756,-0.1725707088101105,-0.2191492923647509,-0.05533460516963995
528,2025-11-21 17:00:00,17,4,0,0,168.0,hangout,0,0,6,priya,overbooked,10.0,walk,1,1,18.7,15.5,10.5,63,10.896340114993366,6.380511711862569,10.670382889998105,0.18190453813103957,4.524652755839178,0.1388486039577117,-0.719881176154674,-0.49089340999557685
528,2025-11-21 17:00:00,17,4,0,0,168.0,hangout,0,0,6,zoe,forgets far-off plans,10.4,walk,0,1,14.5,12.5,10.7,67,6.352098997493734,4.599605298475062,6.729171142141068,-0.41829735977875604,-0.22056518414680593,-0.04802876331453465,-0.4753168202764977,5.0659257518797
562,2025-11-21 21:00:00,21,4,0,0,48.0,food,0,0,6,jake,chronically late,18.0,transit,1,0,10.1,11.5,18.0,77,12.481338373741414,4.118898273652751,13.32323953535469,-0.2859940583651088,0.32210329944268423,0.10794124610598033,0.18354461032488345,0.4952306243278066
562,2025-11-21 21:00:00,21,4,0,0,48.0,food,0,0,6,maya,always early,38.0,transit,0,0,-2.4,-1.5,49.0,67,-0.46430907435005786,1.6258027473840881,-1.5183740212428736,-0.9694232473490215,-0.5738332911546647,-0.559099315984562,-0.8426015055147008,-0.571789950145483
562,2025-11-21 21:00:00,21,4,0,0,48.0,food,0,0,6,omar,average,6.6,walk,0,0,4.6,5.5,7.0,63,6.49661392127641,2.8846331814608215,7.784746834650403,-0.08783083752400866,-0.09309335192290824,-0.15961274150722282,-0.20817731472186107,-0.12147234923461969
562,2025-11-21 21:00:00,21,4,0,0,48.0,food,0,0,6,priya,overbooked,12.3,walk,0,0,2.2,3.5,12.1,64,11.009706473141966,6.399125420894933,11.23134470661199,0.21219760344943417,-5.685560267796488,0.15614324694866788,-0.6737673088312679,0.3118199469564793
562,2025-11-21 21:00:00,21,4,0,0,48.0,food,0,0,6,sofia,morning struggler,16.9,drive,0,0,4.8,2.5,16.9,59,4.2792147913561855,4.780237974553566,2.836918511816053,-0.3204682431840107,-0.04929331222056632,-1.380976249715831,-0.3019303770773001,-0.41142775641366924
562,2025-11-21 21:00:00,21,4,0,0,48.0,food,0,0,6,zoe,forgets far-off plans,26.0,drive,0,0,10.9,3.5,27.2,68,6.463969132147888,4.672088911010528,8.461134037756539,-0.375497171796372,-0.18363837113556336,-0.02520227582881951,-0.4414318994377391,-1.9846735942401779
546,2025-11-22 08:00:00,8,5,1,1,6.0,study,0,0,2,priya,overbooked,29.6,transit,0,0,2.0,2.0,22.8,65,10.882257860308082,6.447296392227581,11.080645102945166,0.17310919661502844,-5.675655069634944,0.746041167104682,-0.6975804585573844,0.27386568717565396
546,2025-11-22 08:00:00,8,5,1,1,6.0,study,0,0,2,sofia,morning struggler,39.0,drive,0,0,15.7,16.0,36.0,60,4.285508464947165,4.741336836800356,2.2530024185563327,-0.3099788048560912,-0.04379194877587356,6.507245767526417,-0.2924058293039091,-0.40081473995179984
106,2025-11-22 17:00:00,17,5,1,0,48.0,hangout,0,0,4,ethan,improving,13.9,walk,0,0,10.0,11.8,13.9,72,14.989317751467974,3.506237552518562,14.611233643276563,0.1929374601834084,0.021614023678822036,0.5784906593511661,0.09530464784395853,0.6417922305224586
106,2025-11-22 17:00:00,17,5,1,0,48.0,hangout,0,0,4,hana,steady,18.8,transit,0,0,4.3,3.5,18.4,69,5.209154957608565,2.2558342292228053,5.045472845031019,-0.2721588405733444,-0.09377723418960393,-0.12612885778440663,-0.5793843965110996,-0.2750587111411855
106,2025-11-22 17:00:00,17,5,1,0,48.0,hangout,0,0,4,priya,overbooked,35.7,transit,0,0,5.7,2.5,32.8,66,10.757429110746955,6.494951242596808,9.544979745927701,0.13387844101126412,-5.666909548512568,0.24862003853015224,-0.7220537623785663,0.23568998181529288
106,2025-11-22 17:00:00,17,5,1,0,48.0,hangout,0,0,4,zoe,forgets far-off plans,15.0,walk,0,0,6.7,2.5,14.4,69,6.522668471122079,4.669407782590596,8.063619563177737,-0.3491127651952386,-0.1617940062760077,-0.01186025361282983,-0.41933499681566744,-1.9276108443012099
572,2025-11-22 20:00:00,20,5,1,0,2.0,study,0,0,2,leo,rain hater,14.6,walk,0,0,1.8,2.0,15.5,53,6.69572878275357,5.6095516872312965,5.470208223643878,-2.872427737187669,0.3184096321165928,-0.2033898025032448,-0.45104949032674924,-0.3378403678834072
572,2025-11-22 20:00:00,20,5,1,0,2.0,study,0,0,2,priya,overbooked,12.6,walk,1,0,12.5,14.0,12.2,67,10.686837074995932,6.47827185578603,9.296239164284552,0.11206601458706444,4.78605095698034,0.23215039231144985,-0.7296006520796023,0.21372334098734136
140,2025-11-24 20:00:00,20,0,0,0,96.0,study,0,0,5,ethan,improving,38.6,transit,0,1,17.5,12.2,35.4,73,14.924957888826501,3.54048509610004,13.964273682521858,0.17390255729671722,-0.01858946835331743,0.5598983005274789,0.07384829282639416,-0.49997408543169186
140,2025-11-24 20:00:00,20,0,0,0,96.0,study,0,0,5,hana,steady,31.8,transit,0,1,8.6,4.0,32.2,70,5.196622871046228,2.2413866881273043,4.727606534584637,-0.27148533960163324,-0.09692440041710082,-0.1258530977820076,-0.573081373344146,0.26564630554488566
140,2025-11-24 20:00:00,20,0,0,0,96.0,study,0,0,5,leo,rain hater,22.4,transit,0,1,3.8,3.0,25.5,54,6.612656192007917,5.5951836651636,5.317901769145119,-2.846068262704671,0.2865944398296252,-0.21152617486435243,-0.46143925046869416,0.8582292053280547
140,2025-11-24 20:00:00,20,0,0,0,96.0,study,0,0,5,marcus,party procrastinator,31.4,transit,0,1,5.3,4.0,26.7,79,6.9136513729579425,5.4969604571021256,6.661043249416555,-0.5855334177466611,-0.28240920050096285,0.05970183785192873,-2.491737091393917,-0.23111153796901007
140,2025-11-24 20:00:00,20,0,0,0,96.0,study,0,0,5,maya,always early,22.7,transit,0,1,-0.6,-2.0,20.9,68,-0.4925107489251076,1.6218128179938018,-1.5121459282643166,-0.9613538646135386,-0.573462468567958,-0.5538915805389159,-0.8343046340527237,-0.36284895319991806
332,2025-11-26 17:00:00,17,2,0,0,24.0,party,1,1,4,hana,steady,28.1,transit,0,0,6.0,7.0,31.7,71,5.241113653699465,2.264957775206321,5.440318186771276,0.17343721622897945,-0.07610368407670531,-0.11674839272093074,1.406272715035671,-0.3147928624126246
332,2025-11-26 17:00:00,17,2,0,0,24.0,party,1,1,4,leo,rain hater,23.8,transit,0,0,12.5,14.0,28.8,55,6.565410628019323,5.5560512763224175,5.561545893719807,5.645401426270992,0.2671304347826098,-0.2140588185439425,1.6451771336553938,-0.3138381149561269
332,2025-11-26 17:00:00,17,2,0,0,24.0,party,1,1,4,priya,overbooked,19.7,drive,1,0,17.4,18.0,21.6,68,10.711296406591226,6.433264513529507,8.931798973311777,0.5155554777003104,4.696805457794145,0.23349877572629474,3.48614371299443,0.2170339487790347
332,2025-11-26 17:00:00,17,2,0,0,24.0,party,1,1,4,sofia,morning struggler,10.4,walk,0,0,5.2,5.0,9.6,61,4.457949055775143,4.930861955455359,4.487985444507183,-0.13074098472649265,0.020699891895544553,-1.5131199677938811,-0.1460899758454106,-0.3546775854496991
286,2025-11-27 15:00:00,15,3,0,0,6.0,study,0,0,2,ethan,improving,22.1,drive,0,0,12.9,11.1,22.4,74,14.958277094809034,3.52458235666256,14.345222027088296,0.17890776301253375,0.0011726258456796756,0.5568810367749268,0.08221330322292175,0.5901712691058965
286,2025-11-27 15:00:00,15,3,0,0,6.0,study,0,0,2,sofia,morning struggler,6.3,walk,1,0,5.6,1.0,6.7,62,4.470207320744978,4.892536097904931,5.320059234498565,-0.25603681878790496,-0.8727843416015628,-1.4874034419953897,-0.24746120067725297,-0.34730839525811685
3,2025-11-27 19:00:00,19,3,0,0,2.0,study,0,1,3,leo,rain hater,21.0,transit,0,0,12.0,11.5,18.1,56,6.664400791407576,5.5636713396380815,6.74697165468788,5.582053933912328,0.28897183520101066,-0.19850417145864618,-0.55266486768988,-0.2779607122668182
3,2025-11-27 19:00:00,19,3,0,0,2.0,study,0,1,3,sofia,morning struggler,20.7,transit,0,0,1.2,2.5,19.0,63,4.487183062880326,4.856603352130937,5.8249094465372355,-0.10634541475392467,0.007834207202724208,-1.4607973320028802,-0.23832743226601139,-0.3382511409736324
3,2025-11-27 19:00:00,19,3,0,0,2.0,study,0,1,3,zoe,forgets far-off plans,14.3,walk,0,0,2.9,3.5,14.8,70,6.52571264367816,4.6360303656275175,7.307346469622331,0.8336854204476714,-0.15912291434927628,-0.011853491164864671,-0.4129655172413793,-1.8947200467562828
389,2025-11-28 17:00:00,17,4,0,0,168.0,food,0,1,4,leo,rain hater,23.7,drive,0,1,17.9,12.0,28.0,57,6.749704647191841,5.560273835125018,6.442772756340526,5.504578971762907,0.3089207996535288,-0.1827805245484635,-0.5210282909703734,0.5345780550556096
389,2025-11-28 17:00:00,17,4,0,0,168.0,food,0,1,4,maya,always early,8.7,walk,1,1,-0.5,-1.0,8.6,69,-0.49349070100143066,1.6110493292226735,-1.3267116288575516,0.555775331218511,-0.380153195040534,-0.5463220378792732,-0.8218657038399526,-0.3504844583170764
389,2025-11-28 17:00:00,17,4,0,0,168.0,food,0,1,4,omar,average,16.8,transit,1,1,8.9,6.0,11.2,64,6.46785055254919,2.870824073219221,7.776528729299769,-0.0045587323966378435,0.0006852932958558711,-0.16219633983675763,-0.20849733409290483,0.12210274512243213
389,2025-11-28 17:00:00,17,4,0,0,168.0,food,0,1,4,zoe,forgets far-off plans,39.5,transit,0,1,14.4,13.0,29.1,71,6.477390633235448,4.6222661301295185,7.522111609495843,0.646957025073414,-0.16966121789930177,-0.02022955726225284,-0.41698225192973304,5.117226184201563
240,2025-11-29 15:00:00,15,5,1,0,48.0,party,1,0,3,marcus,party procrastinator,10.5,walk,1,0,15.5,15.0,9.8,80,6.895961844197139,5.4652973386632855,4.5417033840563255,-0.583570165028326,0.580184664302311,0.05564073877799203,7.462211302211301,0.035178287531228314
240,2025-11-29 15:00:00,15,5,1,0,48.0,party,1,0,3,omar,average,11.7,walk,1,0,4.2,6.0,10.8,65,6.503667953667953,2.8654315948652607,7.5581908439051295,-0.1265547435190273,0.08352930852930918,-0.15254762959680868,0.6889083889083896,-0.1585241645586457
240,2025-11-29 15:00:00,15,5,1,0,48.0,party,1,0,3,sofia,morning struggler,27.8,drive,0,0,4.3,3.0,17.7,64,4.439952996474736,4.833282035467722,5.911415141849925,-0.2029203116159648,-0.010327719023371706,-1.446305933262456,-0.08114329162922562,-0.3432355377472991
203,2025-11-29 17:00:00,17,5,1,0,2.0,study,0,0,2,jake,chronically late,9.8,walk,1,0,7.7,10.0,10.3,78,12.45260589098604,4.103677733469204,12.657887397424584,-0.292246055752754,0.2618637794805263,0.10156783507969891,0.17465840699910196,0.480191637346282
203,2025-11-29 17:00:00,17,5,1,0,2.0,study,0,0,2,priya,overbooked,24.6,transit,1,0,18.9,14.0,32.0,69,10.803598499349206,6.432891418132247,8.772456714099773,0.032762033384335254,4.659023556134038,0.24443123940820044,-0.7951068190746806,0.23478233393247727
617,2025-11-30 22:00:00,22,6,1,0,96.0,hangout,0,0,5,hana,steady,21.3,transit,0,1,4.4,4.0,20.1,72,5.253863086066477,2.2517478636290575,5.315389453161851,-0.26270782889427036,-0.07335764761246999,-0.11626709408996394,-0.5637175324675328,0.3796026854501431
617,2025-11-30 22:00:00,22,6,1,0,96.0,hangout,0,0,5,jake,chronically late,30.1,drive,0,1,21.1,11.0,31.4,79,12.396993543179985,4.116775642664601,11.656283869479996,-0.309532501396907,0.33845230888965894,0.0896507688713335,0.15896491868166152,-0.4135741897115697
617,2025-11-30 22:00:00,22,6,1,0,96.0,hangout,0,0,5,maya,always early,11.7,walk,0,1,-0.8,-2.0,11.7,70,-0.49136723163841806,1.6009569842147922,-1.1689620661824052,-0.9471476997578692,-0.56602978941962,-0.5403509471585244,-0.8110833333333332,-0.33719086219602074
617,2025-11-30 22:00:00,22,6,1,0,96.0,hangout,0,0,5,priya,overbooked,15.6,drive,1,1,22.6,15.0,17.1,70,10.912632768361581,6.454538665757228,11.189323648103308,0.06257955166757867,4.636566445590763,0.25888434695912466,-0.7519365773646811,0.01631497175141483
617,2025-11-30 22:00:00,22,6,1,0,96.0,hangout,0,0,5,zoe,forgets far-off plans,15.6,transit,1,1,10.8,12.0,11.1,72,6.582434514637905,4.684498833491973,8.937838432753688,-0.3953497183561092,0.22379729498373457,-0.0025479556061718256,-0.3897155210082124,5.163573329597984
99,2025-12-01 13:00:00,13,0,0,0,6.0,food,0,0,3,hana,steady,23.1,drive,0,0,2.7,3.0,21.1,73,5.244736936742547,2.2377222824388476,5.527067696212156,-0.2640207943866004,-0.07823380651012801,-0.11801909391320287,-0.5597571723777355,-0.3008065386181489
99,2025-12-01 13:00:00,13,0,0,0,6.0,food,0,0,3,leo,rain hater,15.0,walk,0,0,3.2,2.0,15.2,58,6.931579064538391,5.702315329662685,8.83759401843954,-3.1279905344772096,0.3487585830595714,-0.16061414249352435,-0.4741627859439914,-0.40887523468168574
99,2025-12-01 13:00:00,13,0,0,0,6.0,food,0,0,3,maya,always early,21.2,transit,0,0,-1.9,-3.0,31.1,71,-0.49355945965896497,1.589954329809128,-1.0838741313311326,-0.9339457561005933,-0.5594369206677283,-0.5349593417655978,-0.8013297295455706,-0.5690334753988389
555,2025-12-01 13:00:00,13,0,0,0,168.0,food,0,0,5,ethan,improving,14.4,walk,0,1,13.4,12.0,14.4,75,14.934478002793298,3.5132925993843562,14.024136572226658,0.16805714447091624,-0.016131021397704615,0.5432259700007656,0.07125107434464617,-0.286450144652834
555,2025-12-01 13:00:00,13,0,0,0,168.0,food,0,0,5,hana,steady,28.2,transit,0,1,4.3,4.0,33.0,74,5.210863800297009,2.239524759144783,5.203103942942001,-0.2696651067246689,-0.0882918169389253,-0.11970874548214461,-0.5585256336078412,0.353627580726088
555,2025-12-01 13:00:00,13,0,0,0,168.0,food,0,0,5,leo,rain hater,12.8,walk,0,1,2.4,3.0,12.5,59,6.8712225034916194,5.673640649433361,9.020349286711893,-3.087753336436996,0.32796476535019803,-0.1637452491070608,-0.4773633513941542,1.0732547034176791
555,2025-12-01 13:00:00,13,0,0,0,168.0,food,0,0,5,omar,average,16.1,drive,0,1,4.3,5.0,13.0,66,6.472651270753008,2.856578202435553,7.6493289345008595,-0.13645379086239284,-0.1054200187951766,-0.15872778117615294,-0.1716628902254298,0.2545991029978758
555,2025-12-01 13:00:00,13,0,0,0,168.0,food,0,0,5,zoe,forgets far-off plans,9.0,walk,0,1,10.5,12.0,9.4,73,6.636644105429022,4.67890223262447,8.424755458694007,-0.37078570982990744,-0.19003128469238106,0.007401902101622504,-0.37218498002983047,5.080017656620766
233,2025-12-01 16:00:00,16,0,0,0,96.0,party,1,0,5,ethan,improving,27.4,drive,0,1,14.9,14.0,25.9,76,14.91528056026438,3.497724576930905,13.490080160075536,0.16118904555187896,-0.02682865653619615,0.5330492073210511,1.6235395798017134,-0.3568537068429194
233,2025-12-01 16:00:00,16,0,0,0,96.0,party,1,0,5,jake,chronically late,7.0,walk,0,1,25.7,13.0,7.2,80,12.499267357428407,4.196003306719383,13.48550495926526,-0.26750467883534235,0.39189644585478867,0.10587987357343742,0.7130036917679714,-0.03445051807130639
233,2025-12-01 16:00:00,16,0,0,0,96.0,party,1,0,5,leo,rain hater,15.8,transit,1,1,3.0,5.0,17.9,60,6.802118852021764,5.654440487105884,8.800605386291933,-3.0562363681063553,-1.3680792346811756,-0.1696899123425899,1.8294653218327595,0.8151363846509483
233,2025-12-01 16:00:00,16,0,0,0,96.0,party,1,0,5,omar,average,29.3,drive,1,1,6.2,7.0,27.0,67,6.442190630297426,2.84647722862034,6.326340180084978,-0.14372592078902624,0.027850811071579606,-0.16265169138493185,0.4753887989931691,0.14175121145185887
233,2025-12-01 16:00:00,16,0,0,0,96.0,party,1,0,5,zoe,forgets far-off plans,17.1,drive,0,1,13.3,14.0,17.9,74,6.685287663055883,4.6692513668945015,8.381510760873109,-0.34836007074985975,-0.1725732274362004,0.016493158286081666,1.3431415579627437,4.990813933414094
251,2025-12-01 17:00:00,17,0,0,0,168.0,party,1,0,4,marcus,party procrastinator,13.6,walk,0,1,15.4,15.5,13.3,81,6.998973348709077,5.5147068892534,6.499706671059736,-0.5518224217153911,-0.38186605584118016,0.06315917255366976,7.431238248836374,-0.36423001153180756
251,2025-12-01 17:00:00,17,0,0,0,168.0,party,1,0,4,maya,always early,28.1,transit,1,1,5.0,-0.5,27.2,72,-0.5115362598833675,1.5819072525137354,-1.0318675028238193,-0.925665141830716,-0.3507709920933061,-0.5307163301083018,0.7391811786698151,-0.3200337942590009
251,2025-12-01 17:00:00,17,0,0,0,168.0,party,1,0,4,omar,average,28.3,drive,1,1,12.0,6.5,29.0,68,6.441256273821653,2.825533908575884,5.868930363949043,-0.14453964044693635,0.017338783224525756,-0.16303312742933684,0.4207653699559062,0.12223221928930883
251,2025-12-01 17:00:00,17,0,0,0,168.0,party,1,0,4,zoe,forgets far-off plans,35.4,transit,0,1,13.1,13.5,36.3,75,6.770146349862259,4.700771378779823,9.34861324281779,-0.3177911662792692,-0.14816556578178552,0.02916936887817645,1.6142743844696952,4.987882920110195
45,2025-12-01 18:00:00,18,0,0,0,96.0,party,1,0,5,maya,always early,36.3,transit,1,1,-0.1,0.0,53.2,73,-0.4395504039339657,1.72243483481383,0.04584274173315268,-0.8824453930095908,-0.1834400583610276,-0.5125306104275813,0.9690944027769169,-0.14435967685282747
45,2025-12-01 18:00:00,18,0,0,0,96.0,party,1,0,5,omar,average,28.7,drive,1,1,7.0,7.0,23.3,69,6.517771195853387,2.88494851883213,6.947934627386682,-0.11962359619893714,0.1777830433172909,-0.14563495001851123,0.7385756598085367,0.33667160310995925
45,2025-12-01 18:00:00,18,0,0,0,96.0,party,1,0,5,priya,overbooked,18.5,transit,1,1,15.4,17.0,22.9,71,11.069935111751983,6.549377555145926,14.177124317643422,0.10228196060928596,4.646015432051419,0.2786109108387418,3.4050468637346807,0.5918105093515411
45,2025-12-01 18:00:00,18,0,0,0,96.0,party,1,0,5,sofia,morning struggler,19.7,drive,0,1,2.1,4.0,17.5,65,4.44307240704501,4.795975630517811,5.840877830584288,-0.20461127913182775,-0.01552037004091833,-1.428769875244619,-0.08666340508806236,0.41195544181845545
45,2025-12-01 18:00:00,18,0,0,0,96.0,party,1,0,5,zoe,forgets far-off plans,21.7,transit,0,1,15.7,14.0,35.1,76,6.849568746829021,4.726089220627308,10.828448213379719,-0.28883268938063367,-0.12497406422984092,0.04149760569351546,1.835598531650101,4.9753483198688695
513,2025-12-03 22:00:00,22,2,0,0,168.0,study,0,1,3,ethan,improving,14.9,walk,0,1,11.2,12.4,14.4,77,14.91864111498258,3.475396501111676,14.076754604280739,1.504488624718178,-0.029673740893256806,0.5226016260162609,0.061558969485794535,-0.3378157665505235
513,2025-12-03 22:00:00,22,2,0,0,168.0,study,0,1,3,jake,chronically late,18.1,drive,0,1,19.5,11.5,24.1,81,12.656146179401992,4.406336626851812,14.73032747982914,1.638884274640093,0.46938366364990536,0.1269401141494182,0.03278261650354963,0.4762695775984831
513,2025-12-03 22:00:00,22,2,0,0,168.0,study,0,1,3,omar,average,11.5,walk,1,1,3.7,5.5,11.5,70,6.524380952380952,2.8650447871984586,6.67839455782313,0.0820350877192979,0.18415384615384767,-0.14223088023087982,-0.2501978021978015,0.3385668934240371
596,2025-12-03 22:00:00,22,2,0,0,6.0,hangout,0,0,6,jake,chronically late,30.3,drive,1,0,12.2,11.5,28.3,82,12.735708500763169,4.437704172477828,15.65305957164662,-0.2852824932435265,-0.13029812185965994,0.13743760688007,0.04933873262104527,0.14255639214848692
596,2025-12-03 22:00:00,22,2,0,0,6.0,hangout,0,0,6,leo,rain hater,38.1,drive,0,0,5.1,3.5,58.4,61,6.7501005994908425,5.6279569551822775,7.428600171283098,-3.0256218123109657,0.35081763682650635,-0.17945769476934803,-0.43693388023726065,-0.3087447726167234
596,2025-12-03 22:00:00,22,2,0,0,6.0,hangout,0,0,6,marcus,party procrastinator,36.3,transit,1,0,2.1,4.5,31.1,82,7.09777746628041,5.558675310504699,7.956507847508688,-0.5212173658502453,0.7129220645122594,0.07076334494129988,-2.649411476112732,-0.03173679964094411
596,2025-12-03 22:00:00,22,2,0,0,6.0,hangout,0,0,6,maya,always early,13.5,walk,1,0,-0.5,-1.5,12.6,74,-0.4340931700456245,1.7138529163396352,0.11883052284410725,-0.8670812607915108,-0.16851667625912076,-0.505774411207544,-0.8654593428366197,-0.6378114135789981
596,2025-12-03 22:00:00,22,2,0,0,6.0,hangout,0,0,6,sofia,morning struggler,5.5,walk,0,0,2.3,2.5,5.5,66,4.411361120653461,4.766401772677778,3.888960320186704,-0.21391816345225934,-0.028203877737973393,-1.413564111372426,-0.22264523287684224,-0.31367070769753713
596,2025-12-03 22:00:00,22,2,0,0,6.0,hangout,0,0,6,zoe,forgets far-off plans,16.6,drive,0,0,6.3,3.5,15.2,77,6.958617555687753,4.802237419167826,11.045319301625073,-0.2511465287417112,-0.09401332365188964,0.058856603480339054,-0.6094423704929888,-2.320399426047107
167,2025-12-04 08:00:00,8,3,0,1,96.0,study,0,1,2,jake,chronically late,35.7,transit,0,1,13.6,11.5,30.5,83,12.728219696969695,4.411856378214127,15.950919913419913,1.7894242424242464,0.5114599383667215,1.128787878787879,0.04863686204147122,0.7100120523416003
167,2025-12-04 08:00:00,8,3,0,1,96.0,study,0,1,2,maya,always early,13.2,walk,0,1,-2.0,-1.5,13.3,75,-0.4364583333333333,1.7032778855945836,0.11815476190476189,0.4871961805555555,-0.6263888888888888,-0.32873263888888893,-0.8513370646766169,-0.12824519230769238
186,2025-12-04 08:00:00,8,3,0,1,2.0,study,0,1,3,leo,rain hater,29.0,transit,0,0,11.8,11.5,31.0,62,6.723268376615581,5.585919566064587,6.43521953617588,5.760745868512664,0.3395234427250955,0.8662743587691573,-0.4333314475969976,-0.3097524920292054
186,2025-12-04 08:00:00,8,3,0,1,2.0,study,0,1,3,priya,overbooked,27.9,drive,1,0,26.1,15.5,31.9,72,11.125441314717454,6.521303527007314,15.578697518490703,0.5594034949262827,4.589708822232279,-0.19817410025184756,-0.7504062897398782,0.060921287994846196
186,2025-12-04 08:00:00,8,3,0,1,2.0,study,0,1,3,zoe,forgets far-off plans,25.5,drive,0,0,2.4,3.5,17.4,78,6.948903388352337,4.771854978334294,10.39968668238638,0.634168846969648,-0.09318575151521102,-0.591632854370669,-0.6011245748985985,-2.284239176192309
643,2025-12-04 21:00:00,21,3,0,0,96.0,study,0,0,6,hana,steady,10.5,walk,0,1,5.2,4.5,10.3,75,5.203444592790388,2.2262131274630668,5.200984169368682,-0.2730124822514677,-0.0949655278075685,-0.12348212030455041,-0.5569188769105073,0.30188372375288175
643,2025-12-04 21:00:00,21,3,0,0,96.0,study,0,0,6,jake,chronically late,35.4,transit,1,1,9.0,11.5,31.9,84,12.739051319362144,4.385943068330853,16.796871805532042,-0.29206225176198153,-0.1450731841618289,0.12588938809799188,0.04919876631072384,0.7085685326731035
643,2025-12-04 21:00:00,21,3,0,0,96.0,study,0,0,6,leo,rain hater,27.9,transit,0,1,2.1,3.5,38.4,63,6.799640697400456,5.578644086269516,5.585611627828702,-3.041344791421242,0.3529593637750237,-0.24810626791604484,-0.4098406382987223,0.573948959810191
643,2025-12-04 21:00:00,21,3,0,0,96.0,study,0,0,6,maya,always early,37.8,drive,0,1,-0.3,-1.5,30.1,76,-0.45462262440455586,1.6960745782745674,-0.058463606972730245,-0.8351005415302437,-0.6259482914923884,-0.4806255005546603,-0.8449819803310732,-0.16660378752221378
643,2025-12-04 21:00:00,21,3,0,0,96.0,study,0,0,6,priya,overbooked,27.5,drive,1,1,14.8,15.5,23.6,73,11.318917531067065,6.698997664792228,17.576833580304875,-0.06118959895245091,4.627910788429574,0.1052908640091541,-0.6830645989524502,0.6196706720071194
643,2025-12-04 21:00:00,21,3,0,0,96.0,study,0,0,6,zoe,forgets far-off plans,38.4,transit,0,1,12.4,12.5,29.6,79,6.896137707419417,4.768246059663776,9.227467916405546,-0.1994110128358777,-0.10784215688945853,0.10760480640854553,-0.6076773054884725,5.080924830991588
561,2025-12-04 22:00:00,22,3,0,0,48.0,hangout,0,0,6,ethan,improving,36.7,drive,0,0,13.9,12.4,28.2,78,14.874196122237299,3.4851049636266436,14.235484606353513,0.1968178864939354,-0.055071468466111995,0.5083167805414739,0.046266274944589014,0.6310289567934966
561,2025-12-04 22:00:00,22,3,0,0,48.0,hangout,0,0,6,jake,chronically late,8.5,walk,1,0,10.8,11.5,8.2,85,12.697314201618838,4.381804782140452,15.05637548617681,-0.3033059261392115,-0.21198360138757621,0.1173348231724507,0.039693118997755406,0.16869384074868776
561,2025-12-04 22:00:00,22,3,0,0,48.0,hangout,0,0,6,leo,rain hater,19.8,transit,0,0,2.5,3.5,12.0,64,6.731279393415875,5.564637712474528,5.408936969547393,-3.0138019042918067,0.3283136577406678,-0.2534886708454218,-0.41867277729788466,-0.21727204217366314
561,2025-12-04 22:00:00,22,3,0,0,48.0,hangout,0,0,6,maya,always early,9.4,walk,0,0,-1.4,-1.5,10.2,77,-0.45294782749151985,1.6868185205293653,0.17058633500242298,-0.8206769973061833,-0.6142511409399648,-0.47360270139304217,-0.8320483918919236,-0.6108613104314901
561,2025-12-04 22:00:00,22,3,0,0,48.0,hangout,0,0,6,priya,overbooked,19.3,drive,1,0,16.5,15.5,17.1,74,11.362763014502473,6.6640155582138965,17.21793228985785,-0.047165859540745814,4.565513286947773,0.11207945130755981,-0.6594735518484374,0.07129567892079436
561,2025-12-04 22:00:00,22,3,0,0,48.0,hangout,0,0,6,zoe,forgets far-off plans,28.0,drive,1,0,2.7,3.5,24.0,80,6.960685625243475,4.778312823319545,9.117338750069562,-0.17534109397557174,0.1552842761363875,0.118306850101491,-0.5828602346015677,-2.3315980748206133
26,2025-12-05 09:00:00,9,4,0,1,96.0,study,0,0,5,ethan,improving,11.6,walk,1,1,13.4,11.9,10.7,79,14.86253676240536,3.466708932400246,13.717867646401533,0.19116300959501586,1.237859606720475,-0.19481311140312663,0.04206152894797377,-0.4970847734626087
26,2025-12-05 09:00:00,9,4,0,1,96.0,study,0,0,5,hana,steady,18.7,drive,0,1,3.8,4.0,24.1,76,5.203124543729012,2.211592396436975,4.715178441065432,-0.26850543875018307,-0.09319514504118853,-0.2744315693067332,-0.5484830331607027,0.28885905273381685
26,2025-12-05 09:00:00,9,4,0,1,96.0,study,0,0,5,jake,chronically late,25.7,drive,0,1,10.1,11.0,24.9,86,12.676407560901644,4.362607225774723,12.921830731686184,-0.30666416369438565,0.5649597358401603,1.1437379965632282,0.034757474598459126,0.572844014286197
26,2025-12-05 09:00:00,9,4,0,1,96.0,study,0,0,5,leo,rain hater,33.3,transit,0,1,2.5,3.0,32.1,65,6.670758400600714,5.545364501601432,5.405930971600204,-2.9836825605406427,0.30642451470443266,1.357440710844128,-0.4256142694039342,0.4069311995494642
26,2025-12-05 09:00:00,9,4,0,1,96.0,study,0,0,5,marcus,party procrastinator,25.1,transit,0,1,2.1,4.0,16.3,83,7.04037600047784,5.551574260925287,7.8543931429936675,-0.528188432877986,-0.28496246197954544,-0.9290560002123733,-2.6302038265301704,0.021618285350216482
305,2025-12-05 21:00:00,21,4,0,0,2.0,food,0,0,5,ethan,improving,5.6,walk,1,0,11.0,11.9,5.4,80,14.844850253417292,3.4515736899999685,13.784242929547798,0.18465323640335463,1.1710361486156273,0.5165036591422734,0.03666063451149881,0.6360421252922421
305,2025-12-05 21:00:00,21,4,0,0,2.0,food,0,0,5,hana,steady,9.5,walk,0,0,15.8,4.0,8.9,77,5.185515506591098,2.201689809334849,4.395861573311742,-0.26970662146870517,-0.09777618067116922,-0.10514780615169084,-0.5445361220555114,-0.28190316479815447
305,2025-12-05 21:00:00,21,4,0,0,2.0,food,0,0,5,jake,chronically late,34.5,transit,0,0,16.2,11.0,29.6,87,12.647959473265974,4.348235603132774,11.570845563790277,-0.31218767937400393,0.5395781884771367,0.1391112263234131,0.02878799381314856,0.18592660126638627
305,2025-12-05 21:00:00,21,4,0,0,2.0,food,0,0,5,maya,always early,14.1,walk,0,0,-0.9,-2.0,15.7,78,-0.46491239107867505,1.6766432174533967,-0.7471178260224786,-0.8116679574196328,-0.6088303081778812,-0.46874843499323665,-0.8225813511412305,-0.6054969748445478
305,2025-12-05 21:00:00,21,4,0,0,2.0,food,0,0,5,sofia,morning struggler,29.6,drive,0,0,1.2,2.0,34.8,67,4.38072599361764,4.736109469031614,3.465921712462183,-0.21925880119504004,-0.03680266084416228,-1.395822509252667,-0.22721513209887778,-0.31400170840989095
138,2025-12-06 21:00:00,21,5,1,0,48.0,food,0,0,3,omar,average,24.6,transit,1,0,5.8,4.0,22.9,71,6.487446242064304,2.863137447009515,6.596413212018374,-0.0819178615672298,0.10282158054019686,-0.1480845822087602,-0.25506395099882706,-0.1800355435842791
138,2025-12-06 21:00:00,21,5,1,0,48.0,food,0,0,3,sofia,morning struggler,20.8,drive,1,0,1.9,1.0,20.7,68,4.3376152657107845,4.714446939790168,2.825032933060224,-0.2309242945288199,-0.6732114492830883,-1.3825693503592333,-0.23781736183698943,-0.3190515730771297
138,2025-12-06 21:00:00,21,5,1,0,48.0,food,0,0,3,zoe,forgets far-off plans,37.8,drive,0,0,2.4,2.0,39.7,81,6.910999004614967,4.771520450276558,7.6174282870328485,-0.18846284486025944,-0.04261879302236515,0.1078970346457444,-0.5869579769016147,-2.31647527408997
661,2025-12-07 13:00:00,13,6,1,0,6.0,party,1,0,5,ethan,improving,30.1,transit,0,0,18.2,13.8,54.1,81,14.79957334294814,3.462851828061999,13.42844952655661,0.17163031067844514,-0.0031195409351454373,0.5029634098049467,1.6336584053728451,0.6168357901305015
661,2025-12-07 13:00:00,13,6,1,0,6.0,party,1,0,5,jake,chronically late,34.1,transit,0,0,19.6,13.0,52.8,88,12.685626962296128,4.33727224495529,12.153036274941751,-0.29356953435889643,0.553536502405171,0.14483249326388048,1.3160280266144984,0.1969502269022385
661,2025-12-07 13:00:00,13,6,1,0,6.0,party,1,0,5,marcus,party procrastinator,22.8,drive,0,0,15.0,16.0,26.4,84,6.983857387567865,5.544011063613545,7.766816396447963,-0.5342668950633405,-0.30326213093393584,0.11756269502545802,7.483612901508772,0.005299375457680888
661,2025-12-07 13:00:00,13,6,1,0,6.0,party,1,0,5,maya,always early,35.6,transit,0,0,-0.8,0.0,66.2,79,-0.47067491079118995,1.6660238038075532,-0.8630499745117685,-0.8004715666143719,-0.600691885175301,-0.46292212281349365,0.956598546682526,-0.5974131966507107
661,2025-12-07 13:00:00,13,6,1,0,6.0,party,1,0,5,priya,overbooked,25.4,transit,0,0,6.0,5.0,33.2,75,11.42579134366925,6.643111720672273,16.893083241048355,-0.02686775702764166,-6.219057322541419,0.12322194408555909,3.191522167822658,0.08979890963902548
345,2025-12-07 19:00:00,19,6,1,0,24.0,study,0,0,4,marcus,party procrastinator,20.4,transit,0,0,8.1,3.5,20.7,85,7.074347454000856,5.579295635865476,9.178384986857386,-0.5062982793955362,-0.2628289872843741,0.12532004329331148,-2.694751207286508,0.03074483736906597
345,2025-12-07 19:00:00,19,6,1,0,24.0,study,0,0,4,priya,overbooked,38.7,transit,0,0,1.5,2.5,41.9,76,11.36038606000095,6.63092624189749,14.502967445714557,-0.046924413732224224,-6.140330908572244,0.10813353314980034,-0.5694477221220904,0.06800095940210582
345,2025-12-07 19:00:00,19,6,1,0,24.0,study,0,0,4,sofia,morning struggler,19.4,transit,0,0,1.7,1.5,16.1,69,4.305287444055096,4.687509490293551,2.91579641258717,-0.23873766066059599,-0.022073009222759232,-1.3681339555216327,-0.24484682371717081,-0.32180379451239594
345,2025-12-07 19:00:00,19,6,1,0,24.0,study,0,0,4,zoe,forgets far-off plans,17.3,drive,0,0,3.3,2.5,16.5,82,6.8596697800008855,4.767608958528333,5.7027627942859676,-0.20255051000082336,-0.05691493416749083,0.09671930846070875,-0.5921245245954214,-2.303445578438316
81,2025-12-07 22:00:00,22,6,1,0,168.0,study,0,0,6,hana,steady,12.5,walk,0,1,3.5,4.5,13.0,78,5.313125298127376,2.5008115053726736,6.060892942322107,-0.22273701796621115,-0.04803738421117476,-0.0833144232505747,-0.5036163482611347,0.13127580564915942
81,2025-12-07 22:00:00,22,6,1,0,168.0,study,0,0,6,jake,chronically late,21.3,drive,0,1,8.8,11.5,23.5,89,12.75946169941034,4.369020468718221,13.031274771260096,-0.26360815835483464,0.586527324352387,0.15598244936408712,-0.03233443401463987,0.3804306404717277
81,2025-12-07 22:00:00,22,6,1,0,168.0,study,0,0,6,omar,average,23.6,transit,1,1,7.4,5.5,21.3,72,6.477784412267171,2.8440724447502483,6.807938403504906,-0.08280179837465695,0.08253423278053784,-0.14706497018870301,-0.25257662030693506,0.23080295415718588
81,2025-12-07 22:00:00,22,6,1,0,168.0,study,0,0,6,priya,overbooked,22.3,transit,1,1,16.2,15.5,25.8,77,11.238895118836245,6.68633812768745,12.482541462524642,-0.07868224245122768,4.688447539873188,0.08670590270674339,-0.5956939905648841,0.8292351755943468
81,2025-12-07 22:00:00,22,6,1,0,168.0,study,0,0,6,sofia,morning struggler,18.7,transit,1,1,1.8,2.5,24.0,70,4.269191996594296,4.662352257329831,2.534054856169799,-0.24509266354477166,-0.7050986640718442,-1.3525838808990578,-0.25040576736525555,0.3269480021893809
81,2025-12-07 22:00:00,22,6,1,0,168.0,study,0,0,6,zoe,forgets far-off plans,28.6,drive,0,1,14.0,12.5,38.1,83,6.818061360733774,4.754268467407252,5.262303245923936,-0.21115563110463587,-0.06613934972461166,0.08941087728735031,-0.5928572700181904,5.1601638822544
42,2025-12-08 21:00:00,21,0,0,0,24.0,food,0,0,3,hana,steady,6.8,walk,0,0,2.0,3.0,7.0,79,5.291992576498281,2.4918981040306716,6.169140736142366,-0.22691850362527344,-0.055685455229181,-0.08601903256982002,-0.5024156344913591,-0.2098056564593529
42,2025-12-08 21:00:00,21,0,0,0,24.0,food,0,0,3,priya,overbooked,39.7,drive,1,0,18.7,14.0,42.8,78,11.299125017178984,6.664579678266923,11.085464290622566,-0.061507262310939836,4.639252388318996,0.0954833172996139,-0.5697775894452359,-0.02124817768052978
42,2025-12-08 21:00:00,21,0,0,0,24.0,food,0,0,3,sofia,morning struggler,39.2,transit,0,0,3.9,1.0,45.7,71,4.237202321392836,4.636854596758226,2.4820578061122385,-0.2521857376721117,-0.0035411077154767767,-1.3388307270076334,-0.2567827793450266,-0.29347487280246964
508,2025-12-08 22:00:00,22,0,0,0,168.0,party,1,0,3,maya,always early,7.1,walk,0,1,-1.4,-1.0,7.2,80,-0.47366755793226384,1.6557022679213795,-0.9067621594092181,-0.7904607157548338,-0.5935636967396931,-0.4583887769984028,0.8911234637395627,-0.13948736312706905
508,2025-12-08 22:00:00,22,0,0,0,168.0,party,1,0,3,omar,average,22.2,transit,0,1,11.7,6.0,19.6,73,6.490234071484071,2.826922679720416,6.98292402042402,-0.07831073247739972,-0.15965684264295277,-0.14311566050696545,0.7398439523439526,0.25112116144724794
508,2025-12-08 22:00:00,22,0,0,0,168.0,party,1,0,3,zoe,forgets far-off plans,24.3,transit,1,1,13.5,13.0,15.1,84,6.899306264896153,4.7905003017001855,6.942658932827472,-0.18407666316725457,-0.019479698672115298,0.10190037665985496,2.189389919797221,5.162643091120423
553,2025-12-09 17:00:00,17,1,0,0,48.0,hangout,0,0,4,ethan,improving,34.7,transit,1,0,14.4,11.2,27.3,82,14.839586496060146,3.456938508977026,13.911310427445756,0.1779531320520249,1.0279997533604632,0.5021594847031565,-0.013901746341561605,0.6171423212412179
553,2025-12-09 17:00:00,17,1,0,0,48.0,hangout,0,0,4,jake,chronically late,14.3,walk,0,0,9.3,10.5,15.4,90,12.718358159549815,4.367442537800315,12.99095947415709,-0.27522585147212375,0.553388571665014,0.14625114395311734,-0.04162900347970577,0.25720658096030924
553,2025-12-09 17:00:00,17,1,0,0,48.0,hangout,0,0,4,marcus,party procrastinator,22.1,transit,0,0,8.8,3.5,23.2,86,7.085099177552008,5.5479243483888805,8.124314050729145,-0.4964563738148646,-0.253841885084948,0.12566240253822514,-2.6523457143441194,0.03416428039069608
553,2025-12-09 17:00:00,17,1,0,0,48.0,hangout,0,0,4,zoe,forgets far-off plans,31.4,transit,0,0,2.1,2.5,49.6,85,6.972711390635919,4.815820813091599,7.120774683038833,-0.1595119803183902,-0.11239305343078954,0.11325844829222298,-0.6350330096730303,-2.4271182067408477
150,2025-12-09 19:00:00,19,1,0,0,48.0,hangout,0,0,6,ethan,improving,15.2,drive,0,0,11.6,12.2,13.8,83,14.834881670269654,3.4373893046218265,14.367109048648473,0.17411044108165719,0.02329778406393679,0.49479843412220426,-0.015523806166156007,0.6074437744149943
150,2025-12-09 19:00:00,19,1,0,0,48.0,hangout,0,0,6,jake,chronically late,14.8,walk,0,0,38.6,11.5,14.5,91,12.683016531080513,4.360483870742604,12.766576151737288,-0.28414876234181285,0.5249078174641397,0.13808908119161067,-0.04909987258168691,0.24118457099152124
150,2025-12-09 19:00:00,19,1,0,0,48.0,hangout,0,0,6,leo,rain hater,14.9,walk,0,0,3.1,3.5,14.5,66,6.612247703996192,5.52590298185934,5.317785058284627,-2.9541842036044095,0.2854396046701586,-0.2037440900570857,-0.432227727867466,-0.18204336726926496
150,2025-12-09 19:00:00,19,1,0,0,48.0,hangout,0,0,6,marcus,party procrastinator,14.5,walk,0,0,3.2,4.5,13.3,87,7.104017249823149,5.51908829240272,7.186862071378042,-0.48581101586012654,-0.24285657954610862,0.12609868407473268,-2.60929382969654,0.03891723349839449
150,2025-12-09 19:00:00,19,1,0,0,48.0,hangout,0,0,6,maya,always early,27.0,drive,1,0,0.8,-1.5,24.4,81,-0.484074569956632,1.6461036007711907,-0.8240213057018949,-0.782900776252204,-0.12379588896419502,-0.45464815888674204,-0.7993109631389057,-0.5807701534269674
150,2025-12-09 19:00:00,19,1,0,0,48.0,hangout,0,0,6,zoe,forgets far-off plans,21.7,transit,0,0,2.9,3.5,14.3,86,6.9194460108102165,4.815705921900796,7.019841717374348,-0.1735374965662837,-0.12614961008953607,0.10247142887333283,-0.6402612049134495,-2.4149425251427754
366,2025-12-11 18:00:00,18,3,0,0,48.0,hangout,0,0,4,jake,chronically late,11.3,walk,0,0,14.1,10.5,11.3,92,12.951123775372986,5.086746558283021,16.91460679296371,-0.18986563225634256,0.6618401470037529,0.18169943010821932,0.00787168744683342,0.3285554203752383
366,2025-12-11 18:00:00,18,3,0,0,48.0,hangout,0,0,4,leo,rain hater,33.0,drive,0,0,2.8,2.5,29.5,67,6.564708419599724,5.500301131917122,5.018488119885636,-2.921947994638213,0.26682505741664553,-0.2091331644057144,-0.4373506085203811,-0.19821659642117684
366,2025-12-11 18:00:00,18,3,0,0,48.0,hangout,0,0,4,priya,overbooked,13.7,walk,1,0,15.5,14.5,13.7,79,11.388797692990241,6.670537305032517,11.668227912282926,-0.03816928634807937,4.610145485593744,0.10783373418017028,-0.5374355413242835,0.0031441688206452767
366,2025-12-11 18:00:00,18,3,0,0,48.0,hangout,0,0,4,sofia,morning struggler,5.9,walk,0,0,1.2,1.5,6.3,72,4.234532548197144,4.604556083749558,2.709866442342041,-0.2511025039876973,-0.006654835847382579,-1.3222415236762188,-0.25560139357832323,-0.2916569848988497
117,2025-12-11 22:00:00,22,3,0,0,6.0,food,0,0,5,ethan,improving,16.4,transit,0,0,11.7,11.7,17.6,84,14.799747225732974,3.4399569141820034,14.028499207352278,0.16207824964419437,0.00023135271897345433,0.48171865239869405,-0.027542557279293334,0.5897098285915661
117,2025-12-11 22:00:00,22,3,0,0,6.0,food,0,0,5,jake,chronically late,29.4,drive,0,0,13.1,11.0,37.0,93,12.963035745818717,5.060103549946146,16.61801021309106,-0.18361784024607353,0.6580863247647688,0.18145492155734466,0.010084003935325825,0.3280704714422402
117,2025-12-11 22:00:00,22,3,0,0,6.0,food,0,0,5,leo,rain hater,35.9,transit,0,0,2.0,3.0,27.4,68,6.5133904532908895,5.477683570729334,3.7181115580831112,-2.891372485999296,0.24897974455515026,-0.21387644937244055,-0.44203182412753783,-0.21397023808993332
117,2025-12-11 22:00:00,22,3,0,0,6.0,food,0,0,5,maya,always early,33.5,transit,1,0,-1.6,-2.0,36.2,82,-0.46807467712373735,1.6477266079116366,-0.6623070506067821,-0.7668562689302731,-0.0884899223803553,-0.447626251808145,-0.785263842120967,-0.5658995036003687
117,2025-12-11 22:00:00,22,3,0,0,6.0,food,0,0,5,sofia,morning struggler,13.6,walk,1,0,-0.2,2.0,12.7,73,4.19586542423378,4.584453646551612,2.698818692638223,-0.2596856286596707,-0.7286232823624661,-1.310041436439768,-0.2633759379655163,-0.2961694371577668
38,2025-12-12 15:00:00,15,4,0,0,24.0,hangout,0,0,5,ethan,improving,15.6,drive,0,0,16.5,11.6,15.3,85,14.7643993993994,3.440719728361342,13.775542685542687,0.15276939276939672,-0.019032782782781865,0.47123471032007913,-0.036700810399437955,0.5748473148473181
38,2025-12-12 15:00:00,15,4,0,0,24.0,hangout,0,0,5,leo,rain hater,31.2,transit,0,0,2.5,3.0,27.7,69,6.451296566837108,5.463550528093511,3.686084733382031,-2.8650654032410796,0.23055236703885296,-0.21859391706630404,-0.447350677080407,-0.23135720762701162
38,2025-12-12 15:00:00,15,4,0,0,24.0,hangout,0,0,5,marcus,party procrastinator,19.7,drive,0,0,3.2,4.0,21.6,88,7.062321999418773,5.502977687557171,7.332091999833936,-0.49002313869606606,-0.2564418566031472,0.1196281141845672,-2.5881903556229666,0.025988658437725576
38,2025-12-12 15:00:00,15,4,0,0,24.0,hangout,0,0,5,maya,always early,24.7,transit,0,0,-1.9,-2.0,25.5,83,-0.48186425061425064,1.6392424139468793,-0.6948183573183574,-0.7594492972250327,-0.5912995787995788,-0.44325226504914017,-0.777167547373027,-0.5620313939649876
38,2025-12-12 15:00:00,15,4,0,0,24.0,hangout,0,0,5,omar,average,28.7,transit,1,0,2.7,5.0,31.2,74,6.55691070817653,2.873364494946319,6.9591173451932935,-0.057152059100238795,0.04600493116425053,-0.12855994330677767,-0.3086084502223736,-0.25216814916181907
388,2025-12-13 09:00:00,9,5,1,1,6.0,hangout,0,0,2,omar,average,39.8,drive,0,0,6.5,4.0,36.7,75,6.507539682539682,2.886951487103462,6.330725623582766,-0.07003663003662997,-0.07776334776334615,0.28801020408163325,-0.31423970554405223,-0.265938069216757
388,2025-12-13 09:00:00,9,5,1,1,6.0,hangout,0,0,2,priya,overbooked,31.1,transit,1,0,17.3,14.0,22.6,80,11.4353314659197,6.642679123478719,11.538666133119914,-0.02298417958732557,4.558680706850641,0.7782575594340297,-0.514236361211152,0.01862078164599268
17,2025-12-13 12:00:00,12,5,1,0,6.0,hangout,0,0,3,ethan,improving,29.4,drive,0,0,10.5,10.6,36.1,86,14.78302525732489,3.423567233370212,14.56657864494997,0.15563020788824566,-0.007367449347439603,0.4689642160079366,-0.030118145343477565,0.5722968745549117
17,2025-12-13 12:00:00,12,5,1,0,6.0,hangout,0,0,3,maya,always early,34.7,drive,0,0,-3.2,-3.0,35.8,84,-0.4982550739711781,1.6325674137824195,-0.8423585925631938,-0.7537923951571682,-0.5891086036828203,-0.439908819483833,-0.7705459445403883,-0.5600722394112202
17,2025-12-13 12:00:00,12,5,1,0,6.0,hangout,0,0,3,zoe,forgets far-off plans,6.8,walk,0,0,0.4,2.0,6.3,87,6.875601069745273,4.806688210440192,7.078743162784363,-0.18389433176225545,-0.13641678884097974,0.09401345252853677,-0.6425497191205762,-2.398317407823983
456,2025-12-16 12:00:00,12,1,0,0,24.0,party,1,0,5,leo,rain hater,27.7,drive,1,0,5.8,5.0,27.6,70,6.396841423948221,5.443742147771932,3.670526121128063,-2.8353103854074733,-1.241578478964402,-0.22135275080906336,1.6877447988904297,-0.2445667270034555
456,2025-12-16 12:00:00,12,1,0,0,24.0,party,1,0,5,marcus,party procrastinator,20.0,transit,1,0,16.4,16.0,17.7,89,7.0198202850650695,5.486842095622966,7.4770915100185915,-0.49233151724850277,0.5730047658394062,0.11500107926443004,7.476143771947942,0.015232980198896406
456,2025-12-16 12:00:00,12,1,0,0,24.0,party,1,0,5,priya,overbooked,12.8,walk,1,0,17.1,17.0,13.1,81,11.503059381350191,6.630716741914662,13.17230268038577,-0.004235813200871519,4.520855107863461,0.05298343562060026,2.7027054639873587,0.0380011384632013
456,2025-12-16 12:00:00,12,1,0,0,24.0,party,1,0,5,sofia,morning struggler,17.1,transit,0,0,5.6,4.0,18.5,74,4.1375076809635,4.578621678975223,2.3821450517038576,-0.27051489338822643,0.03277983386957395,-1.2979523603495617,0.01973118244794758,-0.3014563997342612
456,2025-12-16 12:00:00,12,1,0,0,24.0,party,1,0,5,zoe,forgets far-off plans,7.4,walk,0,0,4.9,5.0,7.3,88,6.804979642968994,4.827681458470807,6.644279897991141,-0.20070466645787644,-0.15270823758139862,0.08222152625534918,2.491067631496528,-2.392848786868333
292,2025-12-17 21:00:00,21,2,0,0,6.0,hangout,0,0,4,leo,rain hater,24.1,transit,1,0,1.1,2.5,32.1,71,6.389919687638881,5.405604077746366,4.139977053611109,-2.789034001242552,-1.198766838333328,-0.22020703357980498,-0.44371365069654,-0.24409304700230638
292,2025-12-17 21:00:00,21,2,0,0,6.0,hangout,0,0,4,maya,always early,22.9,drive,0,0,0.9,-2.5,22.4,85,-0.5285122637716125,1.640459889945204,-1.193860646791889,-0.7535243264977883,-0.5936809872877423,-0.4390799474339737,-0.7680552204798284,-0.5645568471201762
292,2025-12-17 21:00:00,21,2,0,0,6.0,hangout,0,0,4,omar,average,38.8,transit,0,0,9.3,4.5,54.8,76,6.507825879759936,2.8679055548375616,6.730807394217123,-0.06935422220236553,-0.07676999763851367,-0.135443775551491,-0.310124031205655,-0.26203347010187716
292,2025-12-17 21:00:00,21,2,0,0,6.0,hangout,0,0,4,priya,overbooked,11.6,walk,1,0,14.0,14.5,10.2,82,11.56820570414431,6.616336050750928,15.419487344041233,0.011808385180644976,4.480741233725718,0.06308953330083789,-0.5479095277961203,0.054586358643490485
5,2025-12-17 22:00:00,22,2,0,0,48.0,study,0,1,2,priya,overbooked,16.6,transit,1,0,15.3,15.5,21.7,83,11.595484557459347,6.580702597984353,15.112995587845527,0.9717482208194266,4.41990882477393,0.06752079427858604,-0.5319092409691155,0.06174041222964988
5,2025-12-17 22:00:00,22,2,0,0,48.0,study,0,1,2,sofia,morning struggler,37.8,drive,0,0,0.3,2.5,39.4,75,4.156283013205282,4.552159731624345,2.9446522894872236,-0.017212259903962135,0.038578520117724224,-1.2781557825833043,-0.29041508911256875,-0.2936913694049048
449,2025-12-18 18:00:00,18,3,0,0,6.0,study,0,1,6,ethan,improving,8.9,walk,1,0,14.0,13.4,9.8,87,14.735921634990886,3.4404877568095253,13.453120467140254,1.3462788191732482,1.0749243128649528,0.45669274804428817,-0.04286019265815888,0.5549594811477796
449,2025-12-18 18:00:00,18,3,0,0,6.0,study,0,1,6,hana,steady,35.3,drive,0,0,5.6,6.0,50.4,80,5.252997534343079,2.5007948736351806,5.829427866955165,0.19086554164398528,-0.06867953931708737,-0.09062589752621442,-0.5048727055692535,-0.22122849323976546
449,2025-12-18 18:00:00,18,3,0,0,6.0,study,0,1,6,leo,rain hater,36.5,transit,0,0,12.2,13.0,37.3,72,6.320841434015087,5.4023564531520485,3.8345261240043103,6.05532685278793,0.28547430301734167,-0.22633855665292835,-0.45212192401395956,-0.26339541483352313
449,2025-12-18 18:00:00,18,3,0,0,6.0,study,0,1,6,marcus,party procrastinator,39.8,transit,0,0,7.1,6.0,36.3,90,7.118997793885913,5.544780216953689,7.70542794111026,1.8438963623998523,-0.3599134422038075,0.12427986132997226,-2.6582546997044316,0.042476423670875896
449,2025-12-18 18:00:00,18,3,0,0,6.0,study,0,1,6,omar,average,7.4,walk,0,0,10.1,7.0,7.6,77,6.54152183438002,2.8676365734913536,7.2404348098228635,-0.07614137578501534,-0.057177813820367795,-0.12613837365918457,-0.2977526911138204,-0.244575657048272
449,2025-12-18 18:00:00,18,3,0,0,6.0,study,0,1,6,sofia,morning struggler,24.4,drive,0,0,2.3,4.0,24.0,76,4.108701116285948,4.540942363483207,2.716771747510271,-0.1637722790750078,0.020560877070079364,-1.268121041866885,-0.3004661832339819,-0.2996376573925712
156,2025-12-19 13:00:00,13,4,0,0,6.0,study,0,1,4,jake,chronically late,11.8,walk,0,0,15.4,12.0,12.0,94,12.963009404388709,5.033139161040122,15.689431258396771,1.5644924041475843,0.6504471694634013,0.1809798879926774,0.011584165633889754,0.3256450446105692
156,2025-12-19 13:00:00,13,4,0,0,6.0,study,0,1,4,omar,average,38.1,drive,0,0,10.2,6.0,40.9,78,6.584794349813046,2.878289359740572,7.638512671375155,0.06396620966625033,-0.03438104379467877,-0.11597281900393241,-0.28446140885380533,-0.2250447912339011
156,2025-12-19 13:00:00,13,4,0,0,6.0,study,0,1,4,priya,overbooked,6.5,walk,0,0,5.5,4.0,6.5,84,11.637504843084075,6.552200994206506,14.639287098024022,1.0768713676869428,-6.482295837100176,0.07358920960867898,-0.5130182099961278,0.07178602469187467
156,2025-12-19 13:00:00,13,4,0,0,6.0,study,0,1,4,sofia,morning struggler,20.8,transit,1,0,1.3,3.0,14.6,77,4.087047939444912,4.514893925820409,2.4820136969842608,-0.22180977138925062,-0.8029070830438441,-1.2550053118498519,-0.30293988426245555,-0.30044738809457083
75,2025-12-19 17:00:00,17,4,0,0,48.0,party,1,0,4,ethan,improving,38.3,transit,0,0,11.9,12.9,42.7,88,14.728485079849843,3.4230351183544117,13.393852879957096,0.15053296317863207,-0.0261878959909847,0.4496611013177958,1.7688978928432988,0.5457952376407746
75,2025-12-19 17:00:00,17,4,0,0,48.0,party,1,0,4,hana,steady,12.0,walk,0,0,5.3,5.5,12.4,81,5.25754781890739,2.4859109168310423,5.887870805402112,-0.24008106751713942,-0.06668604137698608,-0.08934858986261762,1.3584376863446623,-0.21682449929319336
75,2025-12-19 17:00:00,17,4,0,0,48.0,party,1,0,4,jake,chronically late,26.1,transit,1,0,10.7,12.5,17.7,95,12.98749112426035,5.011399083651517,16.639283178360103,-0.2023955393718655,-0.5086729125575253,0.18292504930966835,1.409034188034191,0.3294386937308129
75,2025-12-19 17:00:00,17,4,0,0,48.0,party,1,0,4,maya,always early,19.5,drive,1,0,-1.2,-0.5,17.9,86,-0.5126471161974122,1.6436744705928024,-0.8607563189135463,-0.7375393004362083,-0.08612740316882317,-0.4314882522482151,0.829485337148059,-0.5494907282949317
531,2025-12-19 19:00:00,19,4,0,0,2.0,hangout,0,1,4,hana,steady,10.8,walk,0,0,6.3,5.0,11.1,82,5.25777723623465,2.4707934044736968,6.102222067495613,0.193913467294621,-0.0652936159232782,-0.08791615896998373,-0.497655507725427,-0.21316699472460154
531,2025-12-19 19:00:00,19,4,0,0,2.0,hangout,0,1,4,leo,rain hater,30.1,transit,0,0,12.4,12.0,36.5,73,6.396495122466853,5.409908342613008,5.198998606419101,5.987446247238311,0.301696810030597,-0.213173538736247,-0.4291057752266427,-0.23387454807436558
531,2025-12-19 19:00:00,19,4,0,0,2.0,hangout,0,1,4,maya,always early,31.3,drive,1,0,-0.8,-1.0,23.6,87,-0.5203628309520153,1.6343598899774097,-1.1486750945577187,0.4722902647616123,-0.09905052887895505,-0.4272778137475096,-0.7467663026632491,-0.5443697301473976
531,2025-12-19 19:00:00,19,4,0,0,2.0,hangout,0,1,4,omar,average,24.3,transit,0,0,4.6,6.0,41.2,79,6.627697851814459,2.8894849952707085,7.436485100518417,0.19223347814337188,-0.011791254203063595,-0.1055561050702396,-0.2710062181285373,-0.20556724782873204
178,2025-12-20 21:00:00,21,5,1,0,96.0,food,0,1,6,ethan,improving,11.4,walk,0,1,14.2,13.4,10.6,89,14.697656581277592,3.4207532553866113,13.427901880365027,1.264884624321775,-0.042287011334924074,0.4405792664711061,-0.016231806193538034,-0.431640864256039
178,2025-12-20 21:00:00,21,5,1,0,96.0,food,0,1,6,hana,steady,35.0,transit,1,1,7.2,6.0,29.4,83,5.269087711819248,2.459273732198679,4.748310774805499,0.22030556147642777,-0.317194438523571,-0.08457612466991016,-0.4873925961557841,0.08872983054460182
178,2025-12-20 21:00:00,21,5,1,0,96.0,food,0,1,6,leo,rain hater,35.9,transit,1,1,18.3,13.0,27.6,74,6.471895172659415,5.41900788496087,6.7062557636169755,5.926603933388624,-1.4852576246984661,-0.1994698231554013,-0.40581581232177566,0.34046082083092255
178,2025-12-20 21:00:00,21,5,1,0,96.0,food,0,1,6,maya,always early,12.1,walk,1,1,2.8,0.0,11.6,88,-0.5238739931172711,1.6251700483181486,-1.0353925694620774,0.4462059175177959,-0.10173131830730253,-0.42223624177198027,-0.7374165259163179,-0.12506979879949987
178,2025-12-20 21:00:00,21,5,1,0,96.0,food,0,1,6,omar,average,37.3,transit,0,1,6.0,7.0,25.7,80,6.603290807530516,2.8796527568441306,7.700940230723004,0.11481588975872725,-0.023016573569638155,-0.10840475369514735,-0.2719873745892638,0.36822811070500894
178,2025-12-20 21:00:00,21,5,1,0,96.0,food,0,1,6,sofia,morning struggler,28.5,transit,0,1,4.9,4.0,30.2,78,4.052767694458963,4.4950738249388325,2.4865050555597037,-0.3065138478374494,0.04354228167064367,-1.2428477142992898,-0.30771124633697955,0.2848215370273577
599,2025-12-21 17:00:00,17,6,1,0,6.0,hangout,0,0,6,ethan,improving,38.4,drive,0,0,10.3,11.9,43.9,90,14.692890141535447,3.402990877681021,13.783682897581555,0.1466654923105235,-0.04500809922798865,0.43428745280567327,-0.018027145331844352,0.5375351758432885
599,2025-12-21 17:00:00,17,6,1,0,6.0,hangout,0,0,6,jake,chronically late,25.0,drive,1,0,11.5,11.5,28.4,96,12.964599638077893,4.9920508642838595,16.832742753736543,-0.207346496427391,-0.5369510383376372,0.17741133104726536,0.03796355951279118,0.31818783930197725
599,2025-12-21 17:00:00,17,6,1,0,6.0,hangout,0,0,6,leo,rain hater,39.9,transit,0,0,2.6,3.5,38.4,75,6.620307043073341,5.553265305705784,9.005802012306669,-3.0430871270142754,0.18123136928069972,-0.17761990686845142,-0.36885653999667234,-0.340917595210378
599,2025-12-21 17:00:00,17,6,1,0,6.0,hangout,0,0,6,marcus,party procrastinator,32.1,drive,0,0,5.3,4.5,37.8,91,7.1190058692277844,5.514230309069542,7.5625731054936525,-0.4635116797692804,-0.3551860171980774,0.12269774996055727,-2.623072144612598,0.041690704773975185
599,2025-12-21 17:00:00,17,6,1,0,6.0,hangout,0,0,6,omar,average,28.6,drive,0,0,5.9,5.5,30.1,81,6.59679724937055,2.8624430556630434,7.627656356963014,-0.10897655911901616,-0.026567966635259843,-0.10885006191196034,-0.2703440994125126,-0.2046156395697496
599,2025-12-21 17:00:00,17,6,1,0,6.0,hangout,0,0,6,sofia,morning struggler,26.8,transit,0,0,2.4,2.5,26.1,79,4.063387660069849,4.468151822422761,3.218110760019957,-0.17543476314139905,0.04610369839706241,-1.2259910151935767,-0.30082333687638174,-0.3124706970513662
171,2025-12-21 18:00:00,18,6,1,0,6.0,study,0,1,2,omar,average,15.8,transit,0,0,2.9,5.5,25.0,82,6.588273204438243,2.8457846864891305,7.139506629839498,0.0967837131530569,-0.02954149440290177,-0.10851520415004501,-0.2679920725673055,-0.2040737115697171
171,2025-12-21 18:00:00,18,6,1,0,6.0,study,0,1,2,sofia,morning struggler,24.9,transit,0,0,5.0,2.5,28.7,80,4.043291397483849,4.443011366179475,2.755226113566814,-0.25093902300804727,0.03877613262856361,-1.2127033343519602,-0.30162772623500267,-0.3119879246808863
674,2025-12-23 16:00:00,16,1,0,0,2.0,food,0,0,4,ethan,improving,24.1,transit,0,0,11.2,10.8,27.5,91,14.64622380815071,3.4208171681360398,12.884635373757344,0.13440729111785643,-0.0688219767544993,0.4234479991305822,-0.03044023070515145,0.5212288630779955
674,2025-12-23 16:00:00,16,1,0,0,2.0,food,0,0,4,maya,always early,38.7,drive,0,0,-2.5,-2.5,56.3,89,-0.48896291933544384,1.664564933284085,-0.35398940552441255,-0.7588817278406286,-0.599594877583908,-0.41155818062591937,-0.718021883186059,-0.5696575820656753
674,2025-12-23 16:00:00,16,1,0,0,2.0,food,0,0,4,priya,overbooked,25.2,transit,0,0,0.4,2.5,27.2,85,11.568194284249646,6.549728222788145,13.190912652642757,0.044521545767223,-6.4130328944861805,0.06194116539539252,-0.5243973731516984,0.053685334700329435
674,2025-12-23 16:00:00,16,1,0,0,2.0,food,0,0,4,sofia,morning struggler,13.8,walk,0,0,0.2,1.5,13.8,81,4.053924250958934,4.4174223111469715,3.429692643131124,-0.18923301982568086,0.04263726030665804,-1.1955539852740005,-0.29378874032802305,-0.30499596756167113
312,2025-12-23 20:00:00,20,1,0,0,24.0,party,1,1,6,hana,steady,22.0,drive,0,0,8.8,8.0,26.4,84,5.288945935835086,2.4549016171963753,5.2825559816671666,0.2728432513319312,-0.07815275207891936,-0.07864435438172546,1.2660398367530936,-0.2235822640825056
312,2025-12-23 20:00:00,20,1,0,0,24.0,party,1,1,6,jake,chronically late,34.4,transit,0,0,17.8,15.0,47.0,97,12.948197924405122,4.969370740056626,12.956627978401462,1.6088757652995334,0.6900772875082914,0.17507370192124228,1.2434331083330665,0.31156737957050495
312,2025-12-23 20:00:00,20,1,0,0,24.0,party,1,1,6,leo,rain hater,5.0,walk,0,0,14.7,15.0,4.9,76,6.568101089991637,5.5349723866817655,8.533743168569039,6.058345533221154,0.1668318271719178,-0.17941022880797686,1.4212659400055756,-0.35028069233604064
312,2025-12-23 20:00:00,20,1,0,0,24.0,party,1,1,6,marcus,party procrastinator,7.9,walk,0,0,19.4,18.0,8.1,92,7.098105033910542,5.487323852515163,7.056601438260154,1.7664212245670932,-0.35576907268379276,0.12135719619329244,7.4861459341491745,0.038026530708866524
312,2025-12-23 20:00:00,20,1,0,0,24.0,party,1,1,6,sofia,morning struggler,14.2,walk,0,0,5.3,6.0,15.8,82,4.008232049302559,4.408489862451866,3.1166377283721594,-0.17458563944204686,0.027667366087335665,-1.1855016758888208,0.1888259630230804,-0.30900625658528513
312,2025-12-23 20:00:00,20,1,0,0,24.0,party,1,1,6,zoe,forgets far-off plans,25.7,drive,0,0,7.5,7.0,24.9,89,6.783150939248112,4.804480718072665,5.3380431254994605,0.5266560923991861,-0.15474382775784967,0.07938735129589336,2.2876367955639134,-2.365531305969263
537,2025-12-24 17:00:00,17,2,0,0,96.0,hangout,0,0,4,leo,rain hater,25.2,transit,0,1,1.8,2.5,23.3,77,6.66921739855939,5.576708665623297,10.505490685302684,-3.104629691787028,0.1902838807464473,-0.16602146358800152,-0.46575138457633347,0.7101501920222901
537,2025-12-24 17:00:00,17,2,0,0,96.0,hangout,0,0,4,marcus,party procrastinator,8.3,walk,0,1,0.9,3.5,8.4,93,7.225263537570102,5.603894843296939,9.407218153591456,-0.5798206389377798,-0.3032862715180684,0.13200869563258966,-2.7117593574668044,-0.3467945517587161
537,2025-12-24 17:00:00,17,2,0,0,96.0,hangout,0,0,4,omar,average,24.0,transit,0,1,4.7,4.5,44.1,83,6.546316212293977,2.856113484394157,6.09894748922685,-0.07085178491942123,-0.04898952877858331,-0.11514209612128656,-0.27317879591125127,0.3749470301648188
537,2025-12-24 17:00:00,17,2,0,0,96.0,hangout,0,0,4,priya,overbooked,24.4,transit,0,1,5.8,2.5,30.3,86,11.445888205295272,6.625255793708752,10.741682344370078,0.009171008391080093,-6.431955546703789,0.03983668527151174,-0.5521623249422571,0.8805838460285464
396,2025-12-24 19:00:00,19,2,0,0,2.0,study,0,1,5,ethan,improving,17.3,drive,0,0,14.4,12.8,19.7,92,14.610081093415403,3.4253102739153127,12.974308883832972,1.2424391799384473,-0.08659010148999258,0.4140807657652399,-0.0398227963637936,0.507393671248181
396,2025-12-24 19:00:00,19,2,0,0,2.0,study,0,1,5,marcus,party procrastinator,31.1,drive,1,0,9.5,5.5,31.1,94,7.160382485467616,5.611405255836018,9.060109281562175,2.2206609634532457,0.7603731154750761,0.12474424248278737,-2.6980199864112766,0.130999149437792
396,2025-12-24 19:00:00,19,2,0,0,2.0,study,0,1,5,omar,average,21.7,transit,0,0,5.5,6.5,34.3,84,6.524470405183079,2.845632319770024,5.306991544338023,-0.003576324146464138,-0.05693365477815249,-0.1165925314373153,-0.27290178946621513,-0.19620052244902908
396,2025-12-24 19:00:00,19,2,0,0,2.0,study,0,1,5,sofia,morning struggler,23.9,drive,0,0,3.1,3.5,25.6,83,4.023612114332886,4.384947000525339,3.6924606040951105,-0.1306097846534855,0.031722096850656634,-1.1697333268735641,-0.31502793972643595,-0.30259834067490665
396,2025-12-24 19:00:00,19,2,0,0,2.0,study,0,1,5,zoe,forgets far-off plans,5.3,walk,1,0,5.4,4.5,5.0,90,6.791345958539936,4.778381873954125,4.483241702439982,0.5285118585339639,0.3780221268267159,0.07908113207284906,-0.6374633029361441,-2.3291069615013695
490,2025-12-24 22:00:00,22,2,0,0,6.0,hangout,0,0,5,ethan,improving,31.9,drive,0,0,9.0,11.3,33.1,93,14.607932924862949,3.4073906466114012,13.030837978532272,0.12669713153113804,-0.08644539315675814,0.4091744598516627,-0.03993711705901326,0.5008726063788984
490,2025-12-24 22:00:00,22,2,0,0,6.0,hangout,0,0,5,hana,steady,28.9,transit,1,0,4.0,4.0,34.0,85,5.328638073739654,2.471908330793792,6.265325163925616,-0.3019251698454761,-0.27491045899172306,-0.07269602110473361,-0.5107288688236773,-0.20627299593243187
490,2025-12-24 22:00:00,22,2,0,0,6.0,hangout,0,0,5,omar,average,14.6,walk,0,0,9.7,5.0,14.1,85,6.513082518184098,2.8307398130653687,5.432309290909743,-0.06575769802582965,-0.06130693986224589,-0.11726486079759191,-0.27174818159016834,-0.19764175599684464
490,2025-12-24 22:00:00,22,2,0,0,6.0,hangout,0,0,5,priya,overbooked,10.5,walk,0,0,3.7,3.0,11.6,87,11.38345028952792,6.616706376780117,9.109557225579405,-0.006907507322134521,-6.357366919075623,0.03001057128701312,-0.5608548757431908,0.07861880846733804
490,2025-12-24 22:00:00,22,2,0,0,6.0,hangout,0,0,5,zoe,forgets far-off plans,14.6,walk,0,0,4.5,3.0,14.9,91,6.776848194130924,4.754127856391589,4.950528055465979,-0.1965333763302155,-0.13780716918592884,0.0758442308191265,-0.6332951819977426,-2.3024222649667747
638,2025-12-27 09:00:00,9,5,1,1,96.0,hangout,0,1,2,marcus,party procrastinator,6.1,walk,0,1,16.5,4.5,5.9,95,7.1833771043771035,5.58699955154103,8.080964886964887,2.2082995102540552,-0.34448529741863076,-1.401688552188551,-2.6549554951221612,-0.5739472990777337
638,2025-12-27 09:00:00,9,5,1,1,96.0,hangout,0,1,2,priya,overbooked,22.7,transit,0,1,2.7,3.5,25.1,88,11.300405488577532,6.632091947119048,7.614401568165009,0.9901672467980713,-6.317854802505341,1.2283107573430154,-0.5757038334750959,0.6806434372742594
142,2025-12-27 21:00:00,21,5,1,0,96.0,study,0,0,6,hana,steady,6.6,walk,0,1,5.0,4.5,6.5,86,5.3138488611053,2.4608332691555956,6.032528246030085,-0.302859656740635,-0.050002513883492306,-0.07373880984903103,-0.5076745939273186,0.12342976603033495
142,2025-12-27 21:00:00,21,5,1,0,96.0,study,0,0,6,jake,chronically late,31.8,transit,0,1,18.8,11.5,37.3,98,12.995730547190115,4.965287668670674,13.498780156340032,-0.25224738799073165,0.7053930633234629,0.18038399835774221,-0.008473129736129792,0.022679173423368226
142,2025-12-27 21:00:00,21,5,1,0,96.0,study,0,0,6,leo,rain hater,15.0,transit,1,1,3.5,3.5,17.7,78,6.60915959470581,5.567181589289705,9.002617027058802,-3.0795697985443002,-0.8856965434674384,-0.1701109027374894,-0.47102351174012735,0.5145707519693659
142,2025-12-27 21:00:00,21,5,1,0,96.0,study,0,0,6,maya,always early,33.0,transit,0,1,1.0,-1.5,31.6,90,-0.5109447751517652,1.6633095819576398,-0.26026993575764723,-0.7555582916394518,-0.6003197603073219,-0.4092244647994858,-0.7137985650477136,-0.020879354040195808
142,2025-12-27 21:00:00,21,5,1,0,96.0,study,0,0,6,priya,overbooked,15.2,drive,1,1,16.6,15.5,12.4,89,11.209151557027472,6.659804299596621,5.788329016293564,0.05637776485743018,4.760602887543861,0.1021074642241615,-0.5931803033718648,0.32929197866058857
142,2025-12-27 21:00:00,21,5,1,0,96.0,study,0,0,6,sofia,morning struggler,33.7,drive,0,1,5.0,2.5,39.6,84,4.0130364759615995,4.359445137257941,3.432296135989028,-0.2060934553674505,0.02789470089280055,-1.1568294593374069,-0.3135134296628599,0.34728742277640023
681,2025-12-28 11:00:00,11,6,1,0,24.0,food,0,0,2,jake,chronically late,19.4,transit,1,0,7.7,10.0,19.1,99,13.051773337896805,4.970982834386099,14.329078096541945,-0.23005893432292623,-0.6370663197524884,0.18715077582111128,0.0039442653558250385,0.26967625587739263
681,2025-12-28 11:00:00,11,6,1,0,24.0,food,0,0,2,priya,overbooked,26.2,drive,0,0,2.8,2.0,29.9,90,11.266151864644927,6.644988922321675,7.390329104184265,0.07142197283231333,-6.343450417737009,0.1106805979812453,-0.5708257972623372,0.08749436033201619
298,2025-12-29 10:00:00,10,0,0,0,6.0,study,0,0,5,ethan,improving,10.1,walk,0,0,9.9,11.1,10.6,94,14.551094743214612,3.444387119012968,12.600312783775605,0.11101939794289706,-0.11498483562530026,0.3967676053136664,-0.055348154127289106,0.48249906520977603
298,2025-12-29 10:00:00,10,0,0,0,6.0,study,0,0,5,jake,chronically late,31.7,drive,0,0,12.5,11.0,28.8,100,13.000555995983296,4.977655974452232,13.214444570280943,-0.24442453281358212,0.7727225952831311,0.1773680038053005,-0.007191773984221328,0.2500799073891944
298,2025-12-29 10:00:00,10,0,0,0,6.0,study,0,0,5,leo,rain hater,19.8,transit,0,0,4.4,3.0,15.3,79,6.5721235664076945,5.542306154193379,7.72060673325934,-3.046113269207053,0.207015822462429,-0.17262207486290393,-0.4726630481605909,-0.22349867668402634
298,2025-12-29 10:00:00,10,0,0,0,6.0,study,0,0,5,omar,average,19.1,transit,0,0,4.5,5.0,18.3,86,6.547894281079632,2.8357270718388925,5.9708269374513225,-0.0516161181453727,-0.044265926452388804,-0.10913537484014935,-0.2611508885121552,-0.1816161181453717
298,2025-12-29 10:00:00,10,0,0,0,6.0,study,0,0,5,priya,overbooked,27.1,transit,0,0,2.4,3.0,29.5,91,11.177691453940065,6.669902768894315,7.707911843982877,0.04621306846120632,-6.316061518947201,0.09426735152156596,-0.5865857380688109,0.06062210079968189
338,2025-12-29 14:00:00,14,0,0,0,6.0,food,0,0,2,jake,chronically late,8.6,walk,0,0,14.4,10.0,8.5,101,12.99561206214336,4.953541043112238,13.470174874898104,-0.2428643475564094,0.7596387755054828,0.17499273275993943,-0.007941069717901428,0.2457934177461265
338,2025-12-29 14:00:00,14,0,0,0,6.0,food,0,0,2,omar,average,19.8,transit,0,0,7.8,4.0,17.7,87,6.5253791150782225,2.8273287426003915,5.764394032879492,-0.05880312105862906,-0.05333589753507262,-0.11163648611003829,-0.2620841079746281,-0.1869721351431357
564,2025-12-29 17:00:00,17,0,0,0,24.0,hangout,0,0,6,hana,steady,13.5,walk,0,0,4.9,4.5,11.5,87,5.310582263934113,2.446726075778199,5.9887377896954614,-0.2999778791500196,-0.0506821045021324,-0.07348918958504758,-0.5021028961461838,-0.2055406736531049
564,2025-12-29 17:00:00,17,0,0,0,24.0,hangout,0,0,6,leo,rain hater,36.2,transit,0,0,3.8,3.5,23.0,80,6.546747862140451,5.512533304888053,5.727642246325843,-3.008489840653529,0.1965912708695816,-0.17382612075667314,-0.471967601185014,-0.22956999379647858
564,2025-12-29 17:00:00,17,0,0,0,24.0,hangout,0,0,6,marcus,party procrastinator,32.1,drive,1,0,4.5,4.5,31.0,96,7.275975923583548,5.638106547654837,9.450278835309584,-0.6967002655363475,0.7166867303470426,0.038549125026110964,-2.5901546625972474,0.04938846200081315
564,2025-12-29 17:00:00,17,0,0,0,24.0,hangout,0,0,6,maya,always early,8.3,walk,0,0,-2.7,-1.5,8.2,91,-0.49506699706314244,1.6667319554092148,-0.24144771344661217,-0.7397348270627455,-0.5839820468385593,-0.40237999140635444,-0.7008746902533038,-0.5845806455842248
564,2025-12-29 17:00:00,17,0,0,0,24.0,hangout,0,0,6,omar,average,22.5,drive,1,0,4.3,5.5,20.4,88,6.539500734214392,2.8147807556680746,6.4684287812041115,-0.053424294338392464,-0.0695839451786604,-0.10820550926171801,-0.2566043479818081,-0.17981318322728068
564,2025-12-29 17:00:00,17,0,0,0,24.0,hangout,0,0,6,priya,overbooked,37.5,drive,0,0,10.2,3.5,36.3,92,11.087356374040601,6.698508972003779,7.196387535440172,0.02060339933693811,-6.293477725896346,0.07743422216862861,-0.6029516595936499,0.033362383810070284
285,2025-12-29 22:00:00,22,0,0,0,6.0,hangout,0,0,3,jake,chronically late,36.6,transit,0,0,11.3,10.0,36.8,102,13.008047199329226,4.9304712075353665,13.888013485522636,-0.2349491517501061,0.7568875403508564,0.17587275939908587,-0.004348981974375832,0.24772028298425752
285,2025-12-29 22:00:00,22,0,0,0,6.0,hangout,0,0,3,leo,rain hater,18.6,transit,0,0,0.4,2.0,18.2,81,6.513500585211947,5.486394194915523,5.889571595774841,-2.9737021509206607,0.18604170952128918,-0.17439561081614752,-0.4712672128644826,-0.2363736758677728
285,2025-12-29 22:00:00,22,0,0,0,6.0,hangout,0,0,3,sofia,morning struggler,12.4,walk,0,0,6.8,1.0,12.9,85,4.0229005592025295,4.335656621447361,3.8065430169150085,-0.19768728279057912,0.03223328299483175,-1.1405850497261882,-0.3051370079050617,-0.30989411309980364
548,2025-12-30 16:00:00,16,1,0,0,48.0,study,0,0,4,hana,steady,39.8,transit,0,0,4.1,3.5,46.4,88,5.304710310620186,2.432964629931119,5.787060088748624,-0.2960498723826728,-0.050216539049339204,-0.07187831581668647,-0.49543400865735343,-0.2029701479004542
548,2025-12-30 16:00:00,16,1,0,0,48.0,study,0,0,4,leo,rain hater,21.7,drive,0,0,6.2,2.5,18.7,82,6.442966194111231,5.4930956880390855,3.8265617697460663,-2.9586037977531965,0.16418423603538201,-0.1805902066654257,-0.4796131550249658,-0.2574539739559949
548,2025-12-30 16:00:00,16,1,0,0,48.0,study,0,0,4,maya,always early,15.7,drive,0,0,-2.2,-2.5,18.4,92,-0.5191952691992041,1.6676690432478452,-0.4626272197712012,-0.736751082080743,-0.5850942430616077,-0.39986064480075134,-0.6968044387760555,-0.5849734117303176
548,2025-12-30 16:00:00,16,1,0,0,48.0,study,0,0,4,zoe,forgets far-off plans,30.3,transit,0,0,1.5,2.5,32.7,92,6.751938751419352,4.733879595088362,5.171982500405529,-0.1998913955591366,-0.14119257945564279,0.07260322309311018,-0.6302141371342076,-2.2788874492374527
200,2025-12-30 21:00:00,21,1,0,0,2.0,study,0,1,4,ethan,improving,36.4,transit,0,0,11.7,12.1,44.7,95,14.502258414766562,3.4643223126424854,11.972073832790446,1.2554221601778561,-0.13542809485594098,0.3880817164707526,-0.06553534069542621,0.4688031209756822
200,2025-12-30 21:00:00,21,1,0,0,2.0,study,0,1,4,jake,chronically late,8.1,walk,0,0,15.8,12.0,8.6,103,12.990980013672738,4.910296852105191,12.954565718192212,1.689552131625966,0.739491608872715,0.17284549722893416,-0.006518722615064476,0.2410537080524211
200,2025-12-30 21:00:00,21,1,0,0,2.0,study,0,1,4,leo,rain hater,5.1,walk,0,0,10.2,12.0,5.3,83,6.438930016780179,5.459937623833031,4.453980004794337,6.236747572319854,0.1623665597116144,-0.1775486904681216,-0.4727657299762713,-0.2535003054192959
200,2025-12-30 21:00:00,21,1,0,0,2.0,study,0,1,4,zoe,forgets far-off plans,16.2,transit,0,0,3.4,4.0,12.5,93,6.697202464047507,4.738894497080217,5.313486418299287,0.5230480492957241,-0.1529307070075392,0.0644381238203291,-0.6351779235568067,-2.2686269528113767
659,2025-12-31 16:00:00,16,2,0,0,6.0,study,0,0,6,jake,chronically late,38.9,drive,0,0,8.3,11.5,54.3,104,13.017292338209769,4.892937999884125,12.533512096631364,-0.26098102419743086,0.7425271510042126,0.17449010311395874,-0.0014789159645705041,0.2457704398482612
659,2025-12-31 16:00:00,16,2,0,0,6.0,study,0,0,6,leo,rain hater,20.3,drive,0,0,2.8,3.5,24.1,84,6.481852414211965,5.443194980766302,5.423386404060561,-2.952020194351655,0.17097545161316763,-0.17102786574696793,-0.4586567466342748,-0.236005813196825
659,2025-12-31 16:00:00,16,2,0,0,6.0,study,0,0,6,maya,always early,7.3,walk,0,0,-1.7,-1.5,7.5,93,-0.5368891340319912,1.66361218543458,-0.6676826097234262,-0.7326430458385347,-0.5843172326845796,-0.39738248452534186,-0.692189471701667,-0.5837281669424528
659,2025-12-31 16:00:00,16,2,0,0,6.0,study,0,0,6,omar,average,7.5,walk,0,0,2.6,5.5,7.5,89,6.513668775158137,2.808334755325196,6.403905364330896,-0.05930790014730558,-0.022957835808275817,-0.10928372901777195,-0.25621884894379043,-0.18396543439388058
659,2025-12-31 16:00:00,16,2,0,0,6.0,study,0,0,6,priya,overbooked,31.0,transit,1,0,15.9,15.5,21.8,93,11.076376172090459,6.663324344268051,8.121821763454417,0.01969643112500208,4.892808249273138,0.07682701950558979,-0.5961093323288456,0.032147338665193814
659,2025-12-31 16:00:00,16,2,0,0,6.0,study,0,0,6,sofia,morning struggler,19.7,drive,0,0,4.0,2.5,17.2,86,4.052580932580933,4.3222448997597525,4.0721659807374095,-0.18210405340840197,0.042737187737187377,-1.1224291130173492,-0.2917422037422046,-0.2986201140631528
422,2026-01-01 21:00:00,21,3,0,0,24.0,food,0,0,2,leo,rain hater,38.7,drive,0,0,2.3,2.0,40.4,85,6.440140828261129,5.4251246856336195,5.1828973795031805,-2.92474537993335,0.1585352269562792,-0.1730737207163573,-0.4603850796370068,-0.24576471359485197
422,2026-01-01 21:00:00,21,3,0,0,24.0,food,0,0,2,marcus,party procrastinator,15.2,drive,0,0,7.6,3.0,15.8,97,7.246202691602957,5.615889842825532,9.32748648331513,-0.6934525313884965,-0.2760577776817099,0.03745369858469516,-2.5645650233777726,0.04332759102372652
521,2026-01-02 10:00:00,10,4,0,0,2.0,study,0,1,3,hana,steady,28.7,transit,0,0,4.3,4.5,25.4,89,5.2902647602107145,2.421915259886262,5.3400756457744905,0.39632461675288333,-0.05257539307299375,-0.07128402686527124,-0.4908809146277582,-0.20344081852941542
521,2026-01-02 10:00:00,10,4,0,0,2.0,study,0,1,3,maya,always early,18.3,transit,1,0,-1.7,-1.5,15.8,94,-0.5496476014160903,1.6564239735836241,-1.3141850289760257,0.5737869344871847,0.023943419383349207,-0.39373962943094787,-0.6858733384282525,-0.5797803164891215
521,2026-01-02 10:00:00,10,4,0,0,2.0,study,0,1,3,omar,average,28.6,transit,1,0,5.0,5.5,31.4,90,6.4714198679979695,2.8217735863884448,5.977548533713706,7.029693946947191e-06,-0.08248117961120105,-0.1142775228216184,-0.26002582823618603,-0.19497257961972814
565,2026-01-02 22:00:00,22,4,0,0,48.0,party,1,0,6,leo,rain hater,37.0,transit,0,0,7.4,5.5,31.6,86,6.393458251150558,5.411156673899418,4.9552737860430165,-2.900014444245212,0.14558505484618944,-0.17523393422320055,1.9607474523339912,-0.256412539265102
565,2026-01-02 22:00:00,22,4,0,0,48.0,party,1,0,6,maya,always early,38.4,transit,0,0,2.2,0.5,49.1,95,-0.5619529914529916,1.6493215259144822,-1.2034151404151405,-0.7147972027972026,-0.5691704586493317,-0.39032706243032345,0.794821326821327,-0.5760168052668054
565,2026-01-02 22:00:00,22,4,0,0,48.0,party,1,0,6,omar,average,12.4,walk,1,0,8.2,7.5,12.6,91,6.455257300569801,2.8100858596030087,5.301502085877087,-0.05692910458535394,-0.11224834735576916,-0.11483536449016185,1.0432606058582623,-0.1969068138651462
565,2026-01-02 22:00:00,22,4,0,0,48.0,party,1,0,6,priya,overbooked,35.8,transit,1,0,19.4,17.5,36.3,94,11.123279806613143,6.644818128993905,10.020937087603755,0.03423725476570816,4.8486601772712845,0.08589321623029278,3.1298820521042714,0.04729302095556953
565,2026-01-02 22:00:00,22,4,0,0,48.0,party,1,0,6,sofia,morning struggler,27.0,transit,0,0,6.8,4.5,30.7,87,4.050051096246749,4.2973628257237335,4.614300313213357,-0.17790458937198173,0.04378801993453507,-1.1076062650696126,0.2094848790500956,-0.29317290273132723
565,2026-01-02 22:00:00,22,4,0,0,48.0,party,1,0,6,zoe,forgets far-off plans,15.5,drive,1,0,6.6,5.5,14.1,94,6.662673746007077,4.725409771669078,5.089335356002022,-0.1802260405635927,0.39702483263089494,0.059697017659980034,2.304629526851751,-2.250330925330924
613,2026-01-03 21:00:00,21,5,1,0,24.0,food,0,1,3,leo,rain hater,27.2,transit,0,0,12.5,11.5,30.0,87,6.4047147604541665,5.381181765052372,5.958489931558333,6.182737699621529,0.146240743471429,-0.17225988916369683,-0.47317008792578097,-0.24959731110799055
613,2026-01-03 21:00:00,21,5,1,0,24.0,food,0,1,3,priya,overbooked,5.1,walk,0,0,1.9,3.5,5.3,95,11.206337579617836,6.661057289239173,10.44466787989081,0.6269209612043998,-6.276071945570355,0.09845895258315451,-0.6529437495203751,0.06965861426130004
613,2026-01-03 21:00:00,21,5,1,0,24.0,food,0,1,3,zoe,forgets far-off plans,33.6,drive,1,0,3.1,3.5,35.3,95,6.662337579617834,4.700473719275065,4.960667879890809,0.39812993630573335,0.3773010246469122,0.058669979701826414,-0.6344859181950735,-2.220848407643312
166,2026-01-04 20:00:00,20,6,1,0,96.0,food,0,1,4,leo,rain hater,12.1,walk,0,1,12.8,12.0,13.3,88,6.469966433407293,5.390206602819077,6.877133266687799,6.125189442948723,0.161441671298304,-0.16258197696369603,-0.4533018387525214,0.4737765735525601
166,2026-01-04 20:00:00,20,6,1,0,96.0,food,0,1,4,omar,average,7.4,walk,0,1,10.4,6.0,7.6,92,6.47326678666885,2.8010198908810935,5.835219081905385,-0.055995159507951975,-0.0418706427073392,-0.11043536214765126,-0.2760157992177419,0.3485152876905451
166,2026-01-04 20:00:00,20,6,1,0,96.0,food,0,1,4,priya,overbooked,34.4,transit,0,1,7.0,4.0,41.0,96,11.113929488186916,6.696104196839424,10.289694139481977,0.26735953098415344,-6.261270656166147,0.08244026391126624,-0.6690527329376952,0.6238812701145857
166,2026-01-04 20:00:00,20,6,1,0,96.0,food,0,1,4,zoe,forgets far-off plans,18.9,transit,0,1,31.4,13.0,14.0,96,6.626800775315628,4.689541106540228,4.621943078661608,0.2745070660912239,-0.12516658169882255,0.052916658125437444,-0.6359197767849363,5.43766602057031
468,2026-01-04 20:00:00,20,6,1,0,6.0,food,0,0,4,leo,rain hater,7.4,walk,0,0,1.4,2.5,7.2,89,6.539073604914466,5.4019880193585,7.268306744261276,-2.9764561717118934,0.17479181311809544,-0.154855986660845,-0.4354715558343152,-0.28913619917700206
468,2026-01-04 20:00:00,20,6,1,0,6.0,food,0,0,4,marcus,party procrastinator,23.9,transit,0,0,3.1,3.5,31.1,98,7.250222513222912,5.587286991617417,7.6429207180636896,-0.6849153065627416,-0.27163663574090435,0.03690235859270086,-2.53230754327088,0.043243112564165465
468,2026-01-04 20:00:00,20,6,1,0,6.0,food,0,0,4,priya,overbooked,20.4,transit,0,0,1.3,2.5,15.3,97,11.075224694725097,6.675650587492398,10.935778484207171,0.1787045037523196,-6.180091575733239,0.07342882129257156,-0.6731526538589137,0.0799093230294261
468,2026-01-04 20:00:00,20,6,1,0,6.0,food,0,0,4,sofia,morning struggler,9.2,walk,0,0,-0.2,1.5,9.2,88,4.081429235074838,4.284297077267285,4.837551210021382,-0.16583562697097642,0.05109976729508414,-1.092841348001571,-0.3155457327672826,-0.2850447143912058
172,2026-01-05 09:00:00,9,0,0,1,96.0,food,0,0,3,maya,always early,10.2,walk,0,1,-3.7,-3.0,9.8,96,-0.5342202320966619,1.6723185418919315,-1.024062923456189,-0.6961785007300471,-0.5487117284656061,-0.36355678024820814,-0.7059119245757585,0.04805567853268411
172,2026-01-05 09:00:00,9,0,0,1,96.0,food,0,0,3,omar,average,39.1,transit,0,1,3.5,4.0,29.3,93,6.513711801614665,2.8160536926370936,6.218203371889905,-0.08746434817368698,-0.02273238721361892,0.2641921322568894,-0.2652401852417201,0.44808668016582853
172,2026-01-05 09:00:00,9,0,0,1,96.0,food,0,0,3,priya,overbooked,22.1,drive,0,1,2.7,2.0,19.4,98,10.979065597652788,6.716460475288922,9.636875885043652,0.15064068792178276,-6.170654363859938,0.7872896015648081,-0.688422248952044,0.5332397351915414
657,2026-01-06 12:00:00,12,1,0,0,24.0,hangout,0,0,5,hana,steady,34.0,drive,0,0,5.8,4.0,44.0,90,5.278302136093372,2.4101249903554387,4.693800610312392,-0.28389788019656503,-0.054092532303278595,-0.07044406017897575,-0.485908252587536,-0.20307596238834602
657,2026-01-06 12:00:00,12,1,0,0,24.0,hangout,0,0,5,marcus,party procrastinator,15.2,transit,0,0,9.7,4.0,16.2,99,7.208064451239138,5.574350576393259,7.945161271782611,-0.6855025645391875,-0.28190647359560383,0.03418373504857275,-2.51245076518797,0.03358639883375325
657,2026-01-06 12:00:00,12,1,0,0,24.0,hangout,0,0,5,maya,always early,29.3,drive,0,0,-2.9,-2.0,35.4,97,-0.5662872261875462,1.6866370070841086,-1.1760820646250134,-0.6974018387610326,-0.5546913509485871,-0.3523303666182358,-0.7046708459411328,-0.5274652555582904
657,2026-01-06 12:00:00,12,1,0,0,24.0,hangout,0,0,5,priya,overbooked,35.3,drive,1,0,15.2,15.0,37.5,99,10.898449066623753,6.735724965975344,7.728128304749644,0.12734205494234985,5.111259873263437,0.13480088319473005,-0.6996876260131923,0.12883956829432464
657,2026-01-06 12:00:00,12,1,0,0,24.0,hangout,0,0,5,sofia,morning struggler,10.0,walk,0,0,0.5,2.0,10.0,89,4.0333904566901095,4.281853678652298,4.352397273340031,-0.17829389719774102,0.03816890708923193,-1.0837659989236257,-0.3221313361258167,-0.28867152640412685
526,2026-01-06 16:00:00,16,1,0,0,6.0,hangout,0,1,2,maya,always early,26.7,transit,0,0,-1.1,-1.5,24.7,98,-0.5894113130537567,1.689039069390008,-1.2826889465867877,0.5448735785798716,-0.5571705324228485,-0.3515148206193154,-0.7018335307284383,-0.5296289049103066
526,2026-01-06 16:00:00,16,1,0,0,6.0,hangout,0,1,2,priya,overbooked,11.6,walk,0,0,2.4,3.5,11.1,100,10.938958426242507,6.714549798757919,7.139702407497859,0.2233245792246823,-6.178650256842246,0.14077340494060486,-0.6810630611150899,0.13980383412469877
234,2026-01-06 20:00:00,20,1,0,0,2.0,study,0,0,5,hana,steady,25.0,drive,0,0,6.4,4.0,29.9,91,5.282495024229838,2.3977906144904093,4.95214143549424,-0.27692103610619867,-0.05032868928118095,-0.06774811275625048,-0.47740273878355133,-0.1971913063764692
234,2026-01-06 20:00:00,20,1,0,0,2.0,study,0,0,5,jake,chronically late,8.8,walk,0,0,8.6,11.0,8.7,105,12.971086566600585,4.8935427859304985,12.606024733314452,-0.269279208077295,0.7138533390968185,0.1694677617294449,-0.007345168358451559,0.232952442865356
234,2026-01-06 20:00:00,20,1,0,0,2.0,study,0,0,5,omar,average,10.6,walk,0,0,5.0,5.0,10.9,94,6.481005276020852,2.8174382605827524,6.094572936005958,-0.09541282365105808,-0.034455608695441065,-0.07185724897421242,-0.2660049728012641,-0.1954128236510586
234,2026-01-06 20:00:00,20,1,0,0,2.0,study,0,0,5,sofia,morning struggler,34.0,drive,0,0,4.3,2.0,42.2,90,3.9949423402743616,4.272352837188438,3.6985549543641034,-0.18843944025557002,0.027093340006847377,-1.0750017593600711,-0.3273178312824152,-0.2916325607397612
234,2026-01-06 20:00:00,20,1,0,0,2.0,study,0,0,5,zoe,forgets far-off plans,6.5,walk,0,0,5.5,3.0,6.9,97,6.867838454177101,5.2962578807673015,8.533668129764886,-0.37109855079103227,-0.05170360753992753,0.09064748421951663,-0.5638479568725661,-2.430480661139134
331,2026-01-06 20:00:00,20,1,0,0,96.0,food,0,0,5,jake,chronically late,5.1,walk,0,1,6.9,11.0,5.0,106,12.931352840443747,4.890948913500825,12.037529382983928,-0.2789762404182454,0.6849687725720806,0.16227848829109348,-0.015136546670637685,0.28926805593472693
331,2026-01-06 20:00:00,20,1,0,0,96.0,food,0,0,5,marcus,party procrastinator,10.5,walk,0,1,1.7,4.0,10.2,100,7.230287288469107,5.552015489891937,7.980082082419746,-0.6699259500513417,-0.26761087780650517,0.03790903923135325,-2.473041066272172,-0.1989774367047099
331,2026-01-06 20:00:00,20,1,0,0,96.0,food,0,0,5,omar,average,23.4,transit,1,1,5.3,5.0,33.0,95,6.465801652892562,2.8063552727510297,6.4330861865407325,-0.09919115595148664,-0.06492261457550796,-0.0733408858761262,-0.26547201352366745,0.3638057851239678
331,2026-01-06 20:00:00,20,1,0,0,96.0,food,0,0,5,sofia,morning struggler,27.0,transit,0,1,2.6,2.0,21.1,91,3.997710055096418,4.249131836287776,3.342202872884691,-0.1843512675899035,0.02811527315659612,-1.0622817187021725,-0.32190562122955546,0.3957340787554693
331,2026-01-06 20:00:00,20,1,0,0,96.0,food,0,0,5,zoe,forgets far-off plans,36.4,drive,0,1,11.2,12.0,37.8,98,6.854176362031613,5.270877451102404,9.101193246294747,-0.3705852285728728,-0.054523007148781666,0.08806706148070553,-0.5603288991227995,5.8706907931347745
315,2026-01-06 22:00:00,22,1,0,0,6.0,food,0,0,4,ethan,improving,18.2,transit,0,0,7.6,10.3,28.0,96,14.470598231457267,3.4612130329874553,12.163028066130648,0.13003261565329005,-0.14412692921031756,0.3837350067931258,-0.06875496450200558,0.4610453450632672
315,2026-01-06 22:00:00,22,1,0,0,6.0,food,0,0,4,hana,steady,14.1,walk,0,0,9.3,3.5,14.1,92,5.293097127599835,2.388178540044784,5.155170607885667,-0.2682239857598461,-0.04486705341563546,-0.0645917316220661,-0.4679082783559432,-0.1895573190931792
315,2026-01-06 22:00:00,22,1,0,0,6.0,food,0,0,4,maya,always early,37.8,drive,0,0,-2.8,-2.5,29.8,99,-0.5958613329116926,1.6805154659820773,-1.1988175236890548,-0.6901300003952882,-0.5505294226157535,-0.34707873724155436,-0.6935559850717379,-0.5233504419527031
315,2026-01-06 22:00:00,22,1,0,0,6.0,food,0,0,4,sofia,morning struggler,34.4,drive,0,0,0.8,1.5,31.1,92,3.982787849249319,4.227827182408243,3.1379393854998052,-0.18660199263269783,0.023801115446150156,-1.0518654399499061,-0.3213636086712359,-0.27309809631781157
682,2026-01-06 22:00:00,22,1,0,0,2.0,food,0,1,3,ethan,improving,24.5,drive,0,0,9.6,11.3,26.0,97,14.40248861059265,3.520032705478067,11.62928246016933,1.1480769827238593,-0.17555279294527892,0.37104801763036477,-0.08567381234308513,0.4419709695546601
682,2026-01-06 22:00:00,22,1,0,0,2.0,food,0,1,3,hana,steady,40.0,drive,1,0,4.1,4.5,46.6,93,5.333202431433167,2.4131030335303914,5.795200694695191,0.30998320401741797,-0.319125040772942,-0.05775174838738906,-0.45168421267213343,-0.1718075346283534
682,2026-01-06 22:00:00,22,1,0,0,2.0,food,0,1,3,omar,average,29.8,transit,0,0,3.8,5.5,26.5,96,6.45300829980644,2.7939851613058404,6.472288085658982,0.10288603944470953,-0.028493834542104857,-0.07339672759497073,-0.2635134515027078,-0.18592983878004876
470,2026-01-07 16:00:00,16,2,0,0,2.0,study,0,0,4,hana,steady,8.6,walk,0,0,3.9,3.5,9.0,94,5.320495774067203,2.402978619790585,5.7915702211620586,-0.2375684205101498,-0.01786617834855342,-0.05851230808528918,-0.44903769227748835,-0.17371033419270976
470,2026-01-07 16:00:00,16,2,0,0,2.0,study,0,0,4,jake,chronically late,18.4,transit,0,0,11.2,10.5,13.1,107,12.876152514577258,4.905503583917391,10.950329289879217,-0.29228021261264026,0.6505239286648727,0.15405104005888504,-0.024804446815544168,0.27082234579224895
470,2026-01-07 16:00:00,16,2,0,0,2.0,study,0,0,4,leo,rain hater,26.0,drive,0,0,2.0,2.5,21.7,90,6.479253490870031,5.398241711913881,7.051215283105724,-2.9528377930119394,0.16444985230934606,-0.1537394080439185,-0.4359249673236434,-0.2979699248120289
470,2026-01-07 16:00:00,16,2,0,0,2.0,study,0,0,4,priya,overbooked,20.0,transit,1,0,14.3,14.5,18.4,101,10.855934732383522,6.73666494949109,7.187409923538149,0.21592193810389304,5.137285810550633,0.12806183247876746,-0.6909945788788292,0.11708472880156684
112,2026-01-07 17:00:00,17,2,0,0,24.0,food,0,1,3,ethan,improving,25.9,drive,0,0,12.2,11.3,29.0,98,14.35570191017444,3.5402257932541517,10.930200545764125,0.9259724181243509,-0.1962781664123252,0.3609139798347414,-0.09713120957594334,0.42720269152075296
112,2026-01-07 17:00:00,17,2,0,0,24.0,food,0,1,3,jake,chronically late,11.4,walk,1,0,10.9,11.5,11.9,108,12.86139200661918,4.886237619345004,10.931826287605478,1.8353997186599873,-0.5919827750013376,0.15032605195457016,-0.027647516485549417,0.2631297715263283
112,2026-01-07 17:00:00,17,2,0,0,24.0,food,0,1,3,leo,rain hater,6.4,walk,1,0,9.6,11.5,6.4,91,6.4326801744579925,5.388287601807936,6.99505147841657,6.16305110280107,-0.8645101308434944,-0.15725818685041126,-0.44025873550215966,-0.3094775314015452
581,2026-01-07 20:00:00,20,2,0,0,96.0,study,0,1,4,ethan,improving,21.6,drive,0,1,12.7,11.8,23.0,99,14.335478528563634,3.5312183608391248,11.381565293875324,0.8135794982204558,-0.204281369072973,0.3538693114657221,-0.10202047457737429,-0.16824733683636062
581,2026-01-07 20:00:00,20,2,0,0,96.0,study,0,1,4,hana,steady,35.1,drive,0,1,10.2,5.0,26.4,95,5.3068976697061805,2.3940193257064477,5.7305421913446235,0.2764769141699226,-0.023122178058349263,-0.060290268109074674,-0.4476683950175815,0.11289819505422294
581,2026-01-07 20:00:00,20,2,0,0,96.0,study,0,1,4,leo,rain hater,17.1,transit,0,1,10.7,12.0,21.0,92,6.4658738862950305,5.369334069131454,7.318821110370008,6.044107005567854,0.11967388446392224,-0.1525111750833439,-0.42905777533649836,0.7113008909639769
581,2026-01-07 20:00:00,20,2,0,0,96.0,study,0,1,4,marcus,party procrastinator,26.2,drive,0,1,6.9,5.0,26.6,101,7.1772619525530015,5.5514108950070895,5.850646272158,2.522142819741129,-0.28368308051843893,0.03260114507464884,-2.4595677887105607,-0.3698095620424011
101,2026-01-08 13:00:00,13,3,0,0,24.0,food,0,0,2,jake,chronically late,9.4,walk,0,0,7.6,10.0,8.6,109,12.845119230973497,4.868342378263256,10.227176923135286,-0.27853949889633434,0.6501414798476102,0.14551150128484736,-0.031729370823320835,0.2540631443547152
101,2026-01-08 13:00:00,13,3,0,0,24.0,food,0,0,2,omar,average,19.1,drive,0,0,4.4,4.0,18.6,97,6.427878356186066,2.7919353059631598,5.8365366731960195,-0.07737333335362528,-0.04103737288565146,-0.07799493002199753,-0.2663295586201757,-0.1940400000202933
608,2026-01-08 14:00:00,14,3,0,0,168.0,food,0,0,4,leo,rain hater,28.6,drive,1,1,5.0,2.5,32.8,93,6.50947756746203,5.358669442071051,7.074136447846294,-3.002993685761883,-0.7310305275901179,-0.1466024294264363,-0.41590329028400497,0.8115758108960529
608,2026-01-08 14:00:00,14,3,0,0,168.0,food,0,0,4,omar,average,7.5,walk,0,1,3.4,4.5,7.4,98,6.408046617585232,2.7847312685848284,4.973727605024352,-0.0834867050798378,-0.04939481909974486,-0.08043538836864528,-0.2669451550805517,0.35885797165360067
608,2026-01-08 14:00:00,14,3,0,0,168.0,food,0,0,4,priya,overbooked,5.7,walk,0,1,0.4,2.5,6.1,102,10.88905422066616,6.711323615162333,8.239729777333189,0.22181096442959713,-6.182007871618593,0.13120901999353407,-0.676328986184707,0.25275662346706795
608,2026-01-08 14:00:00,14,3,0,0,168.0,food,0,0,4,zoe,forgets far-off plans,34.9,transit,0,1,15.3,11.5,35.0,99,6.895469246262299,5.262426371278872,10.227276927503514,-0.3518430727097197,-0.041618114129224004,0.09376597722518998,-0.5428560711897532,5.7881978234661835
289,2026-01-08 15:00:00,15,3,0,0,24.0,study,0,1,3,marcus,party procrastinator,25.8,transit,0,0,8.1,4.5,39.2,102,7.174765417748573,5.52419201549581,6.192790119356736,2.407477377615712,-0.28126137961594644,0.03190613758551386,-2.4315439225868927,0.09353489723680841
289,2026-01-08 15:00:00,15,3,0,0,24.0,study,0,1,3,maya,always early,12.4,walk,0,0,-0.2,-1.5,11.7,100,-0.6171438123895495,1.6816239175273404,-1.3620410892541572,0.5314293619775582,-0.5524051226360785,-0.3462490945057394,-0.6906484496780384,-0.5249807909687548
289,2026-01-08 15:00:00,15,3,0,0,24.0,study,0,1,3,zoe,forgets far-off plans,35.7,transit,1,0,6.3,3.5,28.2,100,6.975237139991403,5.302857625846652,11.492924897140401,0.8979549229699684,-0.034562735826527025,0.10472312771648173,-0.5164168479464379,-2.51710485817378
308,2026-01-08 19:00:00,19,3,0,0,24.0,hangout,0,0,2,omar,average,19.4,drive,0,0,3.3,4.0,24.7,99,6.3784519230769225,2.7863335638629616,4.950986263736263,-0.09229867788461465,-0.06122179487179569,-0.08391149710504475,-0.2687534489966561,-0.17095496592015635
308,2026-01-08 19:00:00,19,3,0,0,24.0,hangout,0,0,2,zoe,forgets far-off plans,36.0,transit,0,0,0.6,2.0,33.4,101,6.968481132075472,5.276934214340761,11.948137466307276,-0.31495817231188905,-0.012174089512946296,0.10309006029955192,-0.5118248887004455,-2.4871682389937106
97,2026-01-10 13:00:00,13,5,1,0,6.0,study,0,1,2,ethan,improving,36.6,transit,0,0,8.4,11.2,38.6,100,14.319086588727307,3.519052571360649,11.776881882493516,0.7287307290181531,-0.20833749489437636,0.34890756533080136,-0.10419655489240398,0.433084888424208
97,2026-01-10 13:00:00,13,5,1,0,6.0,study,0,1,2,leo,rain hater,26.9,drive,0,0,10.8,11.5,28.3,94,6.492970624407749,5.332188273034398,5.955134464116499,5.967760349769862,0.1444056331780894,-0.14547218693925057,-0.4129148413958088,-0.3206998046410119
385,2026-01-10 14:00:00,14,5,1,0,24.0,food,0,0,5,hana,steady,12.9,walk,1,0,2.7,4.0,12.9,96,5.354708887223383,2.4351555676976555,6.37277396777811,-0.2849225958452406,-0.37050353773757116,-0.05286266981788401,-0.43059790540806997,-0.22171472778598744
385,2026-01-10 14:00:00,14,5,1,0,24.0,food,0,0,5,jake,chronically late,33.9,transit,0,0,15.6,11.0,39.9,110,12.798483457474449,4.874113100082588,10.11385241642127,-0.2896788209480903,0.6201717586177047,0.1385871833576715,-0.03955928460072755,0.23839064347524896
385,2026-01-10 14:00:00,14,5,1,0,24.0,food,0,0,5,marcus,party procrastinator,27.6,drive,0,0,5.9,4.0,38.7,103,7.182644422310758,5.498081482715042,6.266469834945931,-0.6802214437703737,-0.27394659168205315,0.03317148074369136,-2.39993253729269,0.09566847552319402
385,2026-01-10 14:00:00,14,5,1,0,24.0,food,0,0,5,priya,overbooked,22.6,transit,1,0,14.5,15.0,19.9,103,10.790977755644091,6.759916348278607,8.083136501612596,0.19260052592659704,5.170210955121313,0.11474274722415956,-0.6914734833559528,0.21654970157683273
385,2026-01-10 14:00:00,14,5,1,0,24.0,food,0,0,5,sofia,morning struggler,31.2,transit,1,0,1.5,2.0,42.5,93,3.949240791934304,4.216354034686879,2.2712116548383725,-0.1946854766754682,-0.7764822936146576,-1.0433037923726571,-0.3252135825556426,-0.2757560394675802
311,2026-01-10 18:00:00,18,5,1,0,48.0,food,0,0,6,hana,steady,24.1,drive,0,0,3.9,4.5,15.9,97,5.3288268330126884,2.4361808532080858,5.836807666575054,-0.29108152320418235,0.018567270342544795,-0.055730683906757505,-0.43176781962115474,-0.22826817269543032
311,2026-01-10 18:00:00,18,5,1,0,48.0,food,0,0,6,leo,rain hater,13.1,walk,0,0,1.9,3.5,13.4,95,6.536403369672942,5.322659864507688,7.310400962763697,-3.00666027183916,0.15374141163265698,-0.13975056074278758,-0.40024408730516026,-0.3020185382836509
311,2026-01-10 18:00:00,18,5,1,0,48.0,food,0,0,6,marcus,party procrastinator,14.7,walk,1,0,5.6,4.5,14.1,104,7.171012265754994,5.472987728339633,6.6631463616442845,-0.6760115766676353,0.6920542287216174,0.031464057825345115,-2.376126503355281,0.09097706752653956
311,2026-01-10 18:00:00,18,5,1,0,48.0,food,0,0,6,omar,average,37.4,drive,0,0,4.6,5.5,44.6,100,6.348955590164707,2.7886491353341674,4.699701597189916,-0.1014891957100943,-0.07336640660124072,-0.08784093111339342,-0.2710547519838089,-0.17964586577941333
311,2026-01-10 18:00:00,18,5,1,0,48.0,food,0,0,6,priya,overbooked,35.2,transit,1,0,15.2,15.5,25.0,104,10.825140706121967,6.736235074636961,9.77861163032056,0.19986719871634584,5.11588591154381,0.11899912582303251,-0.6759482764414262,0.2240150158167804
311,2026-01-10 18:00:00,18,5,1,0,48.0,food,0,0,6,zoe,forgets far-off plans,38.1,transit,0,0,2.2,3.5,54.7,102,6.908788195956022,5.288081526260134,7.53108234170172,-0.3308841366729247,-0.028972782395332075,0.0937009977152039,-0.5205221850695763,-2.480383879756273
370,2026-01-10 19:00:00,19,5,1,0,24.0,food,0,1,6,ethan,improving,27.4,drive,0,0,14.6,12.7,19.1,101,14.263063481736221,3.5560712287664296,11.28944670906749,0.5182948801361267,-0.23219258295380385,0.3381132265156275,-0.11743487481938963,0.4162257205569766
370,2026-01-10 19:00:00,19,5,1,0,24.0,food,0,1,6,leo,rain hater,35.0,transit,1,0,11.3,13.0,30.8,96,6.4899478125152426,5.315319411165084,7.282842232147211,5.922901874986937,-0.7513233096708696,-0.1425546972800742,-0.403995688216634,-0.3133688370395946
370,2026-01-10 19:00:00,19,5,1,0,24.0,food,0,1,6,marcus,party procrastinator,39.5,transit,0,0,6.8,6.0,24.8,105,7.156224809673086,5.448964202887898,6.073207088478024,2.36302015226153,-0.2612715078855503,0.03013215233042832,-2.3530302182143874,0.08625973019618982
370,2026-01-10 19:00:00,19,5,1,0,24.0,food,0,1,6,maya,always early,14.6,walk,0,0,-0.6,0.0,14.7,101,-0.6142950088298168,1.6752516209017638,-1.7040842882370906,0.5252458406915139,-0.5424773943409505,-0.3410810225531634,-0.6808901040257908,-0.5157236626151084
370,2026-01-10 19:00:00,19,5,1,0,24.0,food,0,1,6,sofia,morning struggler,10.2,walk,0,0,1.9,4.0,10.2,94,3.9240881723640344,4.20027820868219,2.5068823349611526,-0.07888665896328773,0.038195889177993436,-1.0346210663229574,-0.3274974301467144,-0.27733886001728836
370,2026-01-10 19:00:00,19,5,1,0,24.0,food,0,1,6,zoe,forgets far-off plans,8.6,walk,1,0,5.6,5.0,8.1,103,6.864673417259625,5.282338962138334,7.047049547788464,0.9325896929653092,0.028261266192300738,0.08707776543025503,-0.524856196531073,-2.4668813286808984
457,2026-01-11 18:00:00,18,6,1,0,48.0,party,1,1,2,ethan,improving,11.2,walk,0,0,16.8,13.2,11.8,102,14.265982589910935,3.5385965728658424,12.290280739974552,0.5091993711836817,-0.22743110373258268,0.335329662104769,1.9309701470262208,0.41260342041030995
457,2026-01-11 18:00:00,18,6,1,0,48.0,party,1,1,2,hana,steady,32.1,drive,0,0,6.5,6.5,30.1,98,5.314176088548253,2.4273449140872057,5.061193168156643,0.4296473749945493,0.014209916986011706,-0.05614608393636544,1.3593679335888096,-0.22954008301398776
591,2026-01-11 19:00:00,19,6,1,0,6.0,hangout,0,0,5,ethan,improving,35.3,transit,1,0,13.2,10.7,43.7,103,14.289827486332863,3.5279723277549735,13.325664996095103,0.21780942462789277,1.4087596645467002,0.3346638879837798,-0.1375899871006787,0.41285141078180665
591,2026-01-11 19:00:00,19,6,1,0,6.0,hangout,0,0,5,hana,steady,38.6,transit,0,0,3.4,4.0,31.9,99,5.325974697345665,2.418517651338045,5.407421342098762,-0.3028117418174583,0.017603987675671284,-0.054532702637126285,-0.4404079531782985,-0.2231367530650692
591,2026-01-11 19:00:00,19,6,1,0,6.0,hangout,0,0,5,jake,chronically late,15.0,walk,0,0,14.9,11.0,13.9,111,12.822425590723698,4.858124960814785,11.120693025921057,-0.2783362725520675,0.6246377173456636,0.14089637110289388,-0.034186700093812306,0.2432962152291882
591,2026-01-11 19:00:00,19,6,1,0,6.0,hangout,0,0,5,maya,always early,15.3,drive,1,0,-2.0,-2.0,14.5,102,-0.6140059016453348,1.667515643056617,-1.2611445433272386,-0.6917969317895625,0.044299151403373704,-0.33772909333656986,-0.6734388706682948,-0.5093694672074986
591,2026-01-11 19:00:00,19,6,1,0,6.0,hangout,0,0,5,zoe,forgets far-off plans,29.9,drive,1,0,3.5,3.0,26.0,104,6.853223564439901,5.258267300166472,6.243778161268543,-0.3300927665316724,-0.012219032816843445,0.08443761378209391,-0.5220701098507758,-2.4412961839189196
658,2026-01-11 22:00:00,22,6,1,0,2.0,food,0,0,2,omar,average,32.9,transit,0,0,3.2,4.0,26.3,101,6.33189560237868,2.7798739621018864,4.594827314965337,-0.10556050467266243,-0.0791751087177266,-0.0891642548850653,-0.2706245596989625,-0.18301315778740346
658,2026-01-11 22:00:00,22,6,1,0,2.0,food,0,0,2,priya,overbooked,7.4,walk,0,0,0.5,2.0,7.3,105,10.864372125928547,6.7165537540516835,9.789820607408156,0.20920410328970718,-6.245934913335692,0.12473757740117719,-0.6587607213087328,0.23362630811238283
654,2026-01-12 16:00:00,16,0,0,0,24.0,food,0,0,3,leo,rain hater,33.9,drive,1,0,0.6,2.0,30.3,97,6.536536264991434,5.3105823641322365,7.539010361426124,-3.0297379364709105,-0.5459849030367749,-0.1356838801980622,-0.39006202804746515,-0.29300274842946905
654,2026-01-12 16:00:00,16,0,0,0,24.0,food,0,0,3,sofia,morning struggler,22.1,drive,1,0,2.4,1.0,19.1,95,3.903266990291262,4.182318142077579,2.7009334257975035,-0.18097692598663473,-0.8066135922330093,-1.0254336397438544,-0.3283713884664863,-0.27779187590670684
654,2026-01-12 16:00:00,16,0,0,0,24.0,food,0,0,3,zoe,forgets far-off plans,39.3,drive,1,0,3.2,2.0,35.6,105,6.822060900264784,5.243122782077157,4.549160257218509,-0.3358945688540418,-0.1105681409564907,0.08002132252060168,-0.5230253679924823,-2.4231547478096136
58,2026-01-12 17:00:00,17,0,0,0,24.0,food,0,0,2,marcus,party procrastinator,22.4,transit,0,0,0.6,3.0,16.3,106,7.151791772411327,5.423301912228885,6.800511934974665,-0.6678033406106971,-0.2582327383392249,0.030674502465402043,-2.3264102121634993,0.08552999272263495
58,2026-01-12 17:00:00,17,0,0,0,24.0,food,0,0,2,priya,overbooked,26.5,drive,0,0,1.3,2.0,31.1,106,10.769809790429345,6.761820603293799,9.491374225836958,0.1823775606931477,-6.2413970658774485,0.10968069909212019,-0.672479482427784,0.20517964237228448
281,2026-01-12 18:00:00,18,0,0,0,48.0,food,0,0,2,marcus,party procrastinator,23.0,drive,0,0,0.4,3.0,25.1,107,7.092736369910283,5.434452711052858,5.88363896283151,-0.6766519539811453,-0.2766930540332062,0.024845534330768082,-2.317584349359711,0.06840299107379888
281,2026-01-12 18:00:00,18,0,0,0,48.0,food,0,0,2,priya,overbooked,35.8,drive,0,0,4.3,2.0,33.9,107,10.68470065562457,6.793614991055501,7.609914473035592,0.15794611913763568,-6.226556361814514,0.09573006990139987,-0.6844532526969616,0.179293885893264
226,2026-01-12 20:00:00,20,0,0,0,48.0,study,0,1,2,leo,rain hater,21.3,transit,0,0,10.3,11.5,14.3,98,6.47706603252474,5.316482037758545,6.079161723578497,5.903082027548142,0.1525212313160189,-0.1384402145387842,-0.394809657111292,-0.30687677125778023
226,2026-01-12 20:00:00,20,0,0,0,48.0,study,0,1,2,omar,average,35.8,transit,0,0,7.9,5.5,41.6,102,6.300353283645309,2.7827798868219125,4.500100938184374,0.1341903859487097,-0.08879217571932774,-0.09095988345544903,-0.2708610055587135,-0.189356132203522
550,2026-01-12 20:00:00,20,0,0,0,48.0,party,1,0,6,ethan,improving,37.4,transit,1,0,15.5,13.1,42.8,104,14.277562229031089,3.5137124399908917,13.46501777972317,0.21415650521490548,1.3518380721893273,0.33221807933678704,1.946929902017052,0.4084783150663114
550,2026-01-12 20:00:00,20,0,0,0,48.0,party,1,0,6,leo,rain hater,17.4,drive,0,0,8.8,5.5,18.5,99,6.513983490042201,5.303695196413107,6.846852425726344,-3.049123525455937,0.16095671525439936,-0.13347927337340337,1.8195410658525644,-0.29117961869816433
550,2026-01-12 20:00:00,20,0,0,0,48.0,party,1,0,6,maya,always early,6.1,walk,0,0,1.2,0.5,6.2,103,-0.6291270095889921,1.6622448018054472,-1.1368934313111405,-0.68606366172741,-0.5214580551282509,-0.33396021311752255,0.9361435983187667,-0.5060042872992173
550,2026-01-12 20:00:00,20,0,0,0,48.0,party,1,0,6,omar,average,18.2,transit,0,0,7.3,7.5,25.6,103,6.3153174348554515,2.773977211715853,5.0043764099587005,-0.12644289058705027,-0.08143658454814418,-0.08772375264640697,1.1833053401020344,-0.18186457733403927
550,2026-01-12 20:00:00,20,0,0,0,48.0,party,1,0,6,priya,overbooked,22.4,transit,1,0,14.8,17.5,25.0,108,10.627914008534415,6.791025304868038,8.150832573866975,0.14132868009646593,5.286540915199003,0.08619942325649,3.7466119024961326,0.16164653540767127
550,2026-01-12 20:00:00,20,0,0,0,48.0,party,1,0,6,zoe,forgets far-off plans,39.7,transit,0,0,8.0,5.5,38.6,106,6.7878764231026025,5.2298810964853555,4.096536120886458,-0.34144674361394767,0.031889282755499515,0.0762351662651728,2.1002773094207168,-2.405474228939795
330,2026-01-12 21:00:00,21,0,0,0,48.0,hangout,0,0,5,ethan,improving,39.1,drive,0,0,10.6,10.6,32.5,105,14.289164854284472,3.498011874598188,13.868332815509849,0.21481013734107357,-0.2132450585517116,0.32991185425888503,-0.1475445846019987,0.40605434857260825
330,2026-01-12 21:00:00,21,0,0,0,48.0,hangout,0,0,5,jake,chronically late,24.3,transit,0,0,7.3,11.0,26.1,112,12.83853105958369,4.839468153519411,12.268151731309628,-0.26795871938892546,0.627233029415315,0.1436432889949888,-0.02879914489821367,0.24756101805374087
330,2026-01-12 21:00:00,21,0,0,0,48.0,hangout,0,0,5,leo,rain hater,30.9,transit,1,0,8.0,3.0,42.5,100,6.536267942583732,5.282201340350442,6.567505126452495,-2.996797535557448,-0.770378787878788,-0.1304545454545467,-0.4049490326607028,-0.281071078572662
330,2026-01-12 21:00:00,21,0,0,0,48.0,hangout,0,0,5,maya,always early,33.0,transit,0,0,-1.8,-2.0,30.3,104,-0.6118519819147535,1.6683396127915526,-0.8033862805470724,-0.6719945230198702,-0.5078854852950409,-0.328740617180984,-0.6833047203882546,-0.49374874868980456
330,2026-01-12 21:00:00,21,0,0,0,48.0,hangout,0,0,5,priya,overbooked,14.0,walk,1,0,14.8,15.0,13.0,109,10.664983631327122,6.770671042428817,8.204281037522035,0.1491112426796377,5.235393916500691,0.09059809834895383,-0.7251407338621689,0.16969290799154102
259,2026-01-13 14:00:00,14,1,0,0,2.0,food,0,0,4,marcus,party procrastinator,30.9,drive,0,0,3.5,3.5,26.3,108,7.033780025284449,5.446924038526835,4.766794292938414,-0.6862919804320322,-0.2957695586981428,0.018265770289590755,-2.3099459579611272,0.05066454130709719
259,2026-01-13 14:00:00,14,1,0,0,2.0,food,0,0,4,priya,overbooked,23.6,transit,0,0,3.9,2.5,28.0,110,10.701018633540373,6.750430901458951,8.157433895297249,0.15692971559332847,-6.244318762451659,0.09518418537983742,-0.7092135493372638,0.17775895335006986
259,2026-01-13 14:00:00,14,1,0,0,2.0,food,0,0,4,sofia,morning struggler,35.0,transit,0,0,1.4,1.5,53.3,96,3.8872984441301277,4.16262929395459,2.4249424126086083,-0.18298444130127445,0.046907708628005196,-1.0153353681232788,-0.3273402034080961,-0.2766564870772803
259,2026-01-13 14:00:00,14,1,0,0,2.0,food,0,0,4,zoe,forgets far-off plans,9.3,walk,0,0,1.0,2.5,9.2,107,6.799260204081633,5.206753510654142,5.156931486880467,-0.33452951066790426,0.03440609951845808,0.07643203883495175,-0.5344059379070769,-2.373113763362488
640,2026-01-13 16:00:00,16,1,0,0,48.0,hangout,0,0,3,jake,chronically late,14.2,walk,0,0,35.2,10.0,13.9,113,12.790874151738333,4.848334901757733,11.697392614782379,-0.2795368317524005,0.5977327248724116,0.13648113306437182,-0.03694822204229631,0.2318034351952658
640,2026-01-13 16:00:00,16,1,0,0,48.0,hangout,0,0,3,marcus,party procrastinator,21.2,drive,0,0,3.1,3.0,26.5,109,7.001957455308099,5.43223768770903,4.414844987230885,-0.6867984523345463,-0.3029943831639548,0.015725760215423712,-2.2931554196935284,0.04223380572997115
640,2026-01-13 16:00:00,16,1,0,0,48.0,hangout,0,0,3,priya,overbooked,5.5,walk,1,0,13.5,14.0,5.6,111,10.641578878492442,6.751973201597299,8.626165393854984,0.140795021429037,5.240628500499531,0.08611535381672297,-0.7149677112224211,0.1606094835334737
655,2026-01-13 17:00:00,17,1,0,0,48.0,food,0,0,5,jake,chronically late,38.5,transit,1,0,13.5,11.0,29.0,114,12.980364596169593,5.251074433139371,15.22296131319131,-0.21757924530950845,-0.7303190216483948,0.16001910090240656,-0.001500913661438119,0.28319605988090757
655,2026-01-13 17:00:00,17,1,0,0,48.0,food,0,0,5,marcus,party procrastinator,27.3,transit,0,0,2.8,4.0,25.7,110,6.9692468429928836,5.420042694473666,4.048356240855109,-0.6900315853868797,-0.31303963600465057,0.010993837878349844,-2.2795023890685346,0.031245010357801917
655,2026-01-13 17:00:00,17,1,0,0,48.0,food,0,0,5,maya,always early,39.1,drive,0,0,-1.7,-2.0,37.6,105,-0.6221510277801668,1.662206276373489,-0.6634717222229048,-0.6684532000638906,-0.5067334114560934,-0.3274604092386534,-0.6790528324252768,-0.4924363835318911
655,2026-01-13 17:00:00,17,1,0,0,48.0,food,0,0,5,omar,average,22.0,transit,0,0,2.0,5.0,13.6,104,6.325352173799832,2.7624623481329245,5.564386335371381,-0.12265263964507955,-0.07751766293734264,-0.08630359350392247,-0.27507341474775604,-0.177414544406985
655,2026-01-13 17:00:00,17,1,0,0,48.0,food,0,0,5,priya,overbooked,24.8,drive,0,0,3.0,3.0,25.8,112,10.667208435420356,6.726601309619252,10.376345267262959,0.14450333960130912,-6.2239483951036565,0.0878485662504147,-0.7032080093890265,0.1644170039244539
698,2026-01-14 18:00:00,18,2,0,0,168.0,food,0,0,6,ethan,improving,20.3,transit,0,1,8.6,11.1,19.8,106,14.255686194669245,3.503063806752007,14.173053198476925,0.20202324820968975,-0.22647554116480606,0.3227451740040195,-0.1548243158412621,-0.18176464600193398
698,2026-01-14 18:00:00,18,2,0,0,168.0,food,0,0,6,jake,chronically late,11.2,walk,0,1,8.8,11.5,11.3,115,12.984009730069053,5.228256368071821,16.066859922876873,-0.213272375854892,0.6757527538636285,0.1598088940249962,-9.266732430290858e-06,0.020277721728993114
698,2026-01-14 18:00:00,18,2,0,0,168.0,food,0,0,6,leo,rain hater,30.0,transit,0,1,3.7,3.5,18.6,101,6.549822335927228,5.258104224274189,7.442806381693494,-2.9491586645807932,0.1519115208127264,-0.12755390345558215,-0.39768135012468875,0.6927373559111478
698,2026-01-14 18:00:00,18,2,0,0,168.0,food,0,0,6,marcus,party procrastinator,35.3,transit,0,1,10.2,4.5,46.4,111,6.932596272485226,5.409796564737423,3.4664560778529214,-0.6919333107754779,-0.32177625717706704,0.007976285355010937,-2.2649049813955857,-0.16863545085345155
698,2026-01-14 18:00:00,18,2,0,0,168.0,food,0,0,6,omar,average,22.9,transit,0,1,6.0,5.5,15.2,105,6.285283341893512,2.780424607453406,5.367223811969574,-0.13438432178212878,-0.09236461708527077,-0.09107711250495232,-0.2788254376721975,0.3489305484220724
698,2026-01-14 18:00:00,18,2,0,0,168.0,food,0,0,6,priya,overbooked,5.7,walk,1,1,17.0,15.5,5.9,113,10.60153531871429,6.736623929365374,10.171867233918368,0.12711444244460068,5.242695219426464,0.07797567748731105,-0.7104585527785776,0.07183685796153227
347,2026-01-14 19:00:00,19,2,0,0,24.0,food,0,0,4,ethan,improving,34.0,transit,1,0,15.4,10.1,36.4,107,14.205603765382554,3.5338041623446217,13.301601075823587,0.18347509784118365,1.4109230458519928,0.31293487718391333,-0.16725573465524057,0.4426047640644555
347,2026-01-14 19:00:00,19,2,0,0,24.0,food,0,0,4,jake,chronically late,16.2,transit,0,0,18.5,10.5,16.4,116,12.949815055560713,5.221734609926491,15.085661444445918,-0.2222205214169275,0.65076230064874,0.15332976676184273,-0.006899251053130939,0.3146084009114887
347,2026-01-14 19:00:00,19,2,0,0,24.0,food,0,0,4,leo,rain hater,23.6,transit,0,0,0.7,2.5,15.5,102,6.523622632923798,5.239574882015926,6.349606466549657,-2.923381124062212,0.14210280574998269,-0.12932740581968893,-0.3989618545767879,-0.24840700001166738
347,2026-01-14 19:00:00,19,2,0,0,24.0,food,0,0,4,zoe,forgets far-off plans,6.1,walk,0,0,1.7,2.5,6.1,108,6.7480320506446585,5.211984563798944,4.970866300184189,-0.3475808118443968,0.01796972994671009,0.06870025948248859,-0.5412935216633601,-2.3652066359008552
102,2026-01-14 22:00:00,22,2,0,0,24.0,hangout,0,0,4,hana,steady,36.0,transit,0,0,4.0,3.5,32.8,100,5.306273987206822,2.4131926984805836,5.330363996344806,-0.30463186300639666,0.012401255915544418,-0.05493347765545398,-0.4385057856783492,-0.2254036221332365
102,2026-01-14 22:00:00,22,2,0,0,24.0,hangout,0,0,4,leo,rain hater,22.3,transit,1,0,6.6,2.5,32.4,103,6.469988598673301,5.244793368617923,6.348568171049514,-2.9114367171816364,-0.6279908789386406,-0.1335813851454688,-0.4052523566378632,-0.26351868110428267
102,2026-01-14 22:00:00,22,2,0,0,24.0,hangout,0,0,4,marcus,party procrastinator,36.6,drive,0,0,9.6,3.5,43.4,112,6.961186056895012,5.394467297469639,4.846053159112861,-0.6777909497650638,-0.3088979426230658,0.010038540262421236,-2.233755211795274,-0.005334159163695951
102,2026-01-14 22:00:00,22,2,0,0,24.0,hangout,0,0,4,omar,average,26.5,drive,1,0,5.9,4.5,20.6,106,6.283412330240689,2.7673694958686474,5.566689237211626,-0.13437672964530112,0.0582659536182355,-0.09124171372865586,-0.27711578277942905,-0.18674101669711884
279,2026-01-15 10:00:00,10,3,0,0,6.0,study,0,0,3,ethan,improving,14.5,walk,0,0,15.2,9.5,14.8,108,14.21630341810047,3.5184078929977574,13.104658119457278,0.1846023273495554,-0.25830953087892006,0.3111396018090762,-0.16273871820259522,0.44020706736862714
279,2026-01-15 10:00:00,10,3,0,0,6.0,study,0,0,3,jake,chronically late,29.2,drive,0,0,10.2,10.0,36.6,117,12.995428575781581,5.222308530907915,15.612979593080452,-0.2059734945557281,0.6647707600196728,0.15793877135152634,0.0015540679465306795,0.3247463515542144
279,2026-01-15 10:00:00,10,3,0,0,6.0,study,0,0,3,sofia,morning struggler,38.5,transit,1,0,1.2,1.0,52.1,97,3.8631596690720893,4.147652153526266,2.2466170483063115,-0.1895419684979074,-0.8010135788659185,-1.007786769641251,-0.33003262971490743,-0.27871249665230957
79,2026-01-15 14:00:00,14,3,0,0,24.0,study,0,0,2,leo,rain hater,25.8,drive,0,0,0.9,2.0,22.8,104,6.471216127743153,5.219545279197952,5.820347465069473,-2.8730852103572344,0.12373933406043491,-0.132215352370884,-0.40084028775652936,-0.26009891101389915
79,2026-01-15 14:00:00,14,3,0,0,24.0,study,0,0,2,zoe,forgets far-off plans,8.5,walk,0,0,3.2,2.0,8.6,109,6.704057525649156,5.210030758385658,4.401159293042616,-0.35827655200198016,0.003857723012885117,0.06184997557223326,-0.5465545295215941,-2.3549844136928098
280,2026-01-15 19:00:00,19,3,0,0,24.0,study,0,1,6,marcus,party procrastinator,9.7,walk,0,0,7.9,6.0,9.9,113,6.983160601451889,5.376315156724134,6.166617314700539,2.398216437288859,-0.29727265631716815,0.012516211112927778,-2.2038293201262693,0.001379013207063906
280,2026-01-15 19:00:00,19,3,0,0,24.0,study,0,1,6,maya,always early,33.5,transit,0,0,-0.8,0.0,34.6,106,-0.6323157570151096,1.6557117123687028,-0.8806616448614599,0.5238777316900919,-0.5042469440352056,-0.3251507016621018,-0.6737227245448426,-0.4898458951881707
280,2026-01-15 19:00:00,19,3,0,0,24.0,study,0,1,6,omar,average,12.8,walk,1,0,4.4,7.0,14.6,107,6.279579919386812,2.754590733834469,5.9513085483962325,0.20035006717765746,0.04893149766844651,-0.09049180456568262,-0.27455063052889184,-0.18541829616664796
280,2026-01-15 19:00:00,19,3,0,0,24.0,study,0,1,6,priya,overbooked,16.2,drive,1,0,22.6,17.0,17.5,114,10.65557101656574,6.732338589750382,10.501591719018782,0.09954318674740925,5.2093254339100366,0.08496467864563684,-0.6914338375278302,0.09471614923661775
280,2026-01-15 19:00:00,19,3,0,0,24.0,study,0,1,6,sofia,morning struggler,11.8,walk,1,0,11.1,4.0,11.6,98,3.8370189414691533,4.133958977339079,2.2962911261340437,-0.07683698763537627,-0.848682100456347,-1.0000592022181656,-0.3325410960349009,-0.2805178891653126
280,2026-01-15 19:00:00,19,3,0,0,24.0,study,0,1,6,zoe,forgets far-off plans,32.4,transit,0,0,7.7,5.0,27.2,110,6.673156095402809,5.196750733084875,4.349473170115088,1.0153190934597447,-0.005049785870047785,0.05765315438034335,-0.5477356781140026,-2.339066664632533
16,2026-01-16 12:00:00,12,4,0,0,48.0,hangout,0,1,4,ethan,improving,35.8,transit,0,0,13.6,11.5,37.0,109,14.225017350183185,3.5028111643881843,13.392862100052339,0.6151643194923828,-0.25095376579673356,0.3091815814292289,-0.1587930230457797,0.4374835350302444
16,2026-01-16 12:00:00,12,4,0,0,48.0,hangout,0,1,4,hana,steady,37.1,drive,0,0,3.9,5.0,26.3,101,5.293886584159274,2.4041589785367794,4.441110452616935,0.4717611798672712,0.008154776332246705,-0.05581150415123037,-0.4364484405948712,-0.22678498270389813
16,2026-01-16 12:00:00,12,4,0,0,48.0,hangout,0,1,4,maya,always early,33.9,drive,0,0,-1.6,-1.0,36.2,107,-0.6334644828492575,1.64808201809563,-0.9095612808140735,0.503235657404061,-0.499063839275697,-0.32252893864827936,-0.6672517130469795,-0.48497460437716944
16,2026-01-16 12:00:00,12,4,0,0,48.0,hangout,0,1,4,priya,overbooked,8.2,walk,0,0,5.1,4.0,7.9,115,10.755433149340693,6.791970907555018,11.644409471240197,0.4744578409171325,-6.330393772127903,0.09848580246392835,-0.6625197596671288,0.120864460319547
464,2026-01-16 12:00:00,12,4,0,0,24.0,study,0,0,5,ethan,improving,15.4,transit,0,0,12.1,10.5,22.1,110,14.219238034511614,3.487988361493965,13.119782295574748,0.19061020914286964,-0.2501492669491654,0.3059600044842554,-0.15822550637942356,0.4322386338980664
464,2026-01-16 12:00:00,12,4,0,0,24.0,study,0,0,5,leo,rain hater,28.1,transit,0,0,3.1,3.0,29.2,105,6.4201124906257805,5.222283147229885,4.677174997321651,-2.8598488694318203,0.10798371671274598,-0.13534522916740865,-0.4056737024491932,-0.2729795888656783
464,2026-01-16 12:00:00,12,4,0,0,24.0,study,0,0,5,marcus,party procrastinator,13.6,walk,0,0,1.6,4.0,13.2,114,6.990860285452403,5.35339349807334,6.797388652986401,-0.6717437758930007,-0.2913570090691193,0.013160081160535242,-2.1789602707383615,0.0035139560657615476
464,2026-01-16 12:00:00,12,4,0,0,24.0,study,0,0,5,omar,average,12.3,walk,0,0,5.5,5.0,12.2,108,6.262941362556071,2.747387304830443,5.44655467501602,-0.11794473252411297,-0.07373762093679836,-0.09220894282292935,-0.27479429442826664,-0.18920910034020544
464,2026-01-16 12:00:00,12,4,0,0,24.0,study,0,0,5,priya,overbooked,37.9,transit,1,0,21.1,15.0,31.6,116,10.708366727015171,6.783861372323734,11.802390493432906,0.08902553192498708,5.256516610628765,0.09110448784915448,-0.6662130024027828,0.10720735010680649
235,2026-01-16 21:00:00,21,4,0,0,2.0,study,0,0,4,jake,chronically late,34.9,drive,0,0,11.2,10.5,50.4,118,12.972695240638537,5.207565817239285,16.02077006875387,-0.21082303448350892,0.6464251754901156,0.15353021248706256,-0.0026630535719363024,0.31481461999977434
235,2026-01-16 21:00:00,21,4,0,0,2.0,study,0,0,4,maya,always early,5.4,walk,0,0,-3.3,-2.5,5.7,108,-0.6421104902784057,1.6414094448693926,-0.8548887115081157,-0.6544842444438536,-0.49657086455764265,-0.3204909756003639,-0.6622111144730892,-0.4824308172959203
235,2026-01-16 21:00:00,21,4,0,0,2.0,study,0,0,4,omar,average,10.5,walk,0,0,9.1,4.5,11.1,109,6.256504514022283,2.735593678098452,5.187572718292081,-0.11920312118010834,-0.07599219390045864,-0.0925965279046963,-0.27350924105088303,-0.18965766663465367
235,2026-01-16 21:00:00,21,4,0,0,2.0,study,0,0,4,priya,overbooked,39.3,transit,0,0,2.4,2.5,38.7,117,10.793782906545408,6.820379794345693,12.91250940187012,0.11090623878186001,-6.353266575603854,0.10233344059627747,-0.6411971898845685,0.12890623878186247
141,2026-01-17 17:00:00,17,5,1,0,2.0,food,0,0,6,ethan,improving,22.4,transit,0,0,10.5,11.0,29.8,111,14.200818965517238,3.4798185650050004,13.328805418719211,0.18292119565217746,-0.25564707737594183,0.30107080140485465,-0.1611929777298826,0.424221982758624
141,2026-01-17 17:00:00,17,5,1,0,2.0,food,0,0,6,marcus,party procrastinator,22.6,transit,0,0,7.0,4.5,28.9,115,6.945791666666667,5.353358749932797,6.570226190476191,-0.6771288265306117,-0.30354480286738283,0.008848318713450709,-2.16896556122449,-0.008761479591836263
141,2026-01-17 17:00:00,17,5,1,0,2.0,food,0,0,6,maya,always early,15.6,drive,0,0,-0.6,-1.5,15.9,109,-0.6658333333333334,1.6483254185579332,-1.5045238095238094,-0.6554360465116279,-0.499990079365079,-0.3201587301587301,-0.6605121527777776,-0.4850766283524902
141,2026-01-17 17:00:00,17,5,1,0,2.0,food,0,0,6,omar,average,12.9,walk,0,0,3.2,5.5,13.2,110,6.280826086956522,2.7369707873685996,6.208807453416149,-0.10886956521739233,-0.06411024844720448,-0.08751714046822734,-0.26607971014492815,-0.17853248656570653
141,2026-01-17 17:00:00,17,5,1,0,2.0,food,0,0,6,priya,overbooked,17.0,drive,1,0,18.3,15.5,18.5,118,10.725162601626014,6.83637108040371,12.80718931475029,0.09192465588022536,5.313229130882856,0.09203215737514903,-0.64967866821525,0.10974643805844231
141,2026-01-17 17:00:00,17,5,1,0,2.0,food,0,0,6,sofia,morning struggler,39.9,drive,0,0,6.5,2.5,45.9,99,3.9066826923076925,4.179856808369835,3.687623626373626,-0.26126502403846263,-0.0025664767331434746,-0.981851942700156,-0.310896330680813,-0.26345836855452287
87,2026-01-17 22:00:00,22,5,1,0,2.0,hangout,0,0,6,ethan,improving,31.3,drive,0,0,8.6,11.0,31.7,112,14.16920758566328,3.4846968655677872,13.591202167332368,0.17107239206055347,-0.2674480925510334,0.29451753294512706,-0.16770204001053202,0.41342645323094374
87,2026-01-17 22:00:00,22,5,1,0,2.0,hangout,0,0,6,hana,steady,12.2,walk,1,0,4.5,4.5,12.1,102,5.280348481519662,2.395714166335794,4.608670994719903,-0.29267264932709125,-0.39100053839115034,-0.056331057443680166,-0.43417548802957207,-0.22794678619111242
87,2026-01-17 22:00:00,22,5,1,0,2.0,hangout,0,0,6,leo,rain hater,12.0,walk,0,0,6.8,3.5,11.5,106,6.3900656533567926,5.207214663297624,3.9685901866733695,-2.837529852511426,0.0982713273852509,-0.13676066970788536,-0.40689903838960895,-0.27926646850697434
87,2026-01-17 22:00:00,22,5,1,0,2.0,hangout,0,0,6,marcus,party procrastinator,26.4,transit,0,0,3.2,4.5,20.1,116,6.946258574566975,5.330238361730706,7.170359592733421,-0.6701849091848047,-0.30018099081341276,0.00879614606637169,-2.14695258595248,-0.008568747568642898
87,2026-01-17 22:00:00,22,5,1,0,2.0,hangout,0,0,6,maya,always early,6.3,walk,0,0,-0.9,-1.5,7.0,110,-0.6652409780643131,1.6413371388309548,-1.3329259937326607,-0.6477039057324863,-0.49389084417476403,-0.31708170958022985,-0.6535858764750841,-0.4793749865984318
87,2026-01-17 22:00:00,22,5,1,0,2.0,hangout,0,0,6,priya,overbooked,27.7,drive,1,0,13.9,15.5,35.1,119,10.786268447762934,6.841324541972515,13.010362413646552,0.10717608399015255,5.2877779722205975,0.0998496251469323,-0.630312388906189,0.1248231428136819
383,2026-01-18 21:00:00,21,6,1,0,168.0,hangout,0,0,5,jake,chronically late,21.5,drive,0,1,17.9,11.0,28.8,119,12.957741790438616,5.1888791852040805,12.587926225839606,-0.21240129597202007,0.6330389931090323,0.15093109510693736,-0.00463436885886459,-0.10295872312161336
383,2026-01-18 21:00:00,21,6,1,0,168.0,hangout,0,0,5,leo,rain hater,20.9,transit,0,1,4.7,3.0,27.6,107,6.393392696557039,5.183011749523889,4.41239791330201,-2.800055653022224,0.09855195709994113,-0.13482294438147502,-0.4018072068319354,0.6947131421138604
383,2026-01-18 21:00:00,21,6,1,0,168.0,hangout,0,0,5,maya,always early,34.2,transit,0,1,-2.0,-2.0,38.5,111,-0.6675863619449267,1.6339744720398726,-1.219310389127122,-0.6407992268019442,-0.48866865909838286,-0.31407655216464936,-0.6470864116236918,0.060150992891031874
383,2026-01-18 21:00:00,21,6,1,0,168.0,hangout,0,0,5,priya,overbooked,11.5,walk,0,1,1.3,3.0,11.6,120,10.81087985611511,6.818112316144077,11.774537101747175,0.11294926311378184,-6.404662324876942,0.10275522529344983,-0.6187826665770171,0.13557937649879648
383,2026-01-18 21:00:00,21,6,1,0,168.0,hangout,0,0,5,sofia,morning struggler,29.9,transit,0,1,1.7,2.0,21.4,100,3.9310474477560806,4.1680254317842165,4.3517278422160235,-0.24888402505508944,0.0062115429607532135,-0.9688733342330456,-0.3008742973153944,0.3442435099539418
83,2026-01-19 22:00:00,22,0,0,0,24.0,study,0,0,2,hana,steady,34.5,drive,0,0,3.1,3.0,38.9,103,5.272223880102125,2.384978677377413,4.692063965743464,-0.29099071668126353,0.011837065142048075,-0.0557771533643967,-0.4302551909661405,-0.22679894597847028
83,2026-01-19 22:00:00,22,0,0,0,24.0,study,0,0,2,maya,always early,15.8,transit,0,0,-4.0,-3.0,23.2,112,-0.6794856491364994,1.6292174470573038,-1.3941387568961428,-0.637339387331843,-0.48715145713571306,-0.3121572049901903,-0.642710595769384,-0.46318208396105665
430,2026-01-20 15:00:00,15,1,0,0,6.0,hangout,0,1,6,ethan,improving,11.0,walk,0,0,17.0,12.4,11.6,113,14.120594962208992,3.5125529229680312,12.605884274916855,0.6588179623098007,-0.28484526207750527,0.28761389970959605,-0.17668705597384005,0.40100283005615367
430,2026-01-20 15:00:00,15,1,0,0,6.0,hangout,0,1,6,hana,steady,8.3,walk,0,0,5.0,6.0,7.7,104,5.251653261840929,2.3820643923350957,4.20047236052598,0.4470004900688984,0.005502812385008049,-0.05696437645656971,-0.42952136604302904,-0.23004551405947904
430,2026-01-20 15:00:00,15,1,0,0,6.0,hangout,0,1,6,jake,chronically late,28.5,drive,1,0,12.2,13.0,35.7,120,12.99624164432529,5.184910732650618,13.227497612664367,1.596465296395591,-0.7137731511148893,0.15576886194972595,0.0035875213258602656,0.27157043789097735
430,2026-01-20 15:00:00,15,1,0,0,6.0,hangout,0,1,6,maya,always early,29.8,drive,0,0,-0.4,0.0,27.7,113,-0.7082185971130397,1.6455232866756806,-1.7452053134608685,0.5221248702777306,-0.4922483686320194,-0.31234188899306314,-0.6421923327426122,-0.46779354717101795
430,2026-01-20 15:00:00,15,1,0,0,6.0,hangout,0,1,6,omar,average,28.7,transit,1,0,9.4,7.0,31.9,111,6.2528465994884606,2.7396146062710347,5.80081331413956,0.15567704559032425,0.01838209488493625,-0.08937771379853299,-0.2667860849501853,-0.1843551217391024
430,2026-01-20 15:00:00,15,1,0,0,6.0,hangout,0,1,6,sofia,morning struggler,35.3,drive,0,0,3.3,4.0,24.5,101,3.908775523968503,4.152342807276191,4.245364435419572,0.11687542843985943,0.0001868569934546649,-0.9603367477700773,-0.3015409439702723,-0.23438554983978044
486,2026-01-21 10:00:00,10,2,0,0,96.0,food,0,0,3,ethan,improving,29.6,transit,0,1,6.5,9.3,28.6,114,14.144877684407094,3.5053816954826664,12.869965052687743,0.13304134135923817,-0.2704731147360899,0.2877744635391686,-0.16887376095219153,-0.35800204526254653
486,2026-01-21 10:00:00,10,2,0,0,96.0,food,0,0,3,marcus,party procrastinator,16.5,drive,1,1,2.2,3.0,19.1,117,6.914265938069217,5.318486484690636,6.161218839448348,-0.6705526411657559,0.8379631147540971,0.0070386282268701805,-2.1325526411657565,-0.026438912500844403
486,2026-01-21 10:00:00,10,2,0,0,96.0,food,0,0,3,maya,always early,34.9,drive,1,1,-1.7,-3.0,35.6,114,-0.7055424836601307,1.639465001431956,-1.330154995331466,-0.6425432098765431,0.08189355742296911,-0.3092549019607844,-0.6353259561250242,0.05015725886314126
538,2026-01-22 13:00:00,13,3,0,0,24.0,study,0,0,4,hana,steady,38.3,transit,0,0,3.8,3.5,38.5,105,5.248849935525466,2.3707388555234075,4.4282428387215615,-0.29169030085525716,0.005152967702758637,-0.05618731729607429,-0.4249749389549624,-0.22765166336882903
538,2026-01-22 13:00:00,13,3,0,0,24.0,study,0,0,4,leo,rain hater,28.2,transit,0,0,5.5,2.5,49.4,108,6.376756574405322,5.1613709086893245,4.979073306972949,-2.770783946355611,0.09480628289931481,-0.13338821447914828,-0.39891874568505514,-0.25896126123648333
538,2026-01-22 13:00:00,13,3,0,0,24.0,study,0,0,4,omar,average,17.9,drive,0,0,8.5,4.5,17.6,112,6.279260623143602,2.743890331588658,6.308360178041029,-0.14041281074673506,-0.09812764531162621,-0.084012480542488,-0.25910386241554484,-0.17270784165219677
538,2026-01-22 13:00:00,13,3,0,0,24.0,study,0,0,4,sofia,morning struggler,25.8,drive,0,0,2.7,1.5,26.2,102,3.9025560084841255,4.132163022174955,4.515016002424035,-0.24630259333265592,-0.0012133889314993596,-0.9509443248958025,-0.2990806746794519,-0.2325261155548719
318,2026-01-22 19:00:00,19,3,0,0,48.0,hangout,0,0,2,hana,steady,12.1,walk,1,0,1.7,3.0,12.2,106,5.2354423327921555,2.3631282704286516,4.395840666512044,-0.2928564796497657,-0.36726262024178435,-0.056815297561763956,-0.4230506310662525,-0.22888310933805478
318,2026-01-22 19:00:00,19,3,0,0,48.0,hangout,0,0,2,jake,chronically late,36.6,drive,0,0,9.2,10.0,44.0,121,12.989159515396263,5.164284331996393,13.711188432970362,-0.1907015396264491,0.6518045023226282,0.1543387395777156,0.003144967279244071,0.26772956952434335
447,2026-01-22 19:00:00,19,3,0,0,6.0,hangout,0,0,4,hana,steady,39.9,transit,1,0,3.6,3.5,32.6,107,5.20372653691106,2.3751802778069604,4.072493296260303,-0.301154387680997,-0.44643878075921695,-0.05973955896291372,-0.4254074464469424,-0.2361014505677419
447,2026-01-22 19:00:00,19,3,0,0,6.0,hangout,0,0,4,marcus,party procrastinator,32.7,drive,1,0,4.1,3.5,33.8,118,6.874937984829584,5.313360159000972,5.092839424237023,-0.6732083816201992,0.7030829219627766,0.004332869222961833,-2.1207331340954463,0.021808914411895586
447,2026-01-22 19:00:00,19,3,0,0,6.0,hangout,0,0,4,maya,always early,39.5,transit,0,0,-1.9,-2.5,52.4,115,-0.7148552322163433,1.6334036737551048,-1.489958637776098,-0.6376093409823569,-0.4769905673463726,-0.30653464310871725,-0.6299906125001438,-0.45299395636697226
447,2026-01-22 19:00:00,19,3,0,0,6.0,hangout,0,0,4,zoe,forgets far-off plans,19.2,transit,0,0,2.0,2.5,18.1,111,6.679460104603784,5.17425842488997,4.994131458458223,-0.3695996592958837,8.07612351279019e-05,0.06070158252723523,-0.5376509155933853,-2.3067635077512962
105,2026-01-22 21:00:00,21,3,0,0,24.0,study,0,0,2,ethan,improving,20.7,drive,0,0,6.6,9.3,18.7,115,14.079354862331572,3.567152603094212,11.836958532094735,0.1132427620016685,-0.2945086494053175,0.2795449083082282,-0.18138711921499429,0.4643031406942324
105,2026-01-22 21:00:00,21,3,0,0,24.0,study,0,0,2,priya,overbooked,36.3,transit,0,0,0.1,2.0,44.6,121,10.732718916506263,6.84589239931377,11.209348261858931,0.09481564678730692,-6.386794871979861,0.09392103638531424,-0.6265745222235655,0.204791710508605
410,2026-01-22 22:00:00,22,3,0,0,2.0,study,0,0,2,marcus,party procrastinator,11.1,walk,0,0,6.2,3.0,10.5,119,6.851513865308433,5.296961754384613,4.54328967580241,-0.6715376954403727,-0.24669734608167282,0.003211298475823021,-2.1048710287737054,0.016382860696934287
410,2026-01-22 22:00:00,22,3,0,0,2.0,study,0,0,2,priya,overbooked,23.2,drive,1,0,13.9,14.0,22.0,122,10.648722199198785,6.88663081309909,8.185349199771082,0.07264552457258588,5.3861217870477045,0.08182617145633664,-0.6382303551988393,0.18054329114731082
356,2026-01-23 14:00:00,14,4,0,0,24.0,food,0,1,4,hana,steady,34.5,drive,0,0,6.4,5.0,27.0,108,5.188598639244919,2.368541503667465,3.939599611212834,0.4783698981370996,0.045228868757662966,-0.05989115626166708,-0.4232069568096133,-0.2370098259535336
356,2026-01-23 14:00:00,14,4,0,0,24.0,food,0,1,4,leo,rain hater,31.1,drive,0,0,12.2,12.0,26.3,109,6.367646019602421,5.138251926403272,4.819327434172121,5.941495334397907,0.09298011048373134,-0.13151546824451188,-0.3949902760577464,-0.25722124073561936
356,2026-01-23 14:00:00,14,4,0,0,24.0,food,0,1,4,marcus,party procrastinator,32.4,transit,1,0,2.3,5.0,21.3,120,6.846493169877408,5.275157712228981,5.198998048536402,2.454709268988778,0.6250499433398566,0.002519148184668474,-2.085983792698893,0.014609436489132044
356,2026-01-23 14:00:00,14,4,0,0,24.0,food,0,1,4,priya,overbooked,5.2,walk,0,0,7.1,4.0,6.0,123,10.674309736208407,6.864280266609001,9.835517067488116,0.31352540012648333,-6.405300436529728,0.08442144909964533,-0.6272956572898423,0.185419298849137
208,2026-01-23 15:00:00,15,4,0,0,48.0,food,0,0,3,jake,chronically late,26.1,drive,0,0,6.2,10.0,25.2,122,12.958315125530774,5.155846711037188,12.373804321580222,-0.1970123965441033,0.6315912703320485,0.1501598798337902,-0.0012474859981495001,0.25728855709328435
208,2026-01-23 15:00:00,15,4,0,0,48.0,food,0,0,3,leo,rain hater,32.1,drive,0,0,1.3,2.0,34.8,110,6.41831322558616,5.1451594036780035,6.448089493024617,-2.7867087606113943,0.1060651374769348,-0.12566262442315246,-0.3821214008025242,-0.23818612527922678
208,2026-01-23 15:00:00,15,4,0,0,48.0,food,0,0,3,maya,always early,31.0,transit,1,0,-3.3,-3.0,22.2,116,-0.7255700748561291,1.6281778585646274,-1.6358771642446084,-0.6334282987773561,0.06924089779277787,-0.30414287491423386,-0.6251857540203818,-0.4508196031251823
177,2026-01-23 20:00:00,20,4,0,0,6.0,hangout,0,0,2,marcus,party procrastinator,25.2,transit,0,0,2.4,3.0,46.1,121,6.809751751005015,5.269274757644783,4.5170719288585754,-0.6316084621212754,-0.2113271806401693,-0.0001787613798054366,-2.0746675322066963,0.005284741762219269
177,2026-01-23 20:00:00,20,4,0,0,6.0,hangout,0,0,2,zoe,forgets far-off plans,28.1,drive,0,0,4.8,2.0,25.6,112,6.637852313048136,5.1696424716259415,4.125100660870896,-0.3770994699476935,-0.010306977247704019,0.05649270144483509,-0.5399809841063083,-2.294152744899365
427,2026-01-24 19:00:00,19,5,1,0,24.0,hangout,0,1,6,ethan,improving,35.9,drive,0,0,19.1,12.2,33.0,116,14.016500204637,3.62370758870885,11.033285772753429,0.8195831628025001,-0.3178507675888991,0.2709555566301205,-0.19390118460546546,0.4477546128936236
427,2026-01-24 19:00:00,19,5,1,0,24.0,hangout,0,1,6,hana,steady,9.8,walk,0,0,4.9,6.0,10.0,109,5.198215129483134,2.3609585073963077,4.4137757512808955,0.49242352649915944,0.04941073014658848,-0.057177039320370326,-0.41565313308093277,-0.23018133115988437
427,2026-01-24 19:00:00,19,5,1,0,24.0,hangout,0,1,6,leo,rain hater,15.1,transit,0,0,13.1,13.0,17.3,111,6.3732459031127355,5.1443484599932185,6.17807025803221,5.93376013677052,0.0937670391563552,-0.1276041957653158,-0.38522425733056487,-0.24861297359573875
427,2026-01-24 19:00:00,19,5,1,0,24.0,hangout,0,1,6,maya,always early,33.1,transit,1,0,0.0,0.0,25.2,117,-0.7475694691714974,1.6341218739960148,-1.8278769911918566,0.549397488410983,0.016816838202376116,-0.30320794096883463,-0.6229867553079014,-0.45283749153664776
427,2026-01-24 19:00:00,19,5,1,0,24.0,hangout,0,1,6,sofia,morning struggler,38.8,transit,0,0,6.2,4.0,45.8,103,3.888856710750716,4.113303160478091,4.725387631643062,0.10928607437440263,-0.0024533748242037134,-0.9403833425766615,-0.29606238598419354,-0.22987497081716812
427,2026-01-24 19:00:00,19,5,1,0,24.0,hangout,0,1,6,zoe,forgets far-off plans,31.0,drive,0,0,4.4,5.0,23.4,113,6.622004447127775,5.1495019364436825,4.663429842036507,1.0583296273935217,-0.014530528857893188,0.05423428897900351,-0.5379042247713848,-2.2741153111762324
40,2026-01-24 21:00:00,21,5,1,0,24.0,party,1,0,6,hana,steady,21.0,transit,1,0,6.7,6.5,23.2,110,5.195768667092555,2.3502804474824233,4.39879104774073,-0.30880537249414974,-0.4770963014324652,-0.057075673245677194,1.4413191107866261,-0.22860732648969861
40,2026-01-24 21:00:00,21,5,1,0,24.0,party,1,0,6,jake,chronically late,13.5,walk,0,0,15.8,13.5,12.9,123,12.904792161840968,5.1730618056146245,11.787083474811705,-0.21043960488797886,0.6009656492491988,0.14286852298280373,1.4564058786192735,0.2401006615493717
40,2026-01-24 21:00:00,21,5,1,0,24.0,party,1,0,6,marcus,party procrastinator,33.6,drive,1,0,16.4,16.5,28.6,122,6.774908635556251,5.262536700954216,4.392831038730358,-0.6347687973083547,0.5386497409517839,-0.0032181960704562584,7.927852222880089,-0.003999566539124366
40,2026-01-24 21:00:00,21,5,1,0,24.0,party,1,0,6,priya,overbooked,39.2,drive,0,0,5.7,5.5,56.6,124,10.645840284617394,6.844596142794726,8.227382938462114,0.10537859673248384,-6.332020260899278,0.0806783715104622,3.751081516386387,0.17707670994002989
40,2026-01-24 21:00:00,21,5,1,0,24.0,party,1,0,6,sofia,morning struggler,32.9,transit,0,0,4.4,4.5,31.3,104,3.9102146487673752,4.100608696156472,4.031489899647822,-0.2650209952271734,0.00433271453305295,-0.9291362677592505,0.4330159532252096,-0.223361246200672
40,2026-01-24 21:00:00,21,5,1,0,24.0,party,1,0,6,zoe,forgets far-off plans,14.0,walk,0,0,5.2,5.5,15.1,114,6.603473921980202,5.130939606296251,5.043849691994343,-0.3602763992930935,-0.019959655210400662,0.05122943810980818,2.205976930624189,-2.2560302998933777
539,2026-01-24 21:00:00,21,5,1,0,24.0,hangout,0,0,3,hana,steady,16.1,drive,0,0,2.3,3.0,14.2,111,5.209121030628279,2.3445488567684416,4.816891723036652,-0.3005508564542394,0.0352116115418486,-0.055491625553586665,-0.42482198867735654,-0.22260914726116798
539,2026-01-24 21:00:00,21,5,1,0,24.0,hangout,0,0,3,jake,chronically late,6.7,walk,0,0,11.5,10.0,7.1,124,12.927581701960314,5.157681386949178,12.450737629131519,-0.2019709397292324,0.6043520861897047,0.14416542837415314,-0.03167100718330751,0.24393664909547041
539,2026-01-24 21:00:00,21,5,1,0,24.0,hangout,0,0,3,sofia,morning struggler,35.2,transit,0,0,-0.8,1.0,36.3,105,3.9150730868443677,4.081527880741456,3.7328780248126767,-0.2606044507226808,0.005333412399560977,-0.92011764997685,-0.29251476690717393,-0.2205380302378912
399,2026-01-25 15:00:00,15,6,1,0,48.0,food,0,1,6,ethan,improving,21.6,drive,0,0,22.2,12.2,19.3,117,14.058358406208695,3.635075391582828,12.273816687488198,0.9220219818894826,-0.29595167858320437,0.27314854143203426,-0.1819682882572895,0.4520396131345734
399,2026-01-25 15:00:00,15,6,1,0,48.0,food,0,1,6,jake,chronically late,34.8,drive,0,0,10.9,13.0,30.1,125,12.916305581211242,5.139122041749934,11.533230166060354,1.5863243512421832,0.5931732134775327,0.14187381800589272,-0.033134283789696184,0.23875658932262667
399,2026-01-25 15:00:00,15,6,1,0,48.0,food,0,1,6,maya,always early,7.3,walk,1,0,-0.5,0.0,7.5,118,-0.7413030442482812,1.6302558474436157,-1.254658012642366,0.5496883236413839,0.030605275268244192,-0.29998217699067864,-0.6159018626206844,-0.44600030916918054
399,2026-01-25 15:00:00,15,6,1,0,48.0,food,0,1,6,omar,average,16.1,drive,0,0,6.5,7.0,17.1,113,6.295929877605606,2.739973355734021,6.898837107887316,0.2128091657702713,-0.08686418704713983,-0.07836306089506273,-0.25136178819581456,-0.16245542773573618
399,2026-01-25 15:00:00,15,6,1,0,48.0,food,0,1,6,priya,overbooked,18.2,transit,0,0,8.3,5.0,15.9,125,10.607844042749704,6.832170958048401,7.045098297928486,0.22927096488417043,-6.274414203180057,0.07483848005490401,-0.5903735903735914,0.16541969756570118
399,2026-01-25 15:00:00,15,6,1,0,48.0,food,0,1,6,zoe,forgets far-off plans,9.7,walk,0,0,9.6,5.0,9.9,115,6.591831046312179,5.110172219546182,5.326237441803479,0.9778191224478503,-0.02317996145072687,0.049242424242423866,-0.5258988162967242,-2.2357532720560833
211,2026-01-29 09:00:00,9,3,0,1,6.0,party,1,0,5,hana,steady,22.1,transit,1,0,6.9,6.0,24.4,112,5.184409731338058,2.349025525269435,4.89554563752516,-0.3068864511483955,-0.4055957108164865,-0.357572343280534,1.4529561166933185,-0.22779219243709825
211,2026-01-29 09:00:00,9,3,0,1,6.0,party,1,0,5,leo,rain hater,12.9,walk,0,0,5.6,5.0,13.2,112,6.431418278346606,5.16075746089206,7.0946909366704585,-2.8271159724221113,0.10771809031728008,0.924290860826698,1.9050867989718947,-0.22865385477958355
211,2026-01-29 09:00:00,9,3,0,1,6.0,party,1,0,5,marcus,party procrastinator,16.6,transit,0,0,22.6,16.0,18.7,123,6.850593270051194,5.312208933366144,6.443026648586056,-0.6091364476678036,-0.29334619427535813,-0.2457781473006504,7.9262983853150875,0.015625457094100348
211,2026-01-29 09:00:00,9,3,0,1,6.0,party,1,0,5,maya,always early,38.6,drive,1,0,4.9,0.0,39.2,119,-0.7389037212374765,1.6242612787496242,-1.2682582060678504,-0.6416825003344309,0.033916064668569224,-0.43213332206162236,1.060881173142373,-0.4410385798802856
211,2026-01-29 09:00:00,9,3,0,1,6.0,party,1,0,5,priya,overbooked,38.3,transit,0,0,7.4,5.0,51.6,126,10.590656019592005,6.8084485035466935,8.040187434169145,0.11077650468799582,-6.1946353728507155,0.48767398653049554,3.4323973178229945,0.15891138872243893
441,2026-01-29 14:00:00,14,3,0,0,24.0,study,0,0,4,jake,chronically late,38.8,transit,1,0,9.2,10.5,35.4,126,12.901694046839227,5.1225483907544564,11.343341156239779,-0.1891126022796481,-0.6324447555488444,0.13804537658388405,-0.036403001324474715,0.2314047289550789
441,2026-01-29 14:00:00,14,3,0,0,24.0,study,0,0,4,maya,always early,29.4,transit,0,0,-3.0,-2.5,24.5,120,-0.6934246389124892,1.7063099806307178,-0.31240703968928246,-0.6179277354977495,-0.5050989521382048,-0.3410720845184887,-0.6534350138664016,-0.42081622769753624
441,2026-01-29 14:00:00,14,3,0,0,24.0,study,0,0,4,priya,overbooked,10.1,walk,1,0,13.7,14.5,10.3,127,10.566832728302566,6.787938667388113,9.076237922372162,0.10292804615588658,5.433628942528683,0.09428530204337271,-0.566527695789059,0.15091189226177093
441,2026-01-29 14:00:00,14,3,0,0,24.0,study,0,0,4,sofia,morning struggler,37.3,drive,1,0,5.9,1.5,42.8,106,3.873170451675124,4.086007629479735,3.3637629861928926,-0.27357218981188103,-0.5886757281617094,-0.9163528111191659,-0.3004193521226979,-0.22713073767125236
85,2026-01-29 20:00:00,20,3,0,0,96.0,hangout,0,1,6,jake,chronically late,9.0,walk,0,1,10.9,13.0,8.7,127,12.873538731942627,5.114109035621206,11.335296780555037,1.5098266949234063,0.6059048176287885,0.1335735111697769,-0.04105861418647727,0.1353843900478111
85,2026-01-29 20:00:00,20,3,0,0,96.0,hangout,0,1,6,leo,rain hater,20.5,drive,1,1,16.5,13.0,22.5,113,6.424636547596837,5.138406854078619,7.221324727884811,5.909291214915578,-0.562206442289753,-0.11550098743626425,-0.3657597905008352,0.5865076847474446
85,2026-01-29 20:00:00,20,3,0,0,96.0,hangout,0,1,6,marcus,party procrastinator,37.3,drive,1,1,21.4,6.0,28.9,124,6.972923353615712,5.475488078064648,9.120835243890204,2.100812959529951,0.620538223275358,-0.11419698666424782,-2.252307955824487,-0.24204418332719335
85,2026-01-29 20:00:00,20,3,0,0,96.0,hangout,0,1,6,omar,average,25.9,drive,1,1,7.3,7.0,25.7,114,6.298379097617032,2.7280280077973105,7.042394027890581,0.21046622020373107,0.06356402368256653,-0.07808376902365133,-0.2493989515030206,0.3174884987728115
85,2026-01-29 20:00:00,20,3,0,0,96.0,hangout,0,1,6,sofia,morning struggler,28.2,transit,1,1,2.6,4.0,29.8,107,3.8911349340752386,4.072323069252376,3.74032426687864,0.17840295851754195,-0.5133530488898526,-0.9057040409584824,-0.2926703099223009,0.2381111012077195
85,2026-01-29 20:00:00,20,3,0,0,96.0,hangout,0,1,6,zoe,forgets far-off plans,11.5,walk,0,1,12.8,14.0,11.9,116,6.617414153854768,5.095849057412652,5.604975472529934,1.01968180768504,-0.016525676617280105,0.05122040658517779,-0.5155801267050242,6.103406172486861
493,2026-01-31 12:00:00,12,5,1,0,6.0,party,1,1,4,ethan,improving,21.2,drive,0,0,12.1,13.0,20.0,118,14.126205299963695,3.690526471428081,14.236058657132485,1.090389278155632,-0.26518253030281613,0.2766731913390714,2.0390357600290425,0.4599364594685529
493,2026-01-31 12:00:00,12,5,1,0,6.0,party,1,1,4,marcus,party procrastinator,27.4,drive,0,0,14.8,17.0,30.0,125,7.084794245350269,5.603226270640871,11.324226927242933,2.433273727985986,-0.3518965797711733,-0.10329854431977026,8.002239245227365,-0.05909640358846424
493,2026-01-31 12:00:00,12,5,1,0,6.0,party,1,1,4,maya,always early,22.9,drive,0,0,1.9,1.0,22.9,121,-0.710926572257659,1.7086020849294803,-0.47455044921647394,0.5149645483329841,-0.5083551075367179,-0.3412685386155161,1.2294835363706467,-0.42365727167314815
493,2026-01-31 12:00:00,12,5,1,0,6.0,party,1,1,4,zoe,forgets far-off plans,39.3,transit,1,0,5.5,6.0,25.2,117,6.669043048324058,5.106156160950254,7.162583728092587,1.1323271105129207,-0.11028536112333409,0.0561358476194842,2.0036742534101197,-2.252427830672227
222,2026-01-31 13:00:00,13,5,1,0,6.0,party,1,0,3,ethan,improving,35.4,transit,0,0,11.3,11.0,38.9,119,14.110031553858233,3.681050592582336,13.531437586816638,0.005074256238547292,-0.2694742453105565,0.27229739242875617,1.8957437449606562,0.4521194533314006
222,2026-01-31 13:00:00,13,5,1,0,6.0,party,1,0,3,hana,steady,10.8,walk,0,0,4.9,5.0,11.7,113,5.200372141342554,2.344749008511165,5.371534897526445,-0.29922763901993843,0.010759644287587022,-0.07308249855425597,1.4518826719927844,-0.22245781811399912
222,2026-01-31 13:00:00,13,5,1,0,6.0,party,1,0,3,zoe,forgets far-off plans,35.4,drive,0,0,4.7,4.0,30.4,118,6.659706607141638,5.085547959319463,7.259916173469039,-0.4246158301660188,0.005935140693797081,0.054315612469837404,1.8842347142866878,-2.2320626386766573
481,2026-02-01 14:00:00,14,6,1,0,24.0,hangout,0,0,5,ethan,improving,11.7,walk,1,0,9.4,10.0,12.1,120,14.087512897822444,3.6764562496452418,14.210717970806414,-0.002589552573867948,1.5083220890778684,0.26750902088791584,-0.12889576686018955,0.44339047707673984
481,2026-02-01 14:00:00,14,6,1,0,24.0,hangout,0,0,5,jake,chronically late,11.6,walk,1,0,7.3,11.0,11.8,128,12.859692573141395,5.097747664410234,12.002769306611826,-0.18256435537275628,-0.6667050646365826,0.12972582414077927,-0.04432109565671993,0.2346855844820368
481,2026-02-01 14:00:00,14,6,1,0,24.0,hangout,0,0,5,leo,rain hater,12.5,walk,0,0,2.0,3.0,12.2,114,6.510412707796687,5.202041647640451,8.817260773656196,-2.8776500466183124,0.02311372044025717,-0.10729710125700986,-0.34801210266351035,-0.30985884036069145
481,2026-02-01 14:00:00,14,6,1,0,24.0,hangout,0,0,5,priya,overbooked,26.8,transit,0,0,3.4,3.0,21.4,128,10.591271520509817,6.766547236148096,9.054649005859948,0.10741065933008365,-6.147519812532848,0.09597110430463829,-0.5571444620801778,0.15469536678608442
481,2026-02-01 14:00:00,14,6,1,0,24.0,hangout,0,0,5,sofia,morning struggler,37.3,drive,1,0,2.9,2.0,41.9,108,3.880877099361112,4.054872680543543,3.7231077426746038,-0.25408191916569844,-0.5307309161342602,-0.8995277021947055,-0.2934625151842116,-0.21144459429166895
88,2026-02-01 19:00:00,19,6,1,0,6.0,food,0,1,2,hana,steady,21.5,drive,0,0,3.5,4.5,22.6,114,5.197396289625107,2.334520869154856,5.156398939892888,0.46986787061387947,0.010152957057590228,-0.07228834865100353,-0.4385264751438518,-0.22044856620713293
88,2026-02-01 19:00:00,19,6,1,0,6.0,food,0,1,2,omar,average,5.2,walk,0,0,3.6,5.5,5.1,115,6.307417987211566,2.717878356351583,6.787833710631875,0.2260258344371957,-0.09434798794653432,-0.07680248321103544,-0.2463236887437361,-0.1693847620926645
627,2026-02-01 22:00:00,22,6,1,0,24.0,hangout,0,0,2,leo,rain hater,22.4,drive,0,0,1.7,2.0,27.2,115,6.472155148487372,5.196002535030691,7.349187185282106,-2.860851904458702,0.013158889700759957,-0.10934132618529357,-0.3508270754455145,-0.3178311933038245
627,2026-02-01 22:00:00,22,6,1,0,24.0,hangout,0,0,2,maya,always early,27.9,transit,1,0,2.4,-3.0,27.6,122,-0.6908770250513022,1.7221621629372872,0.27403513569962795,-0.6381165025829768,0.13201739691988945,-0.3352288307201209,-0.671313490138011,-0.41171874153294785
452,2026-02-02 13:00:00,13,0,0,0,6.0,party,1,0,5,marcus,party procrastinator,21.0,transit,0,0,15.8,16.0,19.3,126,7.142860406236317,5.622890634982199,13.126531544638947,-0.7332915191496987,-0.32554422410316963,-0.09597087372678903,7.94428299480307,-0.04179216295424748
452,2026-02-02 13:00:00,13,0,0,0,6.0,party,1,0,5,maya,always early,35.4,transit,0,0,-1.0,0.0,28.7,123,-0.6670725529925186,1.7424211496517286,0.6236935562878518,-0.6218374758091751,-0.5159205205396835,-0.3289898433207237,1.2496580423940147,-0.3989412123101339
452,2026-02-02 13:00:00,13,0,0,0,6.0,party,1,0,5,omar,average,32.2,drive,1,0,5.1,7.0,37.7,116,6.284419117495518,2.71730975320942,6.8384054621415755,-0.11934114400675355,0.10037287164862985,-0.07876370306390346,1.1945861929199033,-0.17460958996915998
452,2026-02-02 13:00:00,13,0,0,0,6.0,party,1,0,5,sofia,morning struggler,22.7,drive,0,0,4.7,4.0,20.9,109,3.8711816948855926,4.036987270648977,3.248909055681598,-0.2532976894323977,-0.006910007676184549,-0.8910343941964451,0.46603171704605817,-0.2100109022146044
452,2026-02-02 13:00:00,13,0,0,0,6.0,party,1,0,5,zoe,forgets far-off plans,18.6,drive,0,0,3.7,5.0,19.1,119,6.642860590459337,5.067200273074174,7.2979601687026685,-0.42481529622463476,0.002282439063629127,0.052915956951938625,1.749997215398226,-2.2132363488562143
205,2026-02-02 18:00:00,18,0,0,0,96.0,food,0,0,3,hana,steady,35.1,drive,0,1,3.1,3.0,43.0,115,5.182335816777042,2.3291115646377483,4.952095947650584,-0.28220604917831693,0.00583460804779623,-0.07241011067092362,-0.4366756278276833,0.3859384362188587
205,2026-02-02 18:00:00,18,0,0,0,96.0,food,0,0,3,leo,rain hater,30.2,transit,0,1,3.0,2.0,25.8,116,6.432068578621861,5.192041137281631,7.3948767367491035,-2.845320405446171,0.0028843798943949395,-0.11154385781221432,-0.35393453289186727,0.8966095178151159
205,2026-02-02 18:00:00,18,0,0,0,96.0,food,0,0,3,maya,always early,37.1,drive,0,1,-3.0,-3.0,30.5,124,-0.6699201704399608,1.7353811877525385,0.5514513798742969,-0.616158188861068,-0.5112583333471338,-0.32629496277180214,-0.6564650226359633,-0.010950442860033438
377,2026-02-02 22:00:00,22,0,0,0,48.0,hangout,0,0,5,leo,rain hater,26.2,transit,1,0,3.0,3.0,33.1,117,6.403298994192579,5.179237251029076,5.9437997126264515,-2.8249484772849596,-0.15083621749025067,-0.11263955478772658,-0.35499811483181176,-0.2989605049117152
377,2026-02-02 22:00:00,22,0,0,0,48.0,hangout,0,0,5,marcus,party procrastinator,11.2,walk,1,0,9.8,4.0,11.0,127,7.207594524935565,5.652821768708783,15.059312721410162,-0.707239640592781,0.7907290595151863,-0.08809074393814242,-2.3185570473442647,-0.02298366729965995
377,2026-02-02 22:00:00,22,0,0,0,48.0,hangout,0,0,5,maya,always early,37.9,transit,0,0,-2.0,-2.0,50.0,125,-0.6884424823731179,1.7376581942372904,-0.582412137820891,-0.6160698891765308,-0.5130704156254522,-0.3252426210590953,-0.6541466223228964,-0.3779796417455379
377,2026-02-02 22:00:00,22,0,0,0,48.0,hangout,0,0,5,priya,overbooked,14.3,walk,1,0,16.5,15.0,14.1,129,10.535839382772346,6.770756888947337,8.510239823649242,0.09397149826276063,5.431883242745808,0.08939993619373432,-0.5623376554577693,0.1414506795146977
377,2026-02-02 22:00:00,22,0,0,0,48.0,hangout,0,0,5,sofia,morning struggler,30.6,drive,0,0,0.6,2.0,22.6,110,3.877412846012996,4.019687500702733,3.2935465274322846,-0.24687802521680347,-0.003400888371817512,-0.881201247572033,-0.29733926028315283,-0.20554220371234777
626,2026-02-03 17:00:00,17,1,0,0,48.0,food,0,0,2,hana,steady,29.7,transit,0,0,4.0,3.0,21.0,116,5.164190952588082,2.3263329959585777,4.432625986453738,-0.28483980134697795,0.0005504964757934161,-0.07285506973020173,-0.43555414118670566,-0.20418110967117098
626,2026-02-03 17:00:00,17,1,0,0,48.0,food,0,0,2,leo,rain hater,31.6,drive,0,0,3.6,2.0,32.8,118,6.375342319212667,5.166460698078132,5.564383519775047,-2.805152414711947,0.022424796747968045,-0.11400290386169765,-0.3562899192487823,-0.3044483852326305
104,2026-02-04 13:00:00,13,2,0,0,48.0,hangout,0,0,3,hana,steady,30.5,transit,0,0,2.2,3.0,52.4,117,5.1544133085681985,2.3184727617789296,4.6726895167337705,-0.28515171571123066,-0.002582813431591724,-0.0730793915257335,-0.43332528388042135,-0.20469834384533137
104,2026-02-04 13:00:00,13,2,0,0,48.0,hangout,0,0,3,omar,average,37.4,drive,0,0,7.5,4.0,34.5,117,6.273265767584593,2.7077055274649227,6.220933076452741,-0.12037088891151626,-0.0918302126081949,-0.07807361589159179,-0.23654050056678688,-0.17467283244856002
104,2026-02-04 13:00:00,13,2,0,0,48.0,hangout,0,0,3,sofia,morning struggler,19.7,transit,0,0,-0.9,1.0,16.0,111,3.8486071003906908,4.012396989315756,3.4853163143973407,-0.2537415329530117,-0.01257337259120872,-0.8754885958274774,-0.30074075500972786,-0.20857704591590442
361,2026-02-05 17:00:00,17,3,0,0,168.0,hangout,0,0,2,hana,steady,37.9,drive,0,1,3.6,3.0,41.0,118,5.129958783617321,2.3234994756341236,3.994273938176377,-0.29071368772391626,-0.010487268690093643,-0.07474318432961002,-0.43428768825110353,0.34417204114428657
361,2026-02-05 17:00:00,17,3,0,0,168.0,hangout,0,0,2,zoe,forgets far-off plans,24.6,drive,0,1,15.2,11.0,26.4,120,6.617479443079443,5.052992512693179,7.076422698022698,-0.4269857220857203,-0.002752737976499553,0.051377429467086344,-0.45061150894937274,6.105679298549886
647,2026-02-05 18:00:00,18,3,0,0,24.0,study,0,0,6,jake,chronically late,31.7,transit,0,0,9.9,11.5,32.1,129,12.815688727254976,5.103146994575239,10.775911064929991,-0.19136378729012016,0.6335580478637084,0.12607291497304907,-0.04892225576112175,0.22300056567349635
647,2026-02-05 18:00:00,18,3,0,0,24.0,study,0,0,6,leo,rain hater,27.7,drive,1,0,2.7,3.5,26.6,119,6.3524378181626355,5.150767657068263,3.714982233760753,-2.783199738490577,-0.2252167792050228,-0.11462265637608215,-0.3564179173370601,-0.3079256845829077
647,2026-02-05 18:00:00,18,3,0,0,24.0,study,0,0,6,marcus,party procrastinator,26.9,transit,0,0,3.1,4.5,21.4,128,7.22633300339975,5.63533420279121,14.121809429542784,-0.694558327316428,-0.31501635322976185,-0.08481185247118894,-2.2905230499698552,-0.016868186730036427
647,2026-02-05 18:00:00,18,3,0,0,24.0,study,0,0,6,priya,overbooked,37.8,drive,0,0,5.2,3.5,44.6,130,10.579276218164196,6.763928692775135,10.065507490904055,0.10537586373509278,-6.152770263620118,0.09549110777743941,-0.547133773896185,0.1519414701467081
647,2026-02-05 18:00:00,18,3,0,0,24.0,study,0,0,6,sofia,morning struggler,15.6,transit,0,0,1.3,2.5,14.0,112,3.8077118756595456,4.017749899362395,2.5022033930455843,-0.26506121590068155,-0.02596946490902141,-0.871328457837043,-0.30731841261569093,-0.21419658763701888
647,2026-02-05 18:00:00,18,3,0,0,24.0,study,0,0,6,zoe,forgets far-off plans,5.2,walk,0,0,4.1,3.5,5.3,121,6.685732455969577,5.092083823893524,7.895923558848451,-0.39883903040413315,0.01650933108775554,0.05895696522570404,-0.42872608789411615,-2.2614755572211624
527,2026-02-05 20:00:00,20,3,0,0,6.0,hangout,0,0,6,ethan,improving,19.6,drive,0,0,7.9,10.3,17.1,121,14.04707595541607,3.6887588900279633,14.599164558690306,-0.012021059731576855,-0.2378959578657387,0.2642408223557986,-0.13423576525183378,0.4349000058415484
527,2026-02-05 20:00:00,20,3,0,0,6.0,hangout,0,0,6,hana,steady,33.6,drive,0,0,4.5,4.5,33.4,119,5.117190083729232,2.3174419931094628,3.804911452494067,-0.2918076324670382,-0.014211433535001206,-0.07506982149952357,-0.43256198450403094,-0.19712997849038238
527,2026-02-05 20:00:00,20,3,0,0,6.0,hangout,0,0,6,jake,chronically late,7.6,walk,1,0,12.3,11.5,8.2,130,12.793567188017963,5.090832693655617,10.54101919657656,-0.19573694558721755,-0.7192981893795594,0.1229754995027541,-0.051820667513007734,0.2153120407902005
527,2026-02-05 20:00:00,20,3,0,0,6.0,hangout,0,0,6,marcus,party procrastinator,23.9,transit,0,0,7.5,4.5,32.7,129,7.195011719271827,5.625090695607856,11.327146205506235,-0.6961579706813783,-0.32298143613955776,-0.08654669095403911,-2.2776500656018346,-0.02432936839583366
527,2026-02-05 20:00:00,20,3,0,0,6.0,hangout,0,0,6,maya,always early,8.7,walk,0,0,-2.1,-1.5,9.0,126,-0.6997590047143148,1.7329858945932473,-0.44278828706123285,-0.6123500359278221,-0.5107546271127544,-0.32254508638958235,-0.6493209500454266,-0.37646668858837395
527,2026-02-05 20:00:00,20,3,0,0,6.0,hangout,0,0,6,omar,average,12.0,walk,0,0,3.0,5.5,11.6,118,6.2823704909140226,2.6987202644560426,6.080677283118292,-0.11450110968208627,-0.08560810378402195,-0.07512180828393245,-0.23180303720237028,-0.1687053611789162
113,2026-02-06 09:00:00,9,4,0,1,168.0,hangout,0,0,2,priya,overbooked,33.9,transit,0,1,1.6,2.0,32.6,131,10.538890211955227,6.7550836802416585,9.611111489130066,0.09498881536420534,-6.103590964881748,0.30784220332572154,-0.550144944198534,0.014483040179634088
113,2026-02-06 09:00:00,9,4,0,1,168.0,hangout,0,0,2,sofia,morning struggler,33.4,transit,1,1,17.9,16.0,40.5,113,3.785500583270432,4.005996953390119,2.3101430237915515,-0.268714836936891,-0.4652585537106848,7.226090590943402,-0.3084550992668742,0.24087456254717665
378,2026-02-07 19:00:00,19,5,1,0,24.0,party,1,0,2,ethan,improving,34.3,transit,0,0,11.3,10.8,24.4,122,13.998497762557369,3.719037454252479,12.98528507501639,-0.027866562428210173,-0.256188101548819,0.25690130309630277,1.8123351564347363,0.4214339539225129
378,2026-02-07 19:00:00,19,5,1,0,24.0,party,1,0,2,jake,chronically late,33.1,transit,0,0,14.8,12.0,31.3,131,12.789773645917542,5.0717372271493755,10.739935327405012,-0.19487671786580307,0.6211520648073332,0.1217253082855354,1.612553412634254,0.21248879253325548
143,2026-02-08 08:00:00,8,6,1,1,6.0,food,0,1,6,ethan,improving,38.7,transit,0,0,14.5,11.7,31.6,123,13.977780720338982,3.713508059931634,11.422223062953995,1.121883025166925,-0.26284627300892893,0.2521349413298566,-0.12550544794188667,0.4131103030997103
143,2026-02-08 08:00:00,8,6,1,1,6.0,food,0,1,6,jake,chronically late,27.5,drive,1,0,18.3,13.0,24.5,132,12.804787826302116,5.054897603731028,11.544225093229176,1.4626042685921412,-0.7242558456018795,0.8101414491319225,-0.06625500020619413,0.2143467604682492
143,2026-02-08 08:00:00,8,6,1,1,6.0,food,0,1,6,leo,rain hater,29.3,transit,0,0,13.7,13.0,33.0,120,6.322847457627118,5.139768693455205,3.8065278450363196,6.102508474576274,0.044620238295015824,0.8239013867488456,-0.35785432890517477,-0.3136127375449389
143,2026-02-08 08:00:00,8,6,1,1,6.0,food,0,1,6,marcus,party procrastinator,12.6,walk,0,0,5.5,6.0,12.5,130,7.19745134965474,5.603478473762272,9.342128957044212,2.5154572086210507,-0.31914491094617325,0.8848200460347364,-2.2562838565513115,-0.023692279850472175
143,2026-02-08 08:00:00,8,6,1,1,6.0,food,0,1,6,omar,average,19.5,drive,0,0,5.0,7.0,22.8,119,6.256096227446693,2.7035900306331846,5.573170350699056,0.186203233617122,-0.09631310369965451,0.23643384363039832,-0.23445548983547937,-0.17588508170201678
143,2026-02-08 08:00:00,8,6,1,1,6.0,food,0,1,6,sofia,morning struggler,28.4,transit,0,0,18.7,19.0,31.4,114,3.90467169918815,4.204445627520937,4.4870490569109,0.12105825380999802,-0.14463519379749012,7.730608175473579,-0.277438114228743,-0.32871676233435654
151,2026-02-08 19:00:00,19,6,1,0,24.0,hangout,0,0,5,jake,chronically late,18.0,transit,1,0,18.5,11.0,28.4,133,12.845541586636399,5.056515357499757,12.613011881896114,-0.22785619275399505,-0.6253740228715721,0.08302304275873418,-0.05936218222993617,0.22256294848129698
151,2026-02-08 19:00:00,19,6,1,0,24.0,hangout,0,0,5,leo,rain hater,16.3,drive,0,0,1.0,3.0,17.3,121,6.382418563141456,5.162338992157938,5.537833875183273,-2.821173087411374,0.05985685662038076,-0.17307324536240198,-0.3457034487154962,-0.29329763498438055
151,2026-02-08 19:00:00,19,6,1,0,24.0,hangout,0,0,5,maya,always early,6.0,walk,0,0,-0.6,-2.0,5.7,127,-0.7092065230619445,1.728807177665721,-1.01691614944627,-0.6112538030911526,-0.5110646500141983,-0.3223183344405941,-0.6470640410399445,-0.37751928689207237
151,2026-02-08 19:00:00,19,6,1,0,24.0,hangout,0,0,5,priya,overbooked,20.3,drive,0,0,2.3,3.0,16.6,132,10.475071087268782,6.775187167674764,8.764306024933939,0.07603825287585408,-6.087565701869632,0.1513430694759279,-0.5607518100350735,0.2025869254422279
151,2026-02-08 19:00:00,19,6,1,0,24.0,hangout,0,0,5,sofia,morning struggler,17.8,transit,0,0,4.2,2.0,19.9,115,4.029039491298527,4.410038385697684,6.522582711799578,-0.3426786493801295,-0.10167177671258498,-1.0973859425798427,-0.2464137739075114,-0.3016818234476366
84,2026-02-10 11:00:00,11,1,0,0,2.0,party,1,0,5,ethan,improving,14.0,walk,0,0,12.2,11.7,15.6,124,13.982483720930231,3.6985712958645443,11.766423920265781,-0.03935953488372235,-0.2589473527956443,0.24761976744186143,1.664388372093022,0.40959144518272517
84,2026-02-10 11:00:00,11,1,0,0,2.0,party,1,0,5,hana,steady,19.5,drive,1,0,7.5,6.0,20.1,120,5.1131232,2.3082627847221673,3.9466066285714283,-0.29137987368421037,-0.28083180606060587,-0.07581024273504333,1.4479441333333334,-0.19746704000000115
84,2026-02-10 11:00:00,11,1,0,0,2.0,party,1,0,5,omar,average,24.8,transit,0,0,7.2,7.0,44.5,120,6.246723199999999,2.694560364058589,5.241920914285714,-0.11445068936170077,-0.10019994725274639,-0.0694345628318569,1.0971513263157906,-0.17801283265305923
84,2026-02-10 11:00:00,11,1,0,0,2.0,party,1,0,5,priya,overbooked,19.9,drive,1,0,17.1,17.0,17.6,133,10.415510144927534,6.787601720303007,7.11871718426501,0.0606087210780597,5.551299733028221,0.14191026086956526,3.3075918840579703,0.1860473175692885
84,2026-02-10 11:00:00,11,1,0,0,2.0,party,1,0,5,zoe,forgets far-off plans,18.7,transit,0,0,5.2,5.0,19.8,122,6.665672440944881,5.0764267127426175,6.6473349831271085,-0.4021177245701404,0.010331075605841455,0.05575435740024126,1.5576002333041696,-2.245792418215764
95,2026-02-10 16:00:00,16,1,0,0,2.0,food,0,1,2,leo,rain hater,22.7,transit,1,0,14.1,11.5,17.6,122,6.340088465037488,5.163673490675174,5.240025275724997,6.118458908747573,-0.33317666072067986,-0.1759181123275919,-0.34981906392963413,-0.3034504222138503
95,2026-02-10 16:00:00,16,1,0,0,2.0,food,0,1,2,omar,average,18.4,drive,0,0,3.8,5.5,15.9,121,6.254692341744135,2.6849193189363176,5.7584835262126095,0.1473482612758854,-0.09628514925803966,-0.0680830285097418,-0.24231881283674106,-0.1741523244843286
618,2026-02-10 22:00:00,22,1,0,0,48.0,hangout,0,0,6,hana,steady,5.2,walk,0,0,5.1,4.5,5.2,121,5.132574408708061,2.309621501182419,4.580735545345161,-0.2819194915878489,-0.03501902681589275,-0.07356701850856684,-0.4489624082973034,-0.19036775481162227
618,2026-02-10 22:00:00,22,1,0,0,48.0,hangout,0,0,6,jake,chronically late,28.4,drive,0,0,10.7,11.5,34.3,134,12.886362413649032,5.059368687597462,14.224674975328295,-0.21334594030135,0.5438624530339098,0.08732361813413192,-0.051675429483088564,0.23161822412304822
618,2026-02-10 22:00:00,22,1,0,0,48.0,hangout,0,0,6,leo,rain hater,29.4,drive,0,0,2.5,3.5,28.1,123,6.400815433571998,5.19011145581564,6.8430901238777135,-2.866704695463646,-0.010484587282094004,-0.1685503330111695,-0.3367445812223462,-0.282148010357683
618,2026-02-10 22:00:00,22,1,0,0,48.0,hangout,0,0,6,marcus,party procrastinator,38.2,drive,0,0,3.6,4.5,33.9,131,7.186061584538351,5.583998424160377,8.010303309868101,-0.678513330695699,-0.32168966295881773,-0.07488730389232146,-2.2403315125138796,-0.027755263800030683
618,2026-02-10 22:00:00,22,1,0,0,48.0,hangout,0,0,6,priya,overbooked,8.6,walk,1,0,14.2,15.5,8.7,134,10.464060255375651,6.785804440331902,9.0897315015359,0.07176845137981225,5.520618981986406,0.14721197698052535,-0.6147356682834602,0.1961162774667713
618,2026-02-10 22:00:00,22,1,0,0,48.0,hangout,0,0,6,sofia,morning struggler,6.4,walk,0,0,0.9,2.5,7.1,116,4.030614673530708,4.391083820934559,7.037318478151631,-0.338646142695723,-0.100262829193968,-1.0876671216045701,-0.2438198365929285,-0.29868064145781714
514,2026-02-11 17:00:00,17,2,0,0,2.0,hangout,0,0,2,hana,steady,19.7,drive,0,0,2.8,3.0,18.8,122,5.132105784876654,2.3001421091136325,4.737744509964758,-0.27890445575929945,-0.034549367280906296,-0.07277360904150054,-0.44462420614409925,-0.18837510914740552
514,2026-02-11 17:00:00,17,2,0,0,2.0,hangout,0,0,2,sofia,morning struggler,36.6,drive,0,0,5.7,1.0,37.4,117,4.004733071142089,4.380931125678894,7.287066591754884,-0.3438430141664459,-0.10764185687145345,-1.0808412697762084,-0.2472217570089792,-0.3007362281636894
691,2026-02-11 20:00:00,20,2,0,0,24.0,food,0,0,4,leo,rain hater,27.3,transit,1,0,0.8,2.5,18.3,124,6.370181082820113,5.180682508502348,6.6771945950914615,-2.848975589188585,-0.08848423568342767,-0.16976382532748424,-0.33843407921923685,-0.28813345744049546
691,2026-02-11 20:00:00,20,2,0,0,24.0,food,0,0,4,marcus,party procrastinator,7.7,walk,1,0,4.6,3.5,6.9,132,7.159513574334267,5.571469035867548,6.259861021238362,-0.6793553052201124,0.8798961064991895,-0.07658669160813325,-2.2271030529678573,-0.033871380779651794
691,2026-02-11 20:00:00,20,2,0,0,24.0,food,0,0,4,priya,overbooked,15.2,drive,0,0,0.5,2.5,11.8,135,10.490381140598531,6.767739013734549,8.768680325885295,0.07816977063416353,-6.132890010703119,0.1501850460392049,-0.6033903363717013,0.2014456327031322
691,2026-02-11 20:00:00,20,2,0,0,24.0,food,0,0,4,zoe,forgets far-off plans,35.8,transit,0,0,2.8,2.5,37.6,123,6.654323122529645,5.05740253273178,6.601235177865614,-0.4020845809877409,0.006942412207358473,0.053841714551433384,-0.4193553547901372,-2.2270617387271123
479,2026-02-12 12:00:00,12,3,0,0,96.0,study,0,0,2,hana,steady,37.0,transit,1,1,2.0,3.0,32.4,123,5.113068237785658,2.2996144426196476,4.818019496510188,-0.2817892460618987,-0.2023229086995313,-0.07335706121125618,-0.4439447082585435,0.29577646851195194
479,2026-02-12 12:00:00,12,3,0,0,96.0,study,0,0,2,omar,average,16.2,drive,0,1,5.3,4.0,18.4,122,6.234430979815466,2.6827191418573078,5.566980279947275,-0.09156619140412481,-0.10247232498667813,-0.06945571982348842,-0.24271531107370414,0.39282386078070086
558,2026-02-12 12:00:00,12,3,0,0,2.0,party,1,0,3,leo,rain hater,28.0,drive,0,0,2.8,4.0,26.1,125,6.326493978091146,5.183407620475164,6.393283993740327,-2.8368975276561383,0.02285669393246703,-0.17175845052646466,1.8383728582486283,-0.2973356137598415
558,2026-02-12 12:00:00,12,3,0,0,2.0,party,1,0,3,sofia,morning struggler,17.8,transit,1,0,3.9,3.0,14.9,118,4.01743265977113,4.36557331785472,7.919266474220322,-0.3344098882042279,-0.2053338066818906,-1.068848631085428,0.3653658110145228,-0.29418814295939466
558,2026-02-12 12:00:00,12,3,0,0,2.0,party,1,0,3,zoe,forgets far-off plans,25.9,drive,0,0,4.3,4.0,25.6,124,6.623598582572472,5.048593922899233,6.3210281664492785,-0.4074186534438464,-0.0005700786404485569,0.050718025034714564,1.4841868786011814,-2.2143259268869944
466,2026-02-12 14:00:00,14,3,0,0,24.0,hangout,0,1,3,hana,steady,39.7,transit,1,0,4.5,4.5,20.9,124,5.0883860878877485,2.306250132187843,4.5823960251107865,0.5013833532390732,-0.2643309324752128,-0.07481641483453672,-0.44488213890207273,-0.16759064672814894
466,2026-02-12 14:00:00,14,3,0,0,24.0,hangout,0,1,3,maya,always early,36.8,drive,0,0,0.7,-1.5,33.6,128,-0.7097608621239125,1.7224461323103657,-1.4456459606068321,0.5706039888639244,-0.5041443369546396,-0.3182781973120187,-0.639782033506619,-0.37226636419278203
466,2026-02-12 14:00:00,14,3,0,0,24.0,hangout,0,1,3,priya,overbooked,33.7,drive,1,0,14.0,15.5,31.7,136,10.418452520124251,6.797895204923949,8.0767007200355,0.2985220523109646,5.540422641422177,0.14008078144310154,-0.6126836651190732,0.1831907499665295
678,2026-02-12 16:00:00,16,3,0,0,2.0,study,0,1,2,hana,steady,35.8,transit,0,0,7.4,4.5,61.4,125,5.083782302270948,2.2974398272860164,4.581080657791699,0.4750763508222393,-0.011874105186556072,-0.07461089644017171,-0.4417921976222692,-0.1672543069694603
678,2026-02-12 16:00:00,16,3,0,0,2.0,study,0,1,2,zoe,forgets far-off plans,5.1,walk,0,0,2.6,3.5,5.0,125,6.605320763809409,5.032522961696251,6.401520218231259,1.1189911132213872,-0.00506978438443717,0.048618110728170016,-0.40506978438443664,-2.198054725618939
380,2026-02-13 19:00:00,19,4,0,0,24.0,food,0,0,2,hana,steady,32.2,drive,1,0,2.5,3.0,30.3,126,5.1013285665685855,2.2982192104824524,4.5718081618767386,-0.2992412652267369,-0.28447737676739315,-0.07200626711457936,-0.4337011536600919,-0.16031292054150992
380,2026-02-13 19:00:00,19,4,0,0,24.0,food,0,0,2,leo,rain hater,33.5,drive,1,0,1.8,2.0,31.5,126,6.299038490232707,5.172070480102372,4.828296711495059,-2.8182385705394783,-0.20564518535646403,-0.17246435756203304,-0.315459244964055,-0.30194141926924534
580,2026-02-14 12:00:00,12,5,1,0,96.0,food,0,0,2,priya,overbooked,6.9,walk,0,1,2.5,2.0,7.3,137,10.443198535475144,6.779460821465314,9.855199581564326,0.037280034416957264,-6.145904525513736,0.14297195039598343,-0.6017440505381533,-0.21506085694494814
580,2026-02-14 12:00:00,12,5,1,0,96.0,food,0,0,2,sofia,morning struggler,32.1,drive,0,1,3.5,1.0,27.2,119,4.015598322882828,4.347192271342771,5.918742377966522,-0.33041091023268043,-0.0991609102326807,-1.0588914986206373,-0.23888686505192336,0.7262108016130835
290,2026-02-16 14:00:00,14,0,0,0,48.0,study,0,1,5,ethan,improving,27.7,transit,1,0,11.2,11.0,25.6,125,13.966931470711675,3.6882819848813075,11.890551848774765,1.1134996279223959,1.458934963127282,0.24575164791277615,-0.10905734473470652,0.405056647461409
290,2026-02-16 14:00:00,14,0,0,0,48.0,study,0,1,5,jake,chronically late,35.8,transit,0,0,18.3,12.5,32.2,135,12.868579222803698,5.044776407198664,14.333879777943915,1.526800074667431,0.532878900808738,0.08679206490187141,-0.051970311307613315,0.22741109398593728
290,2026-02-16 14:00:00,14,0,0,0,48.0,study,0,1,5,leo,rain hater,8.1,walk,0,0,16.4,12.5,7.7,127,6.26440220600392,5.166735099683666,4.9326863445725495,6.224217104234642,0.04818837523436148,-0.1738261177637641,-0.3180602313883689,-0.3085341774188315
290,2026-02-16 14:00:00,14,0,0,0,48.0,study,0,1,5,omar,average,13.4,walk,0,0,8.1,6.5,13.9,123,6.225789774941543,2.672991458392309,5.250225649983299,0.10201965410461167,-0.10314138265741946,-0.06864366395268284,-0.2405778379972272,-0.16950028619446478
290,2026-02-16 14:00:00,14,0,0,0,48.0,study,0,1,5,sofia,morning struggler,6.7,walk,0,0,2.7,3.5,6.9,120,4.01120872954014,4.329178777653897,3.746059637011469,0.47533804766291077,-0.09929075379064889,-1.0500459633204766,-0.23734164718108675,-0.2866157328021717
629,2026-02-16 18:00:00,18,0,0,0,6.0,study,0,0,3,ethan,improving,27.6,drive,1,0,9.8,8.5,26.3,126,13.946417310701248,3.683481081778294,12.141833517343215,-0.02233724581504859,1.3738774832867104,0.24073093973732895,-0.11434173543483439,0.39684660643477265
629,2026-02-16 18:00:00,18,0,0,0,6.0,study,0,0,3,marcus,party procrastinator,17.2,transit,0,0,0.8,3.0,26.8,133,7.1397149833468365,5.554869102884759,5.511347138099097,-0.677227707304568,-0.30895945530131375,-0.07664902244888161,-2.211156278733138,-0.03709590512986871
629,2026-02-16 18:00:00,18,0,0,0,6.0,study,0,0,3,zoe,forgets far-off plans,8.0,walk,0,0,0.8,2.0,8.5,126,6.574661585510407,5.0249332979181,4.592760453002974,-0.3798763585049425,-0.013228801140761526,0.04479175815805192,-0.4094904833837525,-2.186807051574249
244,2026-02-17 16:00:00,16,1,0,0,168.0,hangout,0,0,4,ethan,improving,6.0,walk,0,1,12.2,8.9,6.3,127,13.914700842663663,3.689614899486966,12.404200240761046,-0.03260766410171989,-0.2107692193655737,0.23549024850152733,-0.12142765550330736,-0.5113597420582856
244,2026-02-17 16:00:00,16,1,0,0,168.0,hangout,0,0,4,maya,always early,9.8,walk,1,1,-3.0,-2.5,10.1,129,-0.699697677376094,1.7223839798732894,-1.1999136221074553,-0.6131586432860888,0.21192966793998497,-0.3139998096148774,-0.631262396844087,-0.05168770510620513
244,2026-02-17 16:00:00,16,1,0,0,168.0,hangout,0,0,4,priya,overbooked,34.3,transit,1,1,13.0,14.5,30.4,138,10.387695882738484,6.789356392062616,9.867913109353852,0.02279970551314925,5.544436768067751,0.13413857428991882,-0.6086919531180524,-0.4264132356154029
244,2026-02-17 16:00:00,16,1,0,0,168.0,hangout,0,0,4,zoe,forgets far-off plans,5.9,walk,1,1,9.8,11.5,6.1,127,6.5306099335727525,5.03082567958919,4.108745695306501,-0.39087415251526547,-0.03222891054296806,0.03974006372695271,-0.417155769981421,6.250905771223352
455,2026-02-17 18:00:00,18,1,0,0,2.0,hangout,0,0,5,jake,chronically late,29.2,drive,0,0,7.9,11.0,34.8,136,12.907461869163997,5.045963422795181,15.202131962618283,-0.2512698930755288,0.5454402454402469,0.09051743349615471,-0.045064213149322185,0.23547125558226156
455,2026-02-17 18:00:00,18,1,0,0,2.0,hangout,0,0,5,leo,rain hater,10.3,walk,0,0,3.2,3.0,11.9,128,6.340993410166342,5.223883083279472,5.28314097433324,-2.875677967526008,0.07037420352074886,-0.1655571637311697,-0.3028157232948878,-0.2839376433361407
455,2026-02-17 18:00:00,18,1,0,0,2.0,hangout,0,0,5,omar,average,17.6,transit,0,0,3.3,5.0,15.7,124,6.240714136062973,2.6676980532335,5.983061181732277,-0.1063019414763593,-0.09646602363860701,-0.06632464306882824,-0.23629684939354423,-0.16345106002025211
455,2026-02-17 18:00:00,18,1,0,0,2.0,hangout,0,0,5,priya,overbooked,18.2,drive,1,0,13.5,15.0,15.1,139,10.405917524667522,6.768184965432621,9.287405007047864,0.027104220066409113,5.490702320624198,0.135529709098412,-0.5999859179737186,0.2239942348522881
455,2026-02-17 18:00:00,18,1,0,0,2.0,hangout,0,0,5,sofia,morning struggler,39.8,drive,0,0,3.1,2.0,38.4,121,4.001207329778758,4.312568378756055,3.528916379936788,-0.3186708694808842,-0.10216613948392395,-1.042681595466099,-0.23794283309108177,-0.28647304859624656
459,2026-02-19 21:00:00,21,3,0,0,168.0,study,0,0,5,marcus,party procrastinator,24.1,drive,0,1,8.6,4.0,44.9,134,7.093754842280023,5.560898198362844,5.169644240651436,-0.6834117076658641,-0.32262365931430637,-0.0802527490632281,-2.2037656899667475,0.16378909604411795
459,2026-02-19 21:00:00,21,3,0,0,168.0,study,0,0,5,maya,always early,20.9,transit,0,1,-1.8,-2.0,24.0,130,-0.7168005698005698,1.7245529392386558,-1.2048001628001628,-0.6134347522484777,-0.47793415314843857,-0.31347145299145274,-0.6295503323836654,-0.09942173156062051
459,2026-02-19 21:00:00,21,3,0,0,168.0,study,0,0,5,priya,overbooked,36.2,drive,1,1,20.6,15.0,40.8,140,10.42711671087533,6.748638978432947,9.193461917392952,0.03234648541114282,5.441223826833024,0.13754680090024962,-0.5905394241464847,-0.3614527252502775
459,2026-02-19 21:00:00,21,3,0,0,168.0,study,0,0,5,sofia,morning struggler,7.0,walk,1,1,2.0,2.0,6.7,122,3.993952150211993,4.295414203143328,3.841129185774855,-0.3177301017317893,-0.18274727896775111,-1.034542396001405,-0.23722541422077903,0.6864915202907329
459,2026-02-19 21:00:00,21,3,0,0,168.0,study,0,0,5,zoe,forgets far-off plans,17.8,transit,0,1,13.1,12.0,14.4,128,6.555127241179873,5.019538971297563,4.772893497479964,-0.37866475374395847,-0.0479454244585833,0.042256921770927214,-0.4067269090156591,6.146973764539553
499,2026-02-20 18:00:00,18,4,0,0,6.0,food,0,0,3,ethan,improving,22.5,drive,0,0,15.3,8.3,21.6,128,13.901924351107652,3.6792942829975477,12.529121243173616,-0.03678239231601843,-0.21432412448745986,0.2320242114370128,-0.1238544267449182,0.3998984467665938
499,2026-02-20 18:00:00,18,4,0,0,6.0,food,0,0,3,jake,chronically late,37.5,transit,1,0,8.3,10.0,31.2,137,12.872224920403648,5.047077534092681,14.206349977258185,-0.2600720221713413,-0.5156052480202789,0.08549358800870444,-0.05093592358750065,0.22399167099306005
499,2026-02-20 18:00:00,18,4,0,0,6.0,food,0,0,3,priya,overbooked,32.9,drive,1,0,21.1,14.0,37.2,141,10.496958484228204,6.777439370611349,12.08484528120806,0.049196825037425285,5.433343862371077,0.1457843159307508,-0.5714801448590734,0.16089691426877906
46,2026-02-21 13:00:00,13,5,1,0,6.0,party,1,1,4,jake,chronically late,35.1,drive,0,0,11.9,14.0,30.8,138,12.840864716323432,5.0450562353217965,12.768818490378123,1.6621159574370559,0.553178519492743,0.0803801592948794,1.5911499919318945,0.21301839121175803
46,2026-02-21 13:00:00,13,5,1,0,6.0,party,1,1,4,maya,always early,26.7,drive,0,0,1.0,1.0,32.4,131,-0.723943717395215,1.7192883557807888,-1.17826963354149,0.6050037545800552,-0.47726556126110875,-0.3127207158347538,1.234723771742289,-0.34163049978724724
46,2026-02-21 13:00:00,13,5,1,0,6.0,party,1,1,4,priya,overbooked,17.5,drive,0,0,5.2,6.0,17.0,142,10.56968472404252,6.810240751357481,13.119909921155008,0.2819293966312326,-6.2892727875177,0.15381097461578186,3.3129469536579634,0.17821880612591556
46,2026-02-21 13:00:00,13,5,1,0,6.0,party,1,1,4,sofia,morning struggler,37.5,drive,1,0,3.3,5.0,28.6,123,3.979247300267584,4.28117930779014,3.3083563715050244,0.45005377330117735,-0.22347563846352703,-1.0284453294231017,0.37660215978593303,-0.27109969570996695
20,2026-02-22 13:00:00,13,6,1,0,24.0,party,1,0,4,ethan,improving,24.2,transit,0,0,10.8,10.8,46.4,129,13.912794070804514,3.666365098961078,12.646512591658434,-0.0333328174004528,-0.20801087127850693,0.2309176920276652,1.6032049069204017,0.3981022253508524
20,2026-02-22 13:00:00,13,6,1,0,24.0,party,1,0,4,hana,steady,22.9,transit,0,0,6.3,5.5,22.6,127,5.081927314301552,2.299928159603921,4.19483637551473,-0.30383094858647386,0.013169051413525423,-0.07378508388616734,1.510458148558759,-0.1648552711741207
20,2026-02-22 13:00:00,13,6,1,0,24.0,party,1,0,4,leo,rain hater,23.2,transit,0,0,5.4,4.5,18.8,129,6.318017951401528,5.210718938059434,5.376576557543293,-2.8566628497660322,0.062263261280786075,-0.16691488244871255,1.5764865364488534,-0.28848008328108854
20,2026-02-22 13:00:00,13,6,1,0,24.0,party,1,0,4,zoe,forgets far-off plans,22.3,drive,1,0,7.3,4.5,23.6,129,6.604585115580633,5.033156335795547,6.258452890165896,-0.3591723696392579,0.01617907034947219,0.04679828904259242,1.368619214691889,-2.250438786385504
364,2026-02-22 14:00:00,14,6,1,0,48.0,food,0,0,3,jake,chronically late,28.3,transit,0,0,9.1,10.0,35.2,139,12.83414756416751,5.027803448339937,11.824042161190718,-0.261840149823815,0.5447706320784054,0.07916625403427702,-0.0502528195576879,0.20967224787348648
364,2026-02-22 14:00:00,14,6,1,0,48.0,food,0,0,3,priya,overbooked,29.8,drive,1,0,14.0,14.0,22.6,143,10.533224657027848,6.801766863913044,13.495207044865099,0.10092389448968753,5.461547912672623,0.1480058858250377,-0.5176205039711856,0.16732181640305477
364,2026-02-22 14:00:00,14,6,1,0,48.0,food,0,0,3,sofia,morning struggler,28.4,drive,0,0,-0.1,1.0,24.9,124,3.9737771258924157,4.264160699038164,3.2210791788264044,-0.3155055538776472,-0.08419242256451609,-1.0203152611861177,-0.23425040710110112,-0.26955293103239697
94,2026-02-23 18:00:00,18,0,0,0,48.0,party,1,0,4,ethan,improving,30.7,transit,0,0,15.8,10.7,25.5,130,13.889791368320557,3.6640889630294295,12.439940390948731,-0.04075368411481861,-0.215822420957263,0.22647019391438405,1.465173859732868,0.3901142457102349
94,2026-02-23 18:00:00,18,0,0,0,48.0,party,1,0,4,jake,chronically late,26.2,transit,1,0,13.6,12.5,24.0,140,12.808426446367417,5.02075991280611,11.588121841819262,-0.2677059881934074,-0.5429653582041443,0.07547006282539748,1.5064488680602839,0.2011713034799545
94,2026-02-23 18:00:00,18,0,0,0,48.0,party,1,0,4,marcus,party procrastinator,16.9,transit,0,0,13.1,15.5,15.7,135,7.105155962309109,5.541780651075653,5.330044560659745,-0.6751052622078326,-0.3162335112567902,-0.07920308494891515,7.998901450966555,-0.058844833513059136
94,2026-02-23 18:00:00,18,0,0,0,48.0,party,1,0,4,sofia,morning struggler,35.6,transit,1,0,8.2,3.5,23.2,125,3.9424756517175017,4.261556973689311,2.697850186205001,-0.3233518691316264,-0.20497913004357216,-1.0153250102536697,0.365692742843557,-0.2736151315515416
13,2026-02-23 19:00:00,19,0,0,0,24.0,hangout,0,0,2,jake,chronically late,8.3,walk,0,0,13.3,10.0,7.7,141,12.814408411766532,5.0031720736198535,10.918402403361867,-0.26421674168972764,0.5215920005749641,0.07501412200259949,-0.06029784437414776,0.20035860539040762
13,2026-02-23 19:00:00,19,0,0,0,24.0,hangout,0,0,2,sofia,morning struggler,12.1,walk,0,0,0.7,1.0,12.8,126,3.9756002146405636,4.26245244921679,3.4930286327544464,-0.3094813921336046,-0.12582020390853588,-1.004234352256801,-0.2712148836937489,-0.26517542638213154
70,2026-02-23 22:00:00,22,0,0,0,6.0,study,0,0,2,ethan,improving,20.1,drive,0,0,7.5,8.2,19.2,131,13.904422863485015,3.652919579682275,13.101263675281432,-0.036289709547045135,-0.20823989058172998,0.2256725248411655,-0.11240364241751699,0.38898488496773886
70,2026-02-23 22:00:00,22,0,0,0,6.0,study,0,0,2,maya,always early,10.4,walk,0,0,-3.4,-3.0,10.4,132,-0.7109378873433413,1.7217755426546593,-0.7316965392409547,-0.6235736605859471,-0.4676090070238256,-0.3091777775126957,-0.6391028903672386,-0.3343448691968177
130,2026-02-24 11:00:00,11,1,0,0,2.0,food,0,0,3,leo,rain hater,21.5,drive,0,0,2.3,2.0,23.7,130,6.31157107371124,5.1912101974019,6.031877449631783,-2.8305622554787018,0.05933499451613233,-0.1665878286443947,-0.298479852126734,-0.28810451069696263
130,2026-02-24 11:00:00,11,1,0,0,2.0,food,0,0,3,sofia,morning struggler,24.5,transit,0,0,3.4,1.0,24.7,127,3.9504704162955857,4.25472482839569,3.142991547513024,-0.31466304294776304,-0.13312039568689338,-0.9984353188643125,-0.2745399428276052,-0.26755504715981493
130,2026-02-24 11:00:00,11,1,0,0,2.0,food,0,0,3,zoe,forgets far-off plans,36.4,transit,0,0,0.7,2.0,27.1,130,6.610089592229758,5.014156291302602,6.68859702635136,-0.35437104021881893,-0.039901996255916394,0.04665999476348759,-0.3959946107647685,-2.227075534354527
418,2026-02-24 14:00:00,14,1,0,0,96.0,hangout,0,0,2,jake,chronically late,38.9,drive,0,1,15.1,10.0,43.4,142,12.81703493427446,4.985582864690377,11.690581409792703,-0.26026618710745986,0.51874346059323,0.07550311477974958,-0.058557007154364626,0.11474489383432385
418,2026-02-24 14:00:00,14,1,0,0,96.0,hangout,0,0,2,maya,always early,11.1,walk,0,1,-3.8,-3.0,11.1,133,-0.7311294540699573,1.7276333684544845,-1.137465558305702,-0.6242133081449446,-0.47041160801271387,-0.3083677902296502,-0.6374537120537478,-0.11361776945300983
201,2026-02-24 15:00:00,15,1,0,0,168.0,hangout,0,1,6,ethan,improving,5.1,walk,0,1,13.7,11.2,4.9,132,13.856876219284977,3.6845540246930213,12.75910749122428,1.0969632406128778,-0.2250324083207289,0.21956425803083945,-0.12368359679466678,-0.5184248672665035
201,2026-02-24 15:00:00,15,1,0,0,168.0,hangout,0,1,6,hana,steady,16.6,transit,0,1,7.7,6.0,18.4,128,5.090917609338661,2.2938010893492926,4.697405031239618,0.5186658513827789,0.01655355944047976,-0.0720809049651141,-0.4431087874931867,0.20439168249015527
201,2026-02-24 15:00:00,15,1,0,0,168.0,hangout,0,1,6,leo,rain hater,5.8,walk,0,1,13.7,13.0,5.2,131,6.281559132662074,5.182916157333203,5.951874037903449,6.300017510670727,0.05062247892792904,-0.16754521279145163,-0.30066083546782085,0.8832084693801958
201,2026-02-24 15:00:00,15,1,0,0,168.0,hangout,0,1,6,marcus,party procrastinator,11.1,walk,1,1,4.8,6.0,11.1,136,7.147461291078312,5.545118444153252,6.427846083165233,2.4214840784504483,0.8022132334189074,-0.07424846058664603,-2.222572637960842,0.16378225743473962
201,2026-02-24 15:00:00,15,1,0,0,168.0,hangout,0,1,6,priya,overbooked,26.3,drive,1,1,16.3,17.0,26.1,144,10.556322429812363,6.783823436430718,13.644663551374961,0.11082634918962952,5.416077714819323,0.15016001246015165,-0.5084357199772285,-0.14127205015418198
201,2026-02-24 15:00:00,15,1,0,0,168.0,hangout,0,1,6,sofia,morning struggler,22.6,transit,0,1,3.4,4.0,23.1,128,3.9458048273837742,4.238233294659572,3.3416585221096495,0.4464530050996216,-0.13277517898260882,-0.9903726342884234,-0.27257037569982057,0.6076310046561768
393,2026-02-24 22:00:00,22,1,0,0,168.0,study,0,0,3,ethan,improving,12.9,walk,1,1,9.1,8.2,12.7,133,13.85617404302333,3.67084440543015,12.973192583720953,-0.049810769984858894,1.3219419144794475,0.21732107492331032,-0.12330913038836222,-0.5028044507268046
393,2026-02-24 22:00:00,22,1,0,0,168.0,study,0,0,3,maya,always early,15.9,drive,1,1,-4.0,-3.0,17.2,134,-0.7528631803077718,1.7375878123589252,-1.786532337230792,-0.6267969711354556,0.198950896937799,-0.3088757026498937,-0.6374301179959788,-0.17251355394325096
393,2026-02-24 22:00:00,22,1,0,0,168.0,study,0,0,3,omar,average,11.1,walk,0,1,8.8,4.0,11.0,125,6.2188616764401505,2.669535869772122,5.7339604789829,-0.11479664157210134,-0.10537929745889407,-0.06975736811641475,-0.23891116876884055,0.3658143351416907
89,2026-02-25 17:00:00,17,2,0,0,96.0,party,1,0,6,hana,steady,7.4,walk,1,1,8.5,6.5,7.9,129,5.1106158246797335,2.297074375822344,5.517318807051352,-0.3160308828639051,-0.35512719972301277,-0.06971837131942582,1.4760410646817546,0.26291789792647435
89,2026-02-25 17:00:00,17,2,0,0,96.0,party,1,0,6,jake,chronically late,12.3,walk,1,1,11.8,13.5,11.2,143,12.832584598020839,4.97116414751755,12.66645274229167,-0.2534143160541351,-0.5374229043452416,0.0766338179653232,1.4575371932335024,0.16938174541991735
89,2026-02-25 17:00:00,17,2,0,0,96.0,party,1,0,6,marcus,party procrastinator,31.7,transit,0,1,17.5,16.5,24.2,137,7.131144510613269,5.528443638290144,6.5946127173180775,-0.6419643144996492,-0.28202560824816203,-0.07550479006799815,7.914346819170057,0.09645944271145179
89,2026-02-25 17:00:00,17,2,0,0,96.0,party,1,0,6,maya,always early,29.1,drive,0,1,4.9,0.5,33.7,135,-0.7762677106636838,1.74949571413373,-1.9360764887610526,-0.6292166153110185,-0.45296109868257506,-0.30897335513107305,1.2954773938741129,-0.23094609839576308
89,2026-02-25 17:00:00,17,2,0,0,96.0,party,1,0,6,omar,average,19.1,drive,1,1,7.8,7.5,12.1,126,6.2383398511991155,2.669090097788641,5.968097100342605,-0.1057714914440595,0.10760115536487458,-0.06614069778738862,1.0962451116006635,0.4143571857419319
89,2026-02-25 17:00:00,17,2,0,0,96.0,party,1,0,6,sofia,morning struggler,25.3,drive,0,1,5.0,4.5,27.1,129,3.941959108261823,4.2219320285246615,3.3548454595033776,-0.30885429718115187,-0.13312614184134608,-0.9831512071403221,0.5102555414162926,0.562615705959391
273,2026-02-25 22:00:00,22,2,0,0,24.0,food,0,0,3,jake,chronically late,33.4,transit,0,0,8.8,10.0,23.6,144,12.825951281246418,4.954921357571907,12.650271794641835,-0.25366521000716347,0.5272194534288861,0.07498898256685749,-0.04897642538415603,0.19165001136707005
273,2026-02-25 22:00:00,22,2,0,0,24.0,food,0,0,3,maya,always early,5.4,walk,0,0,-3.7,-3.0,5.4,136,-0.7356968730091035,1.8162388355570056,-0.9673419637168866,-0.6089618593744995,-0.432055402379688,-0.3023068244339918,-0.6759851978811126,-0.3329680738309485
273,2026-02-25 22:00:00,22,2,0,0,24.0,food,0,0,3,omar,average,9.9,walk,0,0,3.2,4.0,9.8,127,6.250505612922092,2.662330831435288,6.5430016036920255,-0.1004800769159262,-0.10769604524569765,-0.06423454571700571,-0.24488037098579607,-0.19999063189650013
578,2026-02-26 17:00:00,17,3,0,0,24.0,hangout,0,1,6,ethan,improving,32.0,drive,0,0,15.3,11.1,35.1,134,13.821702637889688,3.6823893936201775,12.07762932511134,1.092422728483882,-0.19092527957831962,0.21220900202914272,-0.1313618132043075,0.41114201076113766
578,2026-02-26 17:00:00,17,3,0,0,24.0,hangout,0,1,6,hana,steady,26.1,drive,0,0,5.8,6.0,28.0,130,5.13567901234568,2.3082512143696694,6.095908289241622,0.5348050682261194,-0.0005967078189312858,-0.06655779138718732,-0.45887905604719936,-0.20317064728279632
578,2026-02-26 17:00:00,17,3,0,0,24.0,hangout,0,1,6,jake,chronically late,13.7,walk,0,0,9.8,13.0,12.5,145,12.798777777777778,4.950133737488814,12.599650793650794,1.6260524691358,0.5097354497354463,0.0716818545163882,-0.05344017094017062,0.18313934426229572
578,2026-02-26 17:00:00,17,3,0,0,24.0,hangout,0,1,6,leo,rain hater,19.7,drive,0,0,13.2,13.0,20.3,132,6.335888077858882,5.203560788597018,7.667396593673966,6.277281021897811,0.06574319840743126,-0.16143084409507846,-0.28895055398041514,-0.34516589250165985
578,2026-02-26 17:00:00,17,3,0,0,24.0,hangout,0,1,6,omar,average,18.1,transit,0,0,7.4,7.0,29.4,128,6.227192982456141,2.6651211010756035,6.236340852130326,0.1474376731301934,-0.11560150375940115,-0.06656517326373912,-0.246543709701605,-0.2054845852495335
578,2026-02-26 17:00:00,17,3,0,0,24.0,hangout,0,1,6,zoe,forgets far-off plans,26.5,drive,1,0,11.2,5.0,25.3,131,6.566299019607844,5.0211716553272225,6.404656862745099,1.0060294117647048,0.07020082226438884,0.04182298903813475,-0.40385311782370614,-2.2208038744343908
510,2026-02-27 10:00:00,10,4,0,0,48.0,food,0,0,6,jake,chronically late,8.4,walk,1,0,18.8,11.5,8.8,146,12.779385219480746,4.940161593101975,12.05125291985164,-0.240755588410126,-0.49944669753267057,0.06844996692928085,-0.05727127980590829,0.17587434228676457
510,2026-02-27 10:00:00,10,4,0,0,48.0,food,0,0,6,leo,rain hater,24.7,transit,0,0,5.3,3.5,15.6,133,6.3861388995767605,5.218108707982815,7.224611114164788,-2.9133767108228446,0.07900249229606704,-0.1561335980661971,-0.27851025615148295,-0.32820471491114045
510,2026-02-27 10:00:00,10,4,0,0,48.0,food,0,0,6,marcus,party procrastinator,34.3,drive,0,0,6.5,4.5,31.4,138,7.204106070920229,5.578205330677164,8.458316020262922,-0.6168601195874608,-0.252990049118365,-0.06839843866392403,-2.277840589575871,-0.10134287820814869
510,2026-02-27 10:00:00,10,4,0,0,48.0,food,0,0,6,maya,always early,37.7,drive,1,0,-2.4,-1.5,37.0,137,-0.756428393369064,1.8238134463918172,-1.6446938266768754,-0.6109988470646891,0.1219599755354519,-0.3025272275918852,-0.675354312234678,-0.3377972324893034
510,2026-02-27 10:00:00,10,4,0,0,48.0,food,0,0,6,omar,average,35.0,drive,0,0,5.5,5.5,31.0,129,6.236471404041738,2.6569027576646604,6.13899182972621,-0.11664783383965194,-0.11139709070629866,-0.06530454322035606,-0.2434005818365792,-0.20106412500127124
510,2026-02-27 10:00:00,10,4,0,0,48.0,food,0,0,6,priya,overbooked,27.0,transit,1,0,16.0,15.5,22.9,145,10.595247787610619,6.776422860008491,14.055785082174463,0.06878667530038207,5.383296199895888,0.15348388347005937,-0.49699592090707867,0.13488531843899487
335,2026-02-27 17:00:00,17,4,0,0,24.0,party,1,0,5,hana,steady,6.1,walk,0,0,6.1,6.0,6.5,131,5.1412450332555935,2.300341117284754,5.868927152358741,-0.30883106103718205,0.0005629780674931695,-0.0661963991440464,1.5219484914213686,-0.20044665208635237
335,2026-02-27 17:00:00,17,4,0,0,24.0,party,1,0,5,leo,rain hater,30.5,drive,0,0,4.2,5.0,31.9,134,6.3784843490846095,5.199390997119013,7.522424099738458,-2.887651806201548,0.0759122736423814,-0.1558144873768592,1.4116309721260105,-0.32765915492904707
335,2026-02-27 17:00:00,17,4,0,0,24.0,party,1,0,5,marcus,party procrastinator,29.3,drive,0,0,16.5,16.0,39.8,139,7.199370309185838,5.558419759803929,9.271248659767382,-0.6130724327249055,-0.2526102032598816,-0.0685111066422408,7.930837313418079,-0.10196132161379357
335,2026-02-27 17:00:00,17,4,0,0,24.0,party,1,0,5,maya,always early,13.6,walk,1,0,-0.2,0.0,13.7,138,-0.767766961379296,1.8207992225568652,-1.505076274679799,-0.6096535414362682,0.0918843521316488,-0.3016979619808279,1.4449514325615644,-0.3390741016475233
335,2026-02-27 17:00:00,17,4,0,0,24.0,party,1,0,5,omar,average,5.4,walk,1,0,5.7,7.0,4.9,130,6.231180181650079,2.647362872277768,6.451765766185737,-0.11775542018225416,0.15021734105618112,-0.065685052314711,1.1238627187427968,-0.2011239825238862
631,2026-02-27 20:00:00,20,4,0,0,6.0,study,0,0,6,hana,steady,29.8,drive,0,0,5.6,4.5,29.7,132,5.1481335333913565,2.2933862819420945,6.385181009540387,-0.30307850749857224,0.003219040329382139,-0.06487254372502349,-0.4609346942075252,-0.1963842887403766
631,2026-02-27 20:00:00,20,4,0,0,6.0,study,0,0,6,leo,rain hater,9.4,walk,1,0,3.0,3.5,9.4,135,6.362816386247256,5.183361795801335,7.346518967499216,-2.8656755669348937,-0.3936263258961219,-0.15594358977179557,-0.26270189900143226,-0.3290634488026871
631,2026-02-27 20:00:00,20,4,0,0,6.0,study,0,0,6,marcus,party procrastinator,15.3,drive,0,0,3.1,4.5,17.4,140,7.263408924652524,5.593674269810022,10.418116835615008,-0.5903831227604686,-0.2268903371683182,-0.061824657329439425,-2.3210206089347434,-0.08360346174351907
631,2026-02-27 20:00:00,20,4,0,0,6.0,study,0,0,6,omar,average,21.8,drive,0,0,5.6,5.5,23.1,131,6.227163927019235,2.6375849741115,6.007761122005496,-0.11798922471437034,-0.10880573066827548,-0.06558473641362106,-0.23862762756464573,-0.2004109115938002
631,2026-02-27 20:00:00,20,4,0,0,6.0,study,0,0,6,priya,overbooked,20.3,transit,0,0,5.4,3.5,30.3,146,10.631088040229246,6.76725725700677,13.408882297208354,0.07742357429612667,-6.3331531802128715,0.15699485977905958,-0.4856970309180344,0.1433464329508034
631,2026-02-27 20:00:00,20,4,0,0,6.0,study,0,0,6,sofia,morning struggler,13.0,walk,0,0,1.6,2.5,13.6,130,3.950328104256415,4.2069405178478645,4.085808029787548,-0.30367771462870286,-0.12963925309024127,-0.9751183363723044,-0.2793313138878255,-0.2698790562452671
355,2026-02-28 11:00:00,11,5,1,0,168.0,study,0,0,2,priya,overbooked,23.2,transit,1,1,11.8,14.0,24.4,147,10.596208839651934,6.758500148926428,11.15605966847198,0.06843951393414471,5.382640511490621,0.15185622652259667,-0.488662345819165,0.003216742113510307
355,2026-02-28 11:00:00,11,5,1,0,168.0,study,0,0,2,zoe,forgets far-off plans,26.3,drive,0,1,8.9,11.0,24.0,132,6.600173311146671,5.018411178607803,7.900049517470476,-0.39733494741333875,-0.08380179700364021,0.04514595881999739,-0.3912370026133365,6.118769028197475
114,2026-02-28 16:00:00,16,5,1,0,48.0,food,0,0,3,leo,rain hater,18.2,transit,0,0,1.3,2.0,26.3,136,6.338625402965829,5.17209520133053,7.439607257990237,-2.8476043434130656,0.09405713698841112,-0.1565871416611344,-0.26448728187849735,-0.33254534143224035
114,2026-02-28 16:00:00,16,5,1,0,48.0,food,0,0,3,marcus,party procrastinator,25.6,drive,1,0,3.9,3.0,25.9,141,7.2345628891656295,5.58473942282035,8.981303682618751,-0.592774532477998,0.6472574719800743,-0.0637453931813674,-2.309154218688465,-0.09025352407463672
114,2026-02-28 16:00:00,16,5,1,0,48.0,food,0,0,3,priya,overbooked,31.5,drive,0,0,1.2,2.0,37.2,148,10.60422341057635,6.73622105660494,12.1012066887361,0.0697537088909641,-6.292658381662523,0.15164171122994574,-0.48345152467648944,0.1257855979146303
480,2026-03-01 16:00:00,16,6,1,0,24.0,hangout,0,0,5,ethan,improving,33.0,transit,1,0,8.5,9.0,37.9,135,13.832073398299812,3.6702501008063653,12.723449542371375,-0.07040333356371242,1.201888624758304,0.2118988688108665,-0.12715789837438507,0.4100963266293469
480,2026-03-01 16:00:00,16,6,1,0,24.0,hangout,0,0,5,leo,rain hater,18.9,transit,0,0,3.6,3.0,20.7,137,6.302748420858972,5.1707619100946856,5.657928120245421,-2.834966635522748,0.08333703619624533,-0.15820218304938116,-0.2682384840246135,-0.3391506634303214
480,2026-03-01 16:00:00,16,6,1,0,24.0,hangout,0,0,5,marcus,party procrastinator,15.5,drive,0,0,2.1,4.0,15.8,142,7.2114984745712505,5.572016473934411,8.846142421306071,-0.593519371464116,-0.21278232706804,-0.06504169491041445,-2.295757013784333,-0.09518603813078208
480,2026-03-01 16:00:00,16,6,1,0,24.0,hangout,0,0,5,priya,overbooked,30.4,drive,0,0,0.5,3.0,30.7,149,10.542793998454375,6.758395793202792,10.255083999558394,0.0541663951855611,-6.278711081895043,0.1431206823418787,-0.4919305894220116,0.10851776148379955
480,2026-03-01 16:00:00,16,6,1,0,24.0,hangout,0,0,5,zoe,forgets far-off plans,24.6,drive,0,0,2.7,3.0,26.5,133,6.616596201173723,5.003541964398449,7.776170343192492,-0.38778329457682137,-0.07801078670643768,0.04683776011208085,-0.3831184931571858,-2.203424953498784
120,2026-03-01 18:00:00,18,6,1,0,48.0,food,0,0,2,omar,average,24.2,drive,0,0,1.8,4.0,23.1,132,6.2213283299291176,2.628068083273604,5.691808094265462,-0.11738035274809278,-0.108391283893023,-0.06447519673195323,-0.236272982848738,-0.19883635189504734
120,2026-03-01 18:00:00,18,6,1,0,48.0,food,0,0,2,zoe,forgets far-off plans,12.4,walk,0,0,5.1,2.0,13.0,134,6.587927922304239,4.996081166435187,6.282265120658353,-0.39311644441978366,-0.08489542577279874,0.04391545932284835,-0.38670301343124436,-2.192270944837058
256,2026-03-02 14:00:00,14,0,0,0,2.0,study,0,0,5,jake,chronically late,29.6,transit,0,0,12.0,11.0,30.8,147,12.817727531825954,4.946614157568835,12.847922151950272,-0.22532221799987262,0.4585803706186624,0.07368124589837244,-0.04811664046891195,0.18621309445734902
256,2026-03-02 14:00:00,14,0,0,0,2.0,study,0,0,5,leo,rain hater,35.8,transit,0,0,3.3,3.0,68.5,138,6.283178914947868,5.156960057052576,4.280908261413677,-2.8150634336397187,0.07782886396290944,-0.15806204307478566,-0.26876705324358774,-0.3408005134414944
256,2026-03-02 14:00:00,14,0,0,0,2.0,study,0,0,5,maya,always early,33.3,drive,0,0,-2.0,-2.0,30.1,139,-0.7653153830726034,1.8156910870223968,-0.9900901094493152,-0.6012898616125149,-0.4282093949597334,-0.29756951928085207,-0.6749060912220881,-0.3330935794536629
256,2026-03-02 14:00:00,14,0,0,0,2.0,study,0,0,5,priya,overbooked,12.1,walk,0,0,2.5,3.0,12.5,150,10.477384418306743,6.786313546805479,7.979252690944784,0.03813841053336553,-6.269344389655596,0.1344953147322272,-0.5007910191222784,0.09076575702288991
256,2026-03-02 14:00:00,14,0,0,0,2.0,study,0,0,5,sofia,morning struggler,5.4,walk,0,0,1.4,2.0,5.7,131,3.9315778296878316,4.195313870234997,3.1375936656250945,-0.3053122187503159,-0.1329312663693636,-0.9678443207156509,-0.2797381027104944,-0.2698718887530118
145,2026-03-03 17:00:00,17,1,0,0,2.0,hangout,0,0,2,omar,average,28.8,transit,1,0,5.9,4.0,48.1,133,6.188596079658013,2.645399583505976,5.4824560227594334,-0.12760588352060864,0.17098880810515915,-0.0676200447509494,-0.23948053917627732,-0.20671663152569852
145,2026-03-03 17:00:00,17,1,0,0,2.0,hangout,0,0,2,zoe,forgets far-off plans,9.5,walk,0,0,2.6,2.0,10.5,135,6.576616135662898,4.979124266740973,5.9647474673322565,-0.3923676890728576,-0.08650037744772465,0.04310203745400809,-0.3854589123732053,-2.174905101286128
126,2026-03-04 21:00:00,21,2,0,0,48.0,food,0,0,5,jake,chronically late,9.3,walk,1,0,8.1,11.0,9.4,148,12.811796634362556,4.930565131547839,12.403370466960732,-0.22453231062856638,-0.400836180013286,0.07312578234035172,-0.04819525713087991,0.18387523101194603
126,2026-03-04 21:00:00,21,2,0,0,48.0,food,0,0,5,maya,always early,7.0,walk,0,0,-1.2,-2.0,6.6,140,-0.7744490685691637,1.8109508157713332,-0.7069854481626182,-0.5982738624474652,-0.427191363267463,-0.2957157117482129,-0.6707760995535287,-0.3325713436385255
126,2026-03-04 21:00:00,21,2,0,0,48.0,food,0,0,5,omar,average,38.8,transit,0,0,9.4,5.0,32.8,134,6.186366079550153,2.6355977661173475,5.267533165585759,-0.1270153138572887,-0.1174265658467144,-0.06721780870172189,-0.23774451891285153,-0.20534011259831075
126,2026-03-04 21:00:00,21,2,0,0,48.0,food,0,0,5,priya,overbooked,11.4,walk,1,0,13.1,15.0,10.7,151,10.425672340111994,6.795522199826494,6.035906382889142,0.025710308729557596,5.49534331161858,0.12767284660520772,-0.5068039692122923,0.07691318508926592
126,2026-03-04 21:00:00,21,2,0,0,48.0,food,0,0,5,sofia,morning struggler,27.4,transit,0,0,3.8,2.0,37.6,132,3.9124444164778924,4.184593048948442,3.232126976136541,-0.30808383079497315,-0.13732911381384127,-0.9615744778547186,-0.28119685435166986,-0.2708869627822561
689,2026-03-04 21:00:00,21,2,0,0,168.0,food,0,0,3,ethan,improving,34.2,drive,1,1,10.7,8.0,29.6,136,13.792868710560116,3.6876259435415855,11.669391060160033,-0.08126922842433082,1.0881390974580771,0.20761874059746077,-0.13491789705750712,-0.6222949684480916
689,2026-03-04 21:00:00,21,2,0,0,168.0,food,0,0,3,jake,chronically late,17.8,drive,1,1,9.3,10.0,19.5,149,12.781133040188157,4.930255427941684,11.866038011482331,-0.23190627624602023,-0.45602409401621813,0.06925622695129086,-0.05347882227068723,0.17661439014338143
689,2026-03-04 21:00:00,21,2,0,0,168.0,food,0,0,3,priya,overbooked,15.5,transit,0,1,1.5,2.0,12.7,152,10.442640052159085,6.776313106795585,7.140754300616882,0.02976918061626499,-6.260029237824012,0.12897939409643833,-0.49957930948652596,0.16951289668783964
325,2026-03-06 22:00:00,22,4,0,0,24.0,study,0,0,6,ethan,improving,24.8,drive,0,0,16.5,9.4,27.0,137,13.771084004024145,3.685090985645612,12.12030971543547,-0.08785291293213682,-0.12642302343472878,0.20376877808202565,-0.13957176247138392,0.4211095498611481
325,2026-03-06 22:00:00,22,4,0,0,24.0,study,0,0,6,hana,steady,24.2,drive,0,0,4.4,4.5,26.0,133,5.149231366459627,2.2852114108472286,6.285494676131322,-0.29686447384137615,0.006446317657497147,-0.06195323698041033,-0.4540473940048617,-0.19153903162055386
325,2026-03-06 22:00:00,22,4,0,0,24.0,study,0,0,6,maya,always early,7.1,walk,0,0,-2.0,-1.5,7.2,141,-0.7774388454011744,1.8045558204637395,-1.5792682415431927,-0.5938753887685208,-0.4243271378724659,-0.29379052391504523,-0.6658988121972341,-0.33055389538266244
325,2026-03-06 22:00:00,22,4,0,0,24.0,study,0,0,6,omar,average,30.3,drive,0,0,5.1,5.5,29.4,135,6.209242346938775,2.640585003978723,5.831212099125365,-0.11729695321524858,-0.10685194174757395,-0.06356881776147993,-0.2316308694209397,-0.19609496753246702
325,2026-03-06 22:00:00,22,4,0,0,24.0,study,0,0,6,priya,overbooked,18.5,transit,0,0,9.1,3.5,14.2,153,10.386037522603978,6.793375891250912,5.65315357788685,0.015719634747318523,-6.2429683544303805,0.12106721955477973,-0.50713908427295,0.1352920681227392
325,2026-03-06 22:00:00,22,4,0,0,24.0,study,0,0,6,sofia,morning struggler,22.4,drive,1,0,3.4,2.5,24.3,133,3.9115502070393378,4.168831962300704,3.289014344868382,-0.30540300110292007,-0.05439045606165127,-0.9541828913839785,-0.27887411108110616,-0.268687910130891
368,2026-03-06 22:00:00,22,4,0,0,24.0,hangout,0,1,2,jake,chronically late,27.3,transit,1,0,15.0,11.5,27.3,150,12.75851420180792,4.922850348685764,11.931004057659406,1.535879609247207,-0.49261663559962443,0.06643420797707833,-0.057087749889106476,0.19618874270826758
368,2026-03-06 22:00:00,22,4,0,0,24.0,hangout,0,1,2,marcus,party procrastinator,8.8,walk,0,0,2.2,4.5,9.4,143,7.175470954596133,5.568803129205414,6.635848844170324,2.248821382059514,-0.2221017155516618,-0.06634699193198568,-2.284904948100497,-0.10210438622439177
551,2026-03-07 16:00:00,16,5,1,0,168.0,party,1,0,3,omar,average,14.6,walk,0,1,5.3,6.0,14.3,136,6.201273372018052,2.632452245087147,5.74322096343373,-0.11897087799851835,-0.10890445990180098,-0.06401471418789573,1.071743303440594,0.4789085382702414
551,2026-03-07 16:00:00,16,5,1,0,168.0,party,1,0,3,priya,overbooked,24.1,drive,0,1,4.8,4.0,20.8,154,10.377858776443682,6.772203289364374,6.779388221841052,0.013726783270092469,-6.170104909572388,0.11932816795507506,3.1476706266014425,-0.035307522666013114
551,2026-03-07 16:00:00,16,5,1,0,168.0,party,1,0,3,zoe,forgets far-off plans,7.2,walk,0,1,13.5,13.0,6.9,136,6.548081882656351,4.972264771210128,6.228023395044672,-0.3977145243537903,-0.09334144920650989,0.04010303714123964,1.393265097786374,6.063507838745801
566,2026-03-08 11:00:00,11,6,1,0,6.0,food,0,1,2,maya,always early,26.5,transit,0,0,-1.2,-1.5,18.9,142,-0.7858063707410676,1.799904116999235,-1.3388018202117336,0.6876260667999051,-0.42381074938701957,-0.2925077303808692,-0.6623971402646665,-0.330524270809873
566,2026-03-08 11:00:00,11,6,1,0,6.0,food,0,1,2,priya,overbooked,10.1,walk,1,0,15.8,15.5,9.6,155,10.343040396881644,6.765625487818196,7.383725827680471,0.46680966513111244,5.541223262032084,0.114205875121133,-0.4713965867764749,0.16560457974167342
664,2026-03-08 15:00:00,15,6,1,0,6.0,food,0,0,4,ethan,improving,21.3,transit,0,0,13.2,8.3,31.7,138,13.7901192226033,3.6777826718312805,12.525748349315228,-0.08065439275630304,-0.11681246422450009,0.20428821107592654,-0.13327652078264585,0.42177090947060414
664,2026-03-08 15:00:00,15,6,1,0,6.0,food,0,0,4,marcus,party procrastinator,7.9,walk,1,0,4.7,3.5,8.5,144,7.142194958605851,5.564785345141356,6.012055702458815,-0.5644183074237912,0.6312434509802287,-0.06906747780422506,-2.2754368353306065,-0.11013778817118425
664,2026-03-08 15:00:00,15,6,1,0,6.0,food,0,0,4,maya,always early,27.2,drive,0,0,-3.4,-2.5,31.5,143,-0.7886010214035692,1.793633635846268,-1.1681717204010198,-0.5887707052072082,-0.4210564332910405,-0.29069611705308196,-0.6577135359110904,-0.32859371405676585
664,2026-03-08 15:00:00,15,6,1,0,6.0,food,0,0,4,omar,average,28.7,transit,0,0,10.3,4.5,19.7,137,6.194979217128674,2.6238580450446594,5.6985654906081935,-0.12021166078012513,-0.11045639726540468,-0.06440309339295602,-0.22502037772832395,-0.19070087401476954
585,2026-03-08 17:00:00,17,6,1,0,24.0,party,1,0,2,marcus,party procrastinator,12.2,walk,0,0,12.7,15.0,12.4,145,7.125817925194072,5.549237224098663,4.321662264341163,-0.5641040758008726,-0.2167109373536258,-0.06997926585625347,8.033861181452115,-0.11338630221870272
585,2026-03-08 17:00:00,17,6,1,0,24.0,party,1,0,2,priya,overbooked,6.2,walk,1,0,15.2,16.0,5.9,156,10.376848998628017,6.7574393465294955,9.293385428179432,-0.02734339717583545,5.50836723724996,0.11763914321752367,2.8368740368412713,0.17379903978075184
475,2026-03-09 15:00:00,15,0,0,0,48.0,food,0,1,2,hana,steady,22.4,drive,0,0,3.6,4.5,17.2,134,5.144029892365177,2.2774017674590237,5.812579969247194,0.5308457348611269,0.004273404444501416,-0.062196690366505436,-0.4516148107977127,-0.1915961134298083
475,2026-03-09 15:00:00,15,0,0,0,48.0,food,0,1,2,omar,average,29.2,drive,0,0,6.0,5.5,36.9,138,6.223917168103214,2.6378365338853174,6.921119190886633,0.17658503293565975,-0.09826069790966852,-0.060408879244314484,-0.21816048137908606,-0.17999229452717813
350,2026-03-09 16:00:00,16,0,0,0,24.0,hangout,0,0,6,ethan,improving,32.6,drive,0,0,7.3,9.3,37.5,139,13.786132613965128,3.665197849449174,13.110323603990038,-0.0813945508416829,-0.11756854598603539,0.20224266803358049,-0.13333038455982482,0.41736871180581225
350,2026-03-09 16:00:00,16,0,0,0,24.0,hangout,0,0,6,hana,steady,14.3,walk,0,0,3.3,4.5,14.6,135,5.132879260078416,2.272432753082905,5.109394074308119,-0.2855992953127764,0.0004328548785199615,-0.06269443962089838,-0.45027758229728576,-0.19301857882491458
350,2026-03-09 16:00:00,16,0,0,0,24.0,hangout,0,0,6,leo,rain hater,17.8,drive,0,0,2.0,3.5,13.9,139,6.261827058409572,5.144415226472207,3.989093445259878,-2.796354603678342,0.071872383763254,-0.15811074240922274,-0.26962914272415617,-0.34294556018694067
350,2026-03-09 16:00:00,16,0,0,0,24.0,hangout,0,0,6,marcus,party procrastinator,8.1,walk,0,0,3.5,4.5,8.5,146,7.162934413317736,5.549298033944835,5.70369554666221,-0.549806998142218,-0.20140220220730853,-0.06632831494998381,-2.2966974540897294,-0.10313867084524642
350,2026-03-09 16:00:00,16,0,0,0,24.0,hangout,0,0,6,priya,overbooked,34.3,drive,0,0,1.2,3.5,36.3,157,10.406809237104804,6.746350386638071,9.60194549631566,-0.019987996914325734,-6.189483961968128,0.12026489836851084,-0.4898958589488327,0.1804735582045378
350,2026-03-09 16:00:00,16,0,0,0,24.0,hangout,0,0,6,sofia,morning struggler,34.2,transit,0,0,3.5,2.5,25.4,134,3.907935945402721,4.153381188280936,3.2879816986864916,-0.3038648368192618,-0.13279875169231392,-0.9473277032117777,-0.27742146499743203,-0.26726636786479174
319,2026-03-09 18:00:00,18,0,0,0,24.0,food,0,0,5,ethan,improving,29.4,drive,1,0,10.3,8.8,30.3,140,13.740856390305199,3.6956996520777157,11.954530397230057,-0.0948007978138179,1.0414609863953785,0.1966750946324911,-0.1433414159226274,0.4051458834974291
319,2026-03-09 18:00:00,18,0,0,0,24.0,food,0,0,5,marcus,party procrastinator,28.4,transit,1,0,2.7,4.0,41.3,147,7.138316951277985,5.538571558497994,5.639519128936567,-0.551288041952259,0.5614826857789179,-0.0675420571363885,-2.284287568028886,-0.1079842732268661
319,2026-03-09 18:00:00,18,0,0,0,24.0,food,0,0,5,omar,average,25.1,transit,0,0,4.0,5.0,19.9,139,6.2216956707934274,2.6283786461900895,6.934770191655265,-0.10693898864693985,-0.09731736841990468,-0.059510228717919667,-0.21607282671432326,-0.17825780925389534
319,2026-03-09 18:00:00,18,0,0,0,24.0,food,0,0,5,sofia,morning struggler,32.4,drive,0,0,2.4,2.0,33.1,135,3.904458404244669,4.138041523996707,3.0727024012127626,-0.3015015967105099,-0.13202977441852726,-0.9398955859020681,-0.2752080450889136,-0.2651059707344743
319,2026-03-09 18:00:00,18,0,0,0,24.0,food,0,0,5,zoe,forgets far-off plans,13.1,walk,1,0,2.8,3.0,12.2,137,6.596649130945449,4.989551553025953,6.570471180270128,-0.37788115207403283,0.1872022957647772,0.045330159691597594,-0.43558666840469584,-2.210693152660938
189,2026-03-09 19:00:00,19,0,0,0,6.0,food,0,0,4,marcus,party procrastinator,27.2,transit,0,0,1.5,3.5,42.6,148,7.108992861576661,5.531778297126611,5.716855103307617,-0.5542331471135951,-0.17990621542115282,-0.06937241807401762,-2.273667948504438,-0.11419155754584143
189,2026-03-09 19:00:00,19,0,0,0,6.0,food,0,0,4,maya,always early,9.0,walk,0,0,-3.5,-2.5,9.4,144,-0.806873101870946,1.797850547043934,-1.6305351719631276,-0.5890423850532184,-0.42371740738918906,-0.2897770097071458,-0.655801822203892,-0.3311476482111132
189,2026-03-09 19:00:00,19,0,0,0,6.0,food,0,0,4,omar,average,18.6,transit,0,0,5.3,4.5,27.7,140,6.2060407435946825,2.625438641679613,6.158868783884195,-0.11122070979492449,-0.10205737583567043,-0.06070086601593516,-0.21682654109095445,-0.18121439519140736
189,2026-03-09 19:00:00,19,0,0,0,6.0,food,0,0,4,sofia,morning struggler,25.5,transit,0,0,0.2,1.5,22.2,136,3.8934461547604897,4.124490898645599,3.183841758502997,-0.30192587499864976,-0.13411376234028394,-0.9335421639800203,-0.2750797922706387,-0.2647913549769987
569,2026-03-10 13:00:00,13,1,0,0,24.0,hangout,0,0,5,jake,chronically late,30.2,transit,1,0,8.7,11.0,26.5,151,12.771717198771515,4.909357330160636,12.677633485363291,-0.24928967036617067,-0.45396560629267313,0.06868684256543389,-0.05290406646373924,0.1996102499990169
569,2026-03-10 13:00:00,13,1,0,0,24.0,hangout,0,0,5,marcus,party procrastinator,34.3,drive,0,0,2.5,4.0,45.9,149,7.071999240314004,5.532152356701808,5.606285497232572,-0.5588246672856716,-0.19130961788667555,-0.07158830742653866,-2.265063787075535,-0.12192053006542203
569,2026-03-10 13:00:00,13,1,0,0,24.0,hangout,0,0,5,maya,always early,20.3,transit,0,0,-3.0,-2.0,15.8,145,-0.825414113277623,1.8027559823741348,-1.850118318079321,-0.5896038916474909,-0.4266501645986326,-0.28906496219657807,-0.6541658118524415,-0.33395171773444765
569,2026-03-10 13:00:00,13,1,0,0,24.0,hangout,0,0,5,priya,overbooked,16.1,drive,0,0,1.4,3.0,17.1,158,10.349005417229181,6.765359897014499,9.542572976351195,-0.032375586961434166,-6.1740691725350025,0.11396143001179126,-0.49688292020654856,0.16497206069616688
569,2026-03-10 13:00:00,13,1,0,0,24.0,hangout,0,0,5,sofia,morning struggler,10.7,walk,0,0,9.3,2.0,10.6,137,3.8668160775236378,4.120644386545728,3.004804593578182,-0.3070495875450958,-0.14105171036347208,-0.9285020447802186,-0.27829439359407315,-0.2673564022152921
6,2026-03-10 21:00:00,21,1,0,0,24.0,food,0,1,5,hana,steady,38.4,drive,0,0,5.3,5.5,38.1,136,5.117935732179682,2.2690251973084745,4.7479816377656245,0.5018062343427774,-0.0022905593935869106,-0.06162235878946909,-0.44768421810427217,-0.19324831040182122
6,2026-03-10 21:00:00,21,1,0,0,24.0,food,0,1,5,maya,always early,24.4,transit,0,0,0.5,-0.5,19.5,146,-0.8402057070375152,1.8033830356938625,-2.1114873448678613,0.7076799936578257,-0.4282720275137243,-0.2881703818645246,-0.6519283759167179,-0.33566522861065373
6,2026-03-10 21:00:00,21,1,0,0,24.0,food,0,1,5,priya,overbooked,8.8,walk,0,0,3.0,4.5,8.4,159,10.294078891691068,6.781889935006488,8.426879683340305,0.6595694252318207,-6.157744784622013,0.10704954843115111,-0.5042903598449602,0.14930753280859577
6,2026-03-10 21:00:00,21,1,0,0,24.0,food,0,1,5,sofia,morning struggler,37.8,drive,1,0,1.9,3.5,31.2,138,3.904398169491855,4.132623689005017,3.8012566198548154,0.45454602071534733,-0.060560579019982796,-0.9175686076588234,-0.26671491242969436,-0.2570649105694218
6,2026-03-10 21:00:00,21,1,0,0,24.0,food,0,1,5,zoe,forgets far-off plans,36.2,drive,0,0,4.8,4.5,35.6,138,6.568733833827519,4.98173754725277,5.6910668096650046,1.1047014208707475,-0.05183236279153913,0.04353235400186595,-0.4375913622964287,-2.1986084286060734
428,2026-03-10 21:00:00,21,1,0,0,168.0,study,0,0,2,leo,rain hater,23.6,transit,0,1,3.0,2.0,22.4,140,6.230059617494158,5.138356363901688,3.665731319284045,-2.7800567785658643,0.06524207556114803,-0.15723137048350022,-0.2702916636857928,1.1308871977393036
428,2026-03-10 21:00:00,21,1,0,0,168.0,study,0,0,2,sofia,morning struggler,20.9,drive,0,1,-0.9,1.0,24.4,139,3.8899905870600886,4.12081583309334,3.58285445344574,-0.2779374358520488,-0.11296398403936347,-0.9116821095946444,-0.26726370329727533,0.6240075303519292
448,2026-03-11 18:00:00,18,2,0,0,2.0,food,0,0,5,ethan,improving,33.3,transit,0,0,7.6,8.7,32.3,141,13.715181544690836,3.6954563406316696,12.204337584197381,-0.09960340676579982,-0.11064909018175051,0.19486157737817322,-0.14621564699538503,0.3990257170967979
448,2026-03-11 18:00:00,18,2,0,0,2.0,food,0,0,5,hana,steady,25.2,drive,1,0,5.7,4.0,27.3,137,5.118426095245506,2.2608350536601023,4.633836027213001,-0.28642486433769854,-0.2633700300816235,-0.060275867810971384,-0.44286197359653556,-0.1904249507171949
448,2026-03-11 18:00:00,18,2,0,0,2.0,food,0,0,5,maya,always early,14.7,walk,0,0,-2.1,-2.0,14.0,147,-0.8321282531259087,1.802130823657478,-1.7520366437502595,-0.5968427922674495,-0.42019890103149793,-0.28449598113908814,-0.6441267567618223,-0.32907380897348903
448,2026-03-11 18:00:00,18,2,0,0,2.0,food,0,0,5,sofia,morning struggler,12.1,walk,0,0,8.4,2.0,11.2,140,3.856665555343875,4.124884352120353,2.944761587241107,-0.28601663696582724,-0.12288584305173744,-0.9078821409152669,-0.2723759834035522,-0.22534839585420308
448,2026-03-11 18:00:00,18,2,0,0,2.0,food,0,0,5,zoe,forgets far-off plans,34.6,transit,0,0,3.7,3.0,48.4,139,6.555670177255985,4.9659808485857315,5.987334336358853,-0.36925633005705816,-0.05413266961564034,0.042687977457199544,-0.43636211889768095,-2.182230623744349
249,2026-03-12 22:00:00,22,3,0,0,6.0,study,0,0,4,jake,chronically late,23.5,drive,0,0,9.4,10.5,21.3,152,12.744418970634005,4.905268805056609,11.226976848752575,-0.25391820568908585,0.5165351868722539,0.06669126808634118,-0.0559365264502798,0.19247239540638716
249,2026-03-12 22:00:00,22,3,0,0,6.0,study,0,0,4,omar,average,9.8,walk,0,0,5.5,4.5,8.8,141,6.197765605407802,2.6171321739366418,6.185075887259372,-0.11047886642546878,-0.10153782534322264,-0.059043008191092206,-0.21425913644655914,-0.17960188343354933
249,2026-03-12 22:00:00,22,3,0,0,6.0,study,0,0,4,sofia,morning struggler,5.8,walk,1,0,2.4,1.5,6.1,141,3.88749163280506,4.128797094117624,3.81071189508716,-0.27312796469957545,-0.09703220743597374,-0.8980897620512538,-0.2627968509837162,-0.21679196749285756
249,2026-03-12 22:00:00,22,3,0,0,6.0,study,0,0,4,zoe,forgets far-off plans,37.1,transit,0,0,2.3,2.5,44.7,140,6.535681230272682,4.953967694521972,5.7816232086493375,-0.37215551211902387,-0.058942716158465025,0.040630579663814004,-0.43754336345450184,-2.169209102782922
415,2026-03-13 22:00:00,22,4,0,0,24.0,hangout,0,1,5,ethan,improving,28.4,transit,1,0,10.8,10.2,36.8,142,13.673082328332844,3.7204878517725954,11.749452093809383,1.2313882565769987,1.0044266203989842,0.18971050965022762,-0.15518636435214894,0.38775427199782264
415,2026-03-13 22:00:00,22,4,0,0,24.0,hangout,0,1,5,hana,steady,22.8,transit,1,0,6.2,5.5,30.4,138,5.121979736118377,2.253314672018117,4.6491370674623935,0.49045681706679023,-0.2448028468724317,-0.05894344959547393,-0.4377305804467788,-0.18711105193931754
415,2026-03-13 22:00:00,22,4,0,0,24.0,hangout,0,1,5,jake,chronically late,24.3,transit,0,0,17.7,12.5,27.3,153,12.723057609271695,4.897474810100705,10.849445031220483,1.5852394445798446,0.5011580207871766,0.06412122097564321,-0.05917871038503897,0.18558803449852768
415,2026-03-13 22:00:00,22,4,0,0,24.0,hangout,0,1,5,maya,always early,22.4,transit,1,0,0.3,-0.5,24.1,148,-0.8408947564383794,1.797886892725956,-1.8831127875538225,0.7237124690678454,0.16746200572300385,-0.2829127525279974,-0.6405352728809378,-0.32863468239375526
415,2026-03-13 22:00:00,22,4,0,0,24.0,hangout,0,1,5,omar,average,35.7,drive,0,0,6.0,6.5,34.5,142,6.192810219489306,2.608492626590991,6.212231491282659,0.19379105794685714,-0.10222793678524766,-0.059002433582294955,-0.21324393191220192,-0.179327020373389
525,2026-03-14 14:00:00,14,5,1,0,48.0,party,1,1,2,jake,chronically late,25.7,drive,0,0,12.0,13.5,26.1,154,12.754474356657978,4.896711741868028,12.229849816187993,1.644817227528943,0.512244650528169,0.06696058782371139,1.4204205146736175,0.19223619552117555
525,2026-03-14 14:00:00,14,5,1,0,48.0,party,1,1,2,zoe,forgets far-off plans,38.2,drive,1,0,5.1,5.5,39.4,141,6.506585087045331,4.949020731101395,5.730452882012952,1.0807912760689025,0.1428975019009311,0.037450865036614545,1.6073802495748835,-2.1598625385165215
36,2026-03-15 14:00:00,14,6,1,0,6.0,food,0,0,4,marcus,party procrastinator,6.1,walk,1,0,4.0,3.5,6.3,150,7.041103913273401,5.526200261783257,5.283172546649543,-0.5607454914909837,0.5311174719909477,-0.07235888220967901,-2.2538597567424654,-0.12699829166115872
36,2026-03-15 14:00:00,14,6,1,0,6.0,food,0,0,4,maya,always early,9.4,walk,0,0,-1.0,-2.5,10.2,149,-0.833304502874175,1.7955387161276875,-1.3523727151069072,-0.6014520998127555,-0.42657622734149636,-0.2803519034756228,-0.6341302856979087,-0.32355703086003373
36,2026-03-15 14:00:00,14,6,1,0,6.0,food,0,0,4,omar,average,10.7,walk,0,0,2.5,4.5,10.7,143,6.191696665928223,2.5993901563253665,5.597627618836635,-0.1099244933421426,-0.10198059989541974,-0.05891370026909737,-0.2120160249309837,-0.17837629558940993
36,2026-03-15 14:00:00,14,6,1,0,6.0,food,0,0,4,zoe,forgets far-off plans,23.5,drive,0,0,2.1,2.5,23.8,142,6.497082357533178,4.932922406400283,4.527737816438051,-0.3691401488694437,-0.05737547797668885,0.03614526411657515,-0.43220392596929624,-2.1441141116246296
271,2026-03-16 22:00:00,22,0,0,0,48.0,food,0,0,2,marcus,party procrastinator,6.0,walk,1,0,2.4,3.0,5.2,151,7.021152536155942,5.513380305800256,4.034615010330269,-0.560951265212351,0.4676147974981424,-0.07314062615067307,-2.2409480704354685,-0.13041018979330943
271,2026-03-16 22:00:00,22,0,0,0,48.0,food,0,0,2,omar,average,39.3,drive,0,0,8.4,4.0,52.1,144,6.166441581478705,2.608107018935807,5.090411880422487,-0.1174839893778774,-0.10990401087697776,-0.06109699821305803,-0.21428732264363948,-0.18396524328045416
697,2026-03-17 19:00:00,19,1,0,0,168.0,hangout,0,0,2,jake,chronically late,28.3,transit,0,1,30.7,10.0,26.5,155,12.749300595238097,4.881466830606786,12.614085884353742,-0.28332857142857293,0.5056676136363638,0.06644774688398591,-0.048246616992120295,0.09618478641456463
697,2026-03-17 19:00:00,19,1,0,0,168.0,hangout,0,0,2,marcus,party procrastinator,19.9,drive,1,1,4.2,3.0,20.0,152,6.991643918713982,5.50788086697024,3.8690411196325663,-0.5640608210894102,0.3807609611431282,-0.07514580063633147,-2.2313429770323303,0.5351754435850777
224,2026-03-18 18:00:00,18,2,0,0,48.0,hangout,0,1,5,jake,chronically late,33.0,transit,0,0,17.0,12.5,36.4,156,12.861231602754525,5.068230547340891,14.888923315072722,1.4914223475897899,0.5559409919641478,0.07747611733729087,-0.02761618837043578,0.0823268553658778
224,2026-03-18 18:00:00,18,2,0,0,48.0,hangout,0,1,5,marcus,party procrastinator,15.5,transit,0,0,5.1,5.5,12.9,153,6.974419544578976,5.494444978966997,4.078405584165422,2.200492507629961,-0.1353417862636359,-0.07660555975967664,-2.21916878111886,-0.12001879286440076
224,2026-03-18 18:00:00,18,2,0,0,48.0,hangout,0,1,5,omar,average,37.0,drive,0,0,4.4,6.5,35.8,145,6.181721920289855,2.605858578251211,5.7233491200828155,0.19409782608695636,-0.10376962293189695,-0.059195763757613484,-0.2104445748243302,-0.1782882261600287
224,2026-03-18 18:00:00,18,2,0,0,48.0,hangout,0,1,5,priya,overbooked,31.7,drive,1,0,18.3,16.5,30.8,160,10.248838109354415,6.785719264565842,8.156810888386975,0.46422631849182316,5.62165289672083,0.1021105126638222,-0.5088083891645407,0.13731256636776656
224,2026-03-18 18:00:00,18,2,0,0,48.0,hangout,0,1,5,sofia,morning struggler,36.3,transit,0,0,7.2,3.5,42.6,142,3.8772672656018927,4.115833548197613,4.1220763616005405,0.4115526351551204,-0.10128198836287083,-0.8924734790694506,-0.26286132747278446,-0.21705824712562727
482,2026-03-18 20:00:00,20,2,0,0,48.0,study,0,0,3,ethan,improving,12.8,walk,0,0,8.5,7.5,13.7,143,13.654146004501454,3.7164656562297402,10.929756001286131,-0.09353096082747747,-0.10913911749667093,0.18593118990507307,-0.1593039551366413,0.38026919252616054
482,2026-03-18 20:00:00,20,2,0,0,48.0,study,0,0,3,omar,average,25.5,drive,0,0,3.9,4.0,20.9,146,6.170288799114009,2.600922220496534,5.5915110854611445,-0.10053929038093834,-0.10755683424058748,-0.060566180440843276,-0.211255385613482,-0.18069343248425795
482,2026-03-18 20:00:00,20,2,0,0,48.0,study,0,0,3,sofia,morning struggler,23.2,drive,1,0,-0.5,1.0,23.2,143,3.900091950447401,4.111407255076562,3.828597700127829,-0.29574012651490555,-0.14366990551824665,-0.8843743807885658,-0.2560882724295044,-0.21111195239829073
77,2026-03-18 22:00:00,22,2,0,0,24.0,hangout,0,1,3,jake,chronically late,29.3,drive,0,0,10.3,11.5,22.3,157,12.886922339005674,5.061852647523671,16.081977811144476,1.533434043799895,0.5633866939856542,0.07953204308060613,-0.022847078757244788,0.08833987080514838
77,2026-03-18 22:00:00,22,2,0,0,24.0,hangout,0,1,3,leo,rain hater,30.7,transit,1,0,16.4,11.5,30.4,141,6.207406978896706,5.127127190513694,3.6592591368276297,6.404527129869595,-0.35173925482144686,-0.1575002530371119,-0.2714609719627248,-0.32404227640108196
77,2026-03-18 22:00:00,22,2,0,0,24.0,hangout,0,1,3,marcus,party procrastinator,34.8,transit,0,0,2.6,4.5,35.6,154,6.962776219615844,5.478634500729068,4.589364634175956,2.0905732244453112,-0.13892976963212078,-0.07725382823783633,-2.205304273119105,-0.12221224176791079
153,2026-03-19 21:00:00,21,3,0,0,24.0,study,0,0,4,leo,rain hater,12.3,walk,0,0,3.1,2.5,12.6,142,6.276925335204884,5.180103620311016,5.836264381487109,-2.8289571590159737,-0.007564092187728022,-0.15060657323328108,-0.2578128223123892,-0.30226460683493084
153,2026-03-19 21:00:00,21,3,0,0,24.0,study,0,0,4,marcus,party procrastinator,12.6,walk,0,0,12.7,3.5,12.5,155,6.935675151719488,5.472063569498881,4.595907186205568,-0.527379953576431,-0.14846191005060216,-0.07923846909713639,-2.195841492037969,-0.12826321415435604
153,2026-03-19 21:00:00,21,3,0,0,24.0,study,0,0,4,omar,average,9.9,walk,0,0,4.1,4.5,9.2,147,6.155315949178407,2.5985740989751123,5.358661699765258,-0.10508482095325977,-0.11204134269238963,-0.0619118081363208,-0.21220714510458638,-0.18360867855120055
153,2026-03-19 21:00:00,21,3,0,0,24.0,study,0,0,4,priya,overbooked,22.9,transit,1,0,14.7,14.5,12.8,161,10.297638700452518,6.793414310258006,8.527896771557861,-0.04846080705352662,5.602231557814102,0.10685929629429758,-0.49560916874644434,0.1489405106753523
375,2026-03-19 22:00:00,22,3,0,0,24.0,hangout,0,0,3,jake,chronically late,19.1,transit,0,0,12.6,10.0,17.5,158,12.871339337654355,5.050588377393204,16.206096953615532,-0.25580999885854716,0.5504013410029192,0.07705998266322212,-0.025869642666524584,0.08322229158077121
375,2026-03-19 22:00:00,22,3,0,0,24.0,hangout,0,0,3,maya,always early,35.2,drive,1,0,-3.2,-3.0,28.5,150,-0.8340108900796147,1.7895623301056975,-0.9954316828798898,-0.5970912662796909,0.18248796724487393,-0.27888603716451,-0.6298826553432714,-0.32157289700703584
375,2026-03-19 22:00:00,22,3,0,0,24.0,hangout,0,0,3,priya,overbooked,38.5,transit,1,0,14.2,14.0,59.5,162,10.324121628968022,6.780800783038774,8.46403475113372,-0.04148945272831206,5.564145850867195,0.10912907327119825,-0.4869145790041056,0.15470637209697813
229,2026-03-20 17:00:00,17,4,0,0,24.0,food,0,0,5,jake,chronically late,16.6,drive,0,0,6.6,11.0,16.7,159,12.869729088230482,5.034808075184365,15.477065453780138,-0.2543854233395173,0.5447327138848923,0.07634048981626762,-0.02603226696368033,0.0821264747631929
229,2026-03-20 17:00:00,17,4,0,0,24.0,food,0,0,5,marcus,party procrastinator,25.3,drive,0,0,6.1,4.0,25.4,156,6.971649506023594,5.473906597233824,5.849042716006742,-0.5139529599921584,-0.1336641099392768,-0.07584396661105952,-2.169678150831853,-0.11857997572195522
229,2026-03-20 17:00:00,17,4,0,0,24.0,food,0,0,5,omar,average,12.7,walk,1,0,6.0,5.0,14.4,148,6.142062552090187,2.595071042966332,5.083446443454339,-0.10921502829319696,0.20104013268245424,-0.06326600768982615,-0.21309727238314213,-0.18624031634878602
229,2026-03-20 17:00:00,17,4,0,0,24.0,food,0,0,5,priya,overbooked,35.2,drive,1,0,14.3,15.0,41.2,163,10.347235538510706,6.766402043931561,10.327781582431632,-0.03537917841973659,5.524121210871591,0.11106238208641628,-0.478928748979083,0.15959787530355385
229,2026-03-20 17:00:00,17,4,0,0,24.0,food,0,0,5,zoe,forgets far-off plans,26.1,transit,0,0,1.1,3.0,22.7,143,6.46780790857972,4.929142996727215,4.419373688165634,-0.3761640864675595,-0.06579917292511084,0.03247295144113327,-0.43690675533262446,-2.135886509080609
554,2026-03-20 17:00:00,17,4,0,0,24.0,hangout,0,0,2,ethan,improving,16.4,drive,0,0,5.9,7.4,13.9,144,13.619665102915759,3.730407666465515,10.248475743690218,-0.10416229675559663,-0.12341907006923059,0.18103722218837603,-0.16683318816308557,0.3701655651668876
554,2026-03-20 17:00:00,17,4,0,0,24.0,hangout,0,0,2,zoe,forgets far-off plans,32.7,drive,0,0,1.5,2.0,34.7,144,6.43174563982851,4.932005068622048,3.8804987542367173,-0.38468763811176476,-0.07542290483565672,0.028673847308223088,-0.4427396709830802,-2.1294958294011828
18,2026-03-20 21:00:00,21,4,0,0,48.0,food,0,1,5,ethan,improving,27.7,drive,1,0,9.6,9.9,29.2,145,13.568047205522156,3.7752136114567634,10.033727773006332,1.2145905846781275,1.0157876035759443,0.17479134786515615,-0.17820659239626124,0.35707090321901447
18,2026-03-20 21:00:00,21,4,0,0,48.0,food,0,1,5,hana,steady,11.1,walk,1,0,5.0,5.5,10.5,139,5.129910283530023,2.2472998479955657,4.908545795294292,0.4974599883187878,-0.21867149808877073,-0.058222405459066984,-0.4328065528056415,-0.18379346096407456
18,2026-03-20 21:00:00,21,4,0,0,48.0,food,0,1,5,jake,chronically late,21.0,transit,0,0,13.8,12.5,23.0,160,12.831558065626202,5.044722451173603,14.6947308758932,1.484103608853104,0.5219879372271112,0.0720639494915325,-0.03254563279195821,0.0718329738414365
18,2026-03-20 21:00:00,21,4,0,0,48.0,food,0,1,5,marcus,party procrastinator,38.1,transit,0,0,3.4,5.5,49.8,157,6.966093091532861,5.4568808659288655,6.376026597580818,1.9033487786861203,-0.13443635221332073,-0.07563552362594983,-2.154498656247525,-0.11885081199805203
18,2026-03-20 21:00:00,21,4,0,0,48.0,food,0,1,5,maya,always early,26.6,drive,1,0,-0.6,-0.5,20.2,151,-0.8493135844338249,1.7917411612046197,-1.0283753098382358,0.7410619672393219,0.14193979885575847,-0.2784026342111692,-0.6283119301280624,-0.3237985471543494
516,2026-03-21 13:00:00,13,5,1,0,48.0,food,0,0,3,ethan,improving,39.7,drive,0,0,9.1,7.4,45.3,146,13.541669385631518,3.778097899477613,9.926191253037576,-0.094589497356667,-0.11936987703746738,0.1710654518907191,-0.1832026102062585,0.349164052277386
516,2026-03-21 13:00:00,13,5,1,0,48.0,food,0,0,3,jake,chronically late,13.0,walk,0,0,9.1,10.0,13.0,161,12.83730167006241,5.029414807874938,12.282086191446401,-0.2702195735755968,0.520340643302351,0.07228870639121787,-0.031187819370600778,0.07289324427812005
516,2026-03-21 13:00:00,13,5,1,0,48.0,food,0,0,3,maya,always early,5.5,walk,0,0,-4.3,-3.0,5.8,152,-0.8478211641378375,1.786320751784194,-1.1850917611822391,-0.5987259435990462,-0.41041660621908505,-0.2762543856627693,-0.6231495563184721,-0.3205321622612538
429,2026-03-21 20:00:00,20,5,1,0,48.0,food,0,0,5,ethan,improving,12.5,walk,0,0,7.3,8.4,12.2,147,13.512283616016786,3.784666717312974,10.132081033147655,-0.1032885475414993,-0.1309862024380326,0.16716686006771653,-0.18878029792088213,0.34085698001438836
429,2026-03-21 20:00:00,20,5,1,0,48.0,food,0,0,5,jake,chronically late,19.6,transit,0,0,26.4,11.0,15.1,162,12.81477311158414,5.0232325664712345,11.147078031881183,-0.27544082043746876,0.5055163376288583,0.06967474455637834,-0.03481512831070965,0.06678795088243561
429,2026-03-21 20:00:00,20,5,1,0,48.0,food,0,0,5,leo,rain hater,19.5,transit,0,0,1.4,3.0,18.3,143,6.25518317320643,5.1686144926736866,5.758623763773266,-2.811483024925755,-0.013368754164143404,-0.15109866351825918,-0.2591838154504602,-0.3053838743228283
429,2026-03-21 20:00:00,20,5,1,0,48.0,food,0,0,5,omar,average,17.8,drive,0,0,3.3,5.0,15.2,149,6.140695517107477,2.586363152577562,5.583055862030707,-0.10818716167553344,-0.11480346895629268,-0.06250201298397418,-0.21125818191970147,-0.1845696830787178
429,2026-03-21 20:00:00,20,5,1,0,48.0,food,0,0,5,priya,overbooked,12.8,walk,1,0,15.3,15.0,12.9,164,10.3702195836364,6.752412126571305,12.177205595324684,-0.028844778469622412,5.485643160174044,0.11344130045450918,-0.47055683937307613,0.16493329982868588
533,2026-03-22 15:00:00,15,6,1,0,168.0,party,1,0,2,ethan,improving,22.2,drive,0,1,7.6,9.4,21.4,148,13.472070726745446,3.808454502017476,9.620591636212984,-0.1161013684788319,-0.1478856937115598,0.16168172904432687,1.8298761646651105,-0.45821097160209057
533,2026-03-22 15:00:00,15,6,1,0,168.0,party,1,0,2,hana,steady,37.4,transit,1,1,4.3,5.0,28.1,140,5.129150490979676,2.239264638770724,5.108328711708479,-0.2885359820553912,-0.21583945549434969,-0.05801361174684061,1.5117692395524092,0.34193291674451665
496,2026-03-22 17:00:00,17,6,1,0,24.0,hangout,0,1,4,ethan,improving,24.3,drive,0,0,12.0,9.4,22.5,149,13.433889060674774,3.8280391924948476,9.481111160192793,1.1986608188989152,-0.16299315704077522,0.15693470003814802,-0.16090130238049483,0.3666370401083583
496,2026-03-22 17:00:00,17,6,1,0,24.0,hangout,0,1,4,leo,rain hater,31.8,drive,1,0,10.4,12.0,27.1,144,6.2229457405631905,5.166195048292909,5.477984497303768,6.473026622541502,-0.05486548459801455,-0.15312370744476933,-0.2629856746327679,-0.31208021409363695
496,2026-03-22 17:00:00,17,6,1,0,24.0,hangout,0,1,4,marcus,party procrastinator,22.7,transit,0,0,6.2,5.0,24.2,158,6.9442878241958,5.446908397243952,6.255510806913086,1.7701965958313979,-0.14165307730252952,-0.07705273309271021,-2.144126627797461,-0.12338827515151074
496,2026-03-22 17:00:00,17,6,1,0,24.0,hangout,0,1,4,maya,always early,21.4,transit,0,0,-0.7,-1.0,15.9,153,-0.8695005357980043,1.7989274432768398,-1.505571581656573,0.7474655897749806,-0.41612992228016976,-0.2767663741951716,-0.6233912752392348,-0.32519460793362165
688,2026-03-23 17:00:00,17,0,0,0,168.0,party,1,0,6,hana,steady,37.7,transit,1,1,5.5,6.5,33.7,141,5.1234019770846135,2.2322142693384563,5.249543422024175,-0.28805929296032584,-0.22537793219358804,-0.058061325740967895,1.435805260343769,0.31239243131018224
688,2026-03-23 17:00:00,17,0,0,0,168.0,party,1,0,6,leo,rain hater,19.8,transit,1,1,7.0,5.5,20.4,145,6.250777924362357,5.160120287290825,6.685936549817816,-2.826204872308544,0.0421903505465524,-0.14970177316087607,1.3471261493563604,0.9811581247834544
688,2026-03-23 17:00:00,17,0,0,0,168.0,party,1,0,6,marcus,party procrastinator,19.3,drive,0,1,20.6,16.5,18.9,159,6.939735906428987,5.430066155088473,6.411353116122568,-0.4859580311854641,-0.14218566633024654,-0.07692385814600566,8.123083508775157,0.4784058975754055
688,2026-03-23 17:00:00,17,0,0,0,168.0,party,1,0,6,priya,overbooked,25.3,transit,1,1,15.3,17.5,21.7,165,10.399509933260903,6.742353448726061,13.942717123788828,-0.021670292787298706,5.452043221121249,0.11576108372192806,2.8866124690254598,-0.2079113314191101
688,2026-03-23 17:00:00,17,0,0,0,168.0,party,1,0,6,sofia,morning struggler,13.5,walk,1,1,4.6,4.5,13.5,144,3.870581803049353,4.1125426843069866,3.4773090865855294,-0.3028843115386053,-0.22425907766818343,-0.8808448596788088,0.5884506617808896,0.43145315907552284
688,2026-03-23 17:00:00,17,0,0,0,168.0,party,1,0,6,zoe,forgets far-off plans,25.4,drive,0,1,16.0,14.5,27.0,145,6.398777924362356,4.931716567245453,3.556793692674959,-0.3919925429793496,-0.08395239029779678,0.025292214799430113,1.6041561263192623,6.216450014658458
358,2026-03-24 14:00:00,14,1,0,0,24.0,study,0,0,2,leo,rain hater,34.0,transit,1,0,0.7,2.0,29.5,146,6.256308360383253,5.142820659401998,7.258945245823786,-2.798679536512461,0.05706780078108853,-0.14879765342550222,-0.26171030172222753,-0.30727932922000445
358,2026-03-24 14:00:00,14,1,0,0,24.0,study,0,0,2,zoe,forgets far-off plans,32.2,drive,1,0,1.2,2.0,32.7,146,6.462930876939543,4.978520620993107,5.53226596483987,-0.3687388906285456,0.134558957904507,0.030834294783680605,-0.509153199015171,-2.18349420120939
299,2026-03-24 22:00:00,22,1,0,0,168.0,hangout,0,0,6,ethan,improving,34.1,drive,0,1,9.6,8.8,34.9,150,13.42491490982982,3.8176053576380395,10.349975688522806,-0.11887678858691153,-0.16576692278384364,0.15470546379449068,-0.16222292116459336,-0.6203010376391127
299,2026-03-24 22:00:00,22,1,0,0,168.0,hangout,0,0,6,hana,steady,18.1,transit,0,1,4.4,4.5,19.2,142,5.126270823289945,2.2246562470583804,5.278934520939984,-0.28469876717572706,-0.00855197818490172,-0.057699930365846086,-0.42683349446658614,0.31176786575147464
299,2026-03-24 22:00:00,22,1,0,0,168.0,hangout,0,0,6,leo,rain hater,24.3,drive,0,1,5.3,3.5,23.7,147,6.2194855988396185,5.145381628537411,5.005567313954176,-2.788599889801454,-0.019507032221301124,-0.15053781956928702,-0.2657734496291839,1.0010269892250303
299,2026-03-24 22:00:00,22,1,0,0,168.0,hangout,0,0,6,marcus,party procrastinator,20.2,drive,0,1,9.6,4.5,18.9,160,7.022798854688619,5.519184580850689,9.006513958482463,-0.4595357398507023,-0.11058922345117317,-0.06984347715076566,-2.2092615839912826,0.7952598004126479
299,2026-03-24 22:00:00,22,1,0,0,168.0,hangout,0,0,6,maya,always early,11.3,walk,0,1,-2.7,-1.5,11.5,154,-0.8681647105432576,1.7934119801685962,-1.6480470601552162,-0.6030088190627115,-0.4123596304284346,-0.27506229316624775,-0.6188043528101966,-0.0028558782746497258
299,2026-03-24 22:00:00,22,1,0,0,168.0,hangout,0,0,6,sofia,morning struggler,12.9,walk,1,1,1.4,2.5,12.4,145,3.875745406824147,4.098930808067176,4.264498687664043,-0.29900415012226,-0.2055325523333975,-0.8744867657387898,-0.26559677956922023,0.4382815203655097
266,2026-03-25 16:00:00,16,2,0,0,24.0,food,0,1,6,hana,steady,37.4,transit,0,0,4.7,6.0,47.1,143,5.121025437201908,2.2175357748432534,5.091721553486259,0.49072170665877746,-0.010069735510911393,-0.0574173858732685,-0.42423578528313133,-0.1748277689454154
266,2026-03-25 16:00:00,16,2,0,0,24.0,food,0,1,6,jake,chronically late,33.6,drive,0,0,11.2,13.0,28.9,163,12.895903361344537,5.116103390978829,13.470258103241296,1.415248192300174,0.5386688149836214,0.0772145800995574,-0.020532498713770053,0.08655690537084304
266,2026-03-25 16:00:00,16,2,0,0,24.0,food,0,1,6,marcus,party procrastinator,33.1,transit,0,0,5.2,6.0,35.2,161,7.038022678951098,5.505753747819004,8.568006479700314,1.621169574961213,-0.10370177179305351,-0.06783208784505135,-2.1884662834343906,-0.21824243340142502
266,2026-03-25 16:00:00,16,2,0,0,24.0,food,0,1,6,maya,always early,23.4,drive,0,0,-0.8,0.0,25.6,155,-0.8799264705882353,1.7920392815673827,-1.894264705882353,0.7435711898395722,-0.41323278029160404,-0.27407107843137246,-0.6163943555363325,-0.3111995967741932
266,2026-03-25 16:00:00,16,2,0,0,24.0,food,0,1,6,omar,average,26.3,transit,0,0,12.9,7.0,34.8,150,6.122656546489564,2.5878314387833603,4.849330441854161,0.19908828047347882,-0.12083361715240404,-0.0645217022067115,-0.213070541143229,-0.1886784599375657
266,2026-03-25 16:00:00,16,2,0,0,24.0,food,0,1,6,priya,overbooked,7.2,walk,1,0,18.0,17.0,6.4,166,10.428138974888201,6.732276156045159,13.522325421396628,0.527309450095828,5.41915993005389,0.11832111925382804,-0.4895040784879221,0.14337681557540272
269,2026-03-25 17:00:00,17,2,0,0,24.0,study,0,0,5,ethan,improving,21.7,transit,0,0,6.3,8.3,14.0,151,13.40024956597222,3.8189853258302873,10.342928447420634,-0.12585908803948698,-0.1745748064159276,0.15145960293839877,-0.16690655953919098,0.38547410192147247
269,2026-03-25 17:00:00,17,2,0,0,24.0,study,0,0,5,marcus,party procrastinator,8.4,walk,0,0,4.1,4.0,9.2,162,7.027179235279442,5.490615374109219,8.436336924365557,-0.441090457843643,-0.10705307514930595,-0.06846290712600034,-2.175444704570639,-0.21961794932033918
269,2026-03-25 17:00:00,17,2,0,0,24.0,study,0,0,5,omar,average,24.9,drive,0,0,2.6,5.0,31.2,151,6.166275206997862,2.637751586625279,6.0760786305708185,-0.15583981687083437,-0.10414490161659806,-0.05911287342154825,-0.2044536415269258,-0.17482419871794885
269,2026-03-25 17:00:00,17,2,0,0,24.0,study,0,0,5,priya,overbooked,25.8,transit,1,0,14.9,15.0,19.4,167,10.47231937378876,6.736804678240261,14.006376963939646,-0.05698889954093289,5.399449666097254,0.12240765054421843,-0.47734252434016433,0.15383488956083724
269,2026-03-25 17:00:00,17,2,0,0,24.0,study,0,0,5,zoe,forgets far-off plans,36.8,drive,1,0,4.7,3.0,34.8,147,6.427887712445175,4.980211384825866,4.965110774984335,-0.3762957917542007,0.010381960761278286,0.027632836941020145,-0.513859982104643,-2.176268579434698
502,2026-03-26 12:00:00,12,3,0,0,48.0,hangout,0,0,6,ethan,improving,14.7,walk,0,0,7.1,8.7,14.5,152,13.3549601755829,3.851970706547458,9.929988621595113,-0.13959295527212845,-0.19202332577663306,0.1462209114300368,-0.17669247652202102,0.37320998022243046
502,2026-03-26 12:00:00,12,3,0,0,48.0,hangout,0,0,6,jake,chronically late,11.3,walk,1,0,7.7,11.5,12.3,164,12.885968920511925,5.102564063664009,13.267419691574835,-0.23727780818454391,-0.6236081095562955,0.07561237444098445,-0.02225375427841314,0.08331053706044855
502,2026-03-26 12:00:00,12,3,0,0,48.0,hangout,0,0,6,leo,rain hater,10.4,walk,0,0,3.4,3.5,11.2,148,6.2132597880164395,5.12848480286967,5.318074225147554,-2.765815653421104,-0.02097632570171104,-0.1497919870569726,-0.26462053660842333,-0.3086557315930065
502,2026-03-26 12:00:00,12,3,0,0,48.0,hangout,0,0,6,maya,always early,27.2,transit,1,0,0.3,-1.5,33.7,156,-0.8793245492763028,1.7864908497423149,-1.5512355855075153,-0.6024657213549492,0.17106157539335443,-0.27230871394476697,-0.6118916751498399,-0.3086484326947495
502,2026-03-26 12:00:00,12,3,0,0,48.0,hangout,0,0,6,omar,average,24.3,drive,0,0,3.8,5.5,33.4,152,6.143495207430033,2.6445365203003375,5.883855773551438,-0.16267608106742681,-0.11141557686574632,-0.061305717518652436,-0.20667883306204615,-0.17986444523042877
502,2026-03-26 12:00:00,12,3,0,0,48.0,hangout,0,0,6,sofia,morning struggler,14.9,walk,0,0,1.9,2.5,15.4,146,3.8591307785861937,4.089514898779219,3.2597516510246267,-0.30154049135796557,-0.053905744437676706,-0.8696506814328311,-0.2670390156497291,-0.2044772325476707
277,2026-03-26 14:00:00,14,3,0,0,6.0,hangout,0,0,2,leo,rain hater,31.7,transit,0,0,0.5,2.0,29.5,149,6.194599937877248,5.116289933502879,5.598457125107785,-2.748412440650585,-0.0259687928822796,-0.14988565427598122,-0.26538670486705396,-0.31094671457574563
277,2026-03-26 14:00:00,14,3,0,0,6.0,hangout,0,0,2,marcus,party procrastinator,8.3,walk,0,0,14.2,3.0,8.8,163,7.00933565733986,5.4785051421986655,8.53123875923996,-0.4423232255865317,-0.11211771807451054,-0.06904391804798937,-2.1637394654661426,-0.22204088714638726
573,2026-03-26 19:00:00,19,3,0,0,48.0,study,0,0,5,hana,steady,11.7,walk,0,0,4.2,4.0,11.4,144,5.117918033284085,2.2100141009479755,4.876548009509739,-0.2807399408620812,-0.01080460836137842,-0.05699895408961453,-0.4212277900065011,-0.1739384556025554
573,2026-03-26 19:00:00,19,3,0,0,48.0,study,0,0,5,leo,rain hater,35.8,drive,0,0,2.7,3.0,35.0,150,6.157869593285991,5.119989409711269,4.17367702665314,-2.7393797882733364,-0.03681798380282064,-0.15186048540470765,-0.26962617747263273,-0.3187548095545516
573,2026-03-26 19:00:00,19,3,0,0,48.0,study,0,0,5,marcus,party procrastinator,36.3,transit,1,0,4.4,4.0,52.4,164,7.051892230528572,5.490418449457994,9.686254923008164,-0.4271903102885508,0.2580960553984468,-0.06518750287240405,-2.136968598987681,-0.20973783374696886
573,2026-03-26 19:00:00,19,3,0,0,48.0,study,0,0,5,omar,average,12.9,walk,1,0,7.6,5.0,13.0,153,6.1282897908818255,2.6424473670231765,5.836654225966236,-0.16627771626174948,0.20523227782536413,-0.062252469276283584,-0.20727944120747477,-0.1822941298234868
573,2026-03-26 19:00:00,19,3,0,0,48.0,study,0,0,5,zoe,forgets far-off plans,6.2,walk,0,0,3.1,3.0,6.1,148,6.4161423984269845,4.96531909528908,5.33318354240771,-0.3763031318258605,-0.021218529638994177,0.02677921262950811,-0.5122967024899046,-2.1612211103580448
342,2026-03-26 20:00:00,20,3,0,0,48.0,food,0,1,5,jake,chronically late,33.3,transit,0,0,10.7,12.5,21.1,165,12.854857672798849,5.10406618723835,13.415673620799671,1.3809216082010192,0.5592119773187516,0.07265357477344558,-0.026842314651236876,0.07567295837253774
342,2026-03-26 20:00:00,20,3,0,0,48.0,food,0,1,5,marcus,party procrastinator,25.9,drive,1,0,7.3,5.5,24.5,165,7.036034143387084,5.477616528042359,7.367438326682023,1.5318650860059524,0.2103524676115418,-0.0657861759985936,-2.125385433193304,-0.21189006683754474
342,2026-03-26 20:00:00,20,3,0,0,48.0,food,0,1,5,maya,always early,12.2,walk,1,0,-0.4,-0.5,11.6,157,-0.8726802199024422,1.7844555795207029,-1.4207657771149833,0.7223824176910597,0.1856720341981113,-0.26918426101540116,-0.6053154402389507,-0.30321978882384526
342,2026-03-26 20:00:00,20,3,0,0,48.0,food,0,1,5,sofia,morning struggler,18.7,drive,1,0,4.7,3.5,17.4,147,3.845564502472397,4.078406661647913,3.1844470007063994,0.5156939846950244,-0.23299729979711126,-0.8641212905809947,-0.26722213909456904,-0.20503874656261445
342,2026-03-26 20:00:00,20,3,0,0,48.0,food,0,1,5,zoe,forgets far-off plans,11.4,walk,0,0,8.7,4.5,11.5,149,6.3943234050376905,4.955922559507678,5.612663830010768,1.1128244114146373,-0.027074486133719766,0.024791195136023347,-0.5135962857901628,-2.1500241023050144
587,2026-03-26 22:00:00,22,3,0,0,24.0,food,0,0,2,jake,chronically late,34.3,drive,1,0,19.6,10.0,33.1,166,12.842169406839743,5.0918581958628835,12.969191259097071,-0.23292629970845624,-0.6651899955147655,0.07102338712399892,-0.02876375994508429,0.07209191964393469
587,2026-03-26 22:00:00,22,3,0,0,24.0,food,0,0,2,maya,always early,38.7,drive,0,0,-1.8,-3.0,53.9,158,-0.869871358468737,1.7797346813420813,-0.862820388133925,-0.596926648025883,-0.41868251265281975,-0.26705254213481666,-0.6002678990301387,-0.2998086162741269
317,2026-03-27 14:00:00,14,4,0,0,24.0,food,0,0,4,ethan,improving,23.9,drive,0,0,7.5,7.7,23.6,153,13.314698464956736,3.874481468147203,9.889913847130497,-0.15068633223492078,-0.2062333143064432,0.14217061104852569,-0.1843664624774739,0.3628829596712908
317,2026-03-27 14:00:00,14,4,0,0,24.0,food,0,0,4,marcus,party procrastinator,38.8,drive,0,0,5.5,3.5,41.7,166,7.03755764598342,5.461131744989317,7.039302184566691,-0.42961758591103294,-0.08218430043719138,-0.06523992678147383,-2.10978773005544,-0.20998467981379498
317,2026-03-27 14:00:00,14,4,0,0,24.0,food,0,0,4,omar,average,6.2,walk,0,0,3.2,4.5,7.1,154,6.137247531214872,2.6366249630573497,6.067785008918535,-0.161328211743184,-0.1240288840809205,-0.060470404302801484,-0.20401180315760659,-0.17798004952679225
317,2026-03-27 14:00:00,14,4,0,0,24.0,food,0,0,4,priya,overbooked,7.6,walk,0,0,2.5,2.5,7.3,168,10.497239060480721,6.724970812301259,14.113496874423065,-0.04944895271731653,-6.362411619200676,0.1251746601593009,-0.46827828141042893,0.16010984237320436
348,2026-03-27 20:00:00,20,4,0,0,168.0,food,0,1,2,jake,chronically late,37.7,drive,0,1,8.1,11.5,35.7,167,12.881343339029645,5.1019515874181485,14.480383811151325,1.2788059208625384,0.5112126334299258,0.07459900069177294,-0.021696208598198652,0.4931342808317325
348,2026-03-27 20:00:00,20,4,0,0,168.0,food,0,1,2,leo,rain hater,11.3,walk,1,1,9.1,11.5,11.1,151,6.1351990661096085,5.110564917645201,3.5529140188884596,6.502588068582902,0.010098104986283829,-0.15213869476364827,-0.27088025936650606,1.0184008004774778
132,2026-03-27 21:00:00,21,4,0,0,24.0,study,0,0,5,ethan,improving,16.2,drive,0,0,10.0,8.2,13.0,154,13.277990632262103,3.8920039033303317,9.865140180646316,-0.16113617128379687,-0.2194565532852888,0.13794238881330223,-0.19170310831278314,0.3528178468651788
132,2026-03-27 21:00:00,21,4,0,0,24.0,study,0,0,5,marcus,party procrastinator,8.2,walk,0,0,5.1,4.0,7.6,167,7.028491340288806,5.446044151017607,7.07956895436823,-0.42890832071312524,-0.084751365859006,-0.0654275799141466,-2.096984555172181,-0.2105867156307486
132,2026-03-27 21:00:00,21,4,0,0,24.0,study,0,0,5,maya,always early,11.7,walk,0,0,-2.1,-2.0,12.1,159,-0.8756066431117406,1.7749368146993272,-1.021601898031926,-0.5941334643318259,-0.41748607298539153,-0.26580915698929,-0.5970935941422502,-0.29922174138481195
132,2026-03-27 21:00:00,21,4,0,0,24.0,study,0,0,5,priya,overbooked,31.5,transit,1,0,15.5,15.0,27.1,169,10.451152359365945,6.733745489312387,12.414614959818843,-0.060552626520982145,5.409620720193541,0.1193803226019412,-0.47426805200467115,0.14712765328778588
132,2026-03-27 21:00:00,21,4,0,0,24.0,study,0,0,5,zoe,forgets far-off plans,25.3,drive,0,0,5.5,3.0,31.3,150,6.409035551804352,4.943013745569488,6.645438729086957,-0.3937861488372292,-0.02238089245740227,0.02620539175059111,-0.5055302151191414,-2.126992403812504
474,2026-03-28 16:00:00,16,5,1,0,2.0,food,0,1,2,hana,steady,31.5,transit,0,0,4.5,4.5,32.0,145,5.111302798982189,2.2034978139161865,4.760372228280626,0.47861797362942227,-0.012583924027626203,-0.056679460989858654,-0.4188506870229016,-0.17385310154596212
474,2026-03-28 16:00:00,16,5,1,0,2.0,food,0,1,2,sofia,morning struggler,36.8,drive,0,0,2.2,2.5,52.9,148,3.8509504565184844,4.065375183607486,2.82884298757671,0.5196842173941416,-0.06264826275681123,-0.8574694062937094,-0.26370431479296164,-0.20206774665238925
33,2026-03-28 20:00:00,20,5,1,0,6.0,food,0,0,4,jake,chronically late,10.7,walk,0,0,6.4,10.5,11.1,168,12.853592334981013,5.100997766821721,11.858169238566004,-0.19095626168627788,0.4940767697702704,0.07151853955543785,-0.026171534488215187,0.10815387399719256
33,2026-03-28 20:00:00,20,5,1,0,6.0,food,0,0,4,maya,always early,36.1,transit,0,0,6.1,-2.5,44.6,160,-0.8832031881714221,1.7710421322980998,-0.9380580537632636,-0.5919259726419416,-0.41693027800238724,-0.26464207596313993,-0.5942153646006142,-0.29909150904452464
33,2026-03-28 20:00:00,20,5,1,0,6.0,food,0,0,4,omar,average,19.3,drive,0,0,3.7,4.5,18.0,155,6.118571712198221,2.6383787157378844,6.048163346342348,-0.16617123219009677,-0.1293745340082122,-0.06186320840774062,-0.2052417223320857,-0.1814177698649564
33,2026-03-28 20:00:00,20,5,1,0,6.0,food,0,0,4,zoe,forgets far-off plans,11.9,walk,0,0,3.0,2.5,11.9,151,6.403022268921252,4.927142259478447,5.143720648263215,-0.39224266773595495,-0.023701378164402875,0.02565195791280317,-0.5029042115415159,-2.111161844585663
503,2026-03-29 16:00:00,16,6,1,0,24.0,party,1,0,2,marcus,party procrastinator,21.6,drive,0,0,15.2,15.0,19.5,168,7.017006600877675,5.431831727729362,7.219144743107907,-0.42862506847200255,-0.08789096238237892,-0.06558215842683612,8.210355427022003,-0.2115168595882455
503,2026-03-29 16:00:00,16,6,1,0,24.0,party,1,0,2,sofia,morning struggler,18.6,drive,1,0,1.5,3.0,17.8,149,3.8398840386482966,4.053661940424549,3.211395439613799,-0.2970317681168555,-0.20268822020082045,-0.8522167770507525,0.6187166576703751,-0.2024838845014152
506,2026-03-30 17:00:00,17,0,0,0,168.0,party,1,0,6,ethan,improving,36.2,transit,0,1,14.5,10.6,46.4,155,13.2571875,3.889408976338658,9.573482142857143,-0.16609999999999836,-0.22568376068375962,0.13543460264900808,1.7704980468749998,-0.596975446428571
506,2026-03-30 17:00:00,17,0,0,0,168.0,party,1,0,6,hana,steady,8.8,walk,0,1,10.2,6.5,8.6,146,5.106953642384107,2.1963936903501486,4.787701040681173,-0.276009784619057,-0.013725605110472827,-0.05636085768536159,1.4142052980132451,0.2995676968359078
506,2026-03-30 17:00:00,17,0,0,0,168.0,party,1,0,6,jake,chronically late,7.4,walk,0,1,10.5,13.5,8.0,169,12.816379310344828,5.111197255354644,11.161822660098522,-0.20222971221156527,0.4728165630299621,0.0675587053099207,1.2867705570291772,0.40256226053639743
506,2026-03-30 17:00:00,17,0,0,0,168.0,party,1,0,6,marcus,party procrastinator,26.8,transit,0,1,19.7,16.5,18.1,169,7.064080459770114,5.452004217509882,7.3754515599343184,-0.41250615763546694,-0.07003158725980274,-0.06154791580113628,8.168903386144768,0.8107881773399015
506,2026-03-30 17:00:00,17,0,0,0,168.0,party,1,0,6,priya,overbooked,9.5,walk,1,1,16.6,17.5,9.4,170,10.479714285714286,6.724574670436034,12.45134693877551,-0.05264087301587317,5.378857142857141,0.12212874779541316,2.8869047619047628,-0.1392123552123561
506,2026-03-30 17:00:00,17,0,0,0,168.0,party,1,0,6,zoe,forgets far-off plans,17.2,drive,1,1,20.7,14.5,23.1,152,6.381210191082802,4.918501616796739,5.394631483166514,-0.3957951426648014,0.002291224345364107,0.02356042348080578,1.8613974136267135,6.316441082802548
463,2026-03-30 20:00:00,20,0,0,0,48.0,party,1,0,4,hana,steady,9.9,walk,0,0,5.8,5.5,10.0,147,5.141488020176546,2.22964951123275,5.468996577193299,-0.26106444784723504,-0.001949071923186274,-0.053936352809303756,1.5039132734003173,-0.20642601933585514
463,2026-03-30 20:00:00,20,0,0,0,48.0,party,1,0,4,jake,chronically late,36.3,transit,0,0,9.7,12.5,30.3,170,12.804035308953342,5.099684500723591,11.558295802558096,-0.20612354369388974,0.4619823865325685,0.06499015778304162,1.1633786371491315,0.11009179975131822
463,2026-03-30 20:00:00,20,0,0,0,48.0,party,1,0,4,leo,rain hater,20.9,transit,1,0,2.8,4.5,18.8,152,6.154816427177291,5.099486524311477,4.758518979193512,-2.7427630751081122,0.07081731324077278,-0.15032254627138109,1.3962306222090755,-0.34073641022581125
463,2026-03-30 20:00:00,20,0,0,0,48.0,party,1,0,4,zoe,forgets far-off plans,30.1,transit,0,0,3.6,4.5,24.9,153,6.472823918144524,5.03679426068329,7.706521119469864,-0.36504876015482424,-0.1175531277419628,0.030962119377104358,2.1496501874649656,-2.188691790351715
690,2026-03-31 17:00:00,17,1,0,0,6.0,hangout,0,0,6,hana,steady,36.4,drive,1,0,3.6,4.5,36.3,148,5.145655033501871,2.2229010914197707,5.670187152429106,-0.2569092355593119,-0.23104398309467644,-0.0530462392431863,-0.453367135347035,-0.20327259410096676
690,2026-03-31 17:00:00,17,1,0,0,6.0,hangout,0,0,6,jake,chronically late,26.7,drive,0,0,8.1,11.5,28.5,171,12.786279659805603,5.090862778302169,11.410365617087313,-0.2104915242572467,0.45026387486398,0.0630015420066865,-0.0030679062171845572,0.10491060615986925
690,2026-03-31 17:00:00,17,1,0,0,6.0,hangout,0,0,6,marcus,party procrastinator,19.0,transit,1,0,5.3,4.5,18.6,170,7.137058400718779,5.521176627267142,9.582016685919651,-0.39035420211173033,0.12096851602276004,-0.056308149200250845,-2.2005422598483992,-0.2691049840271553
690,2026-03-31 17:00:00,17,1,0,0,6.0,hangout,0,0,6,maya,always early,21.7,transit,0,0,-2.5,-1.5,26.8,161,-0.8404504811699629,1.8547363872220262,0.059871291094296265,-0.5723675380768356,-0.39675821639904396,-0.25956395732907445,-0.5821005921106697,-0.28418222964426665
690,2026-03-31 17:00:00,17,1,0,0,6.0,hangout,0,0,6,sofia,morning struggler,11.9,walk,0,0,5.1,2.5,11.4,150,3.825711097585717,4.044201390743157,2.7644888850244906,-0.3004731351863126,-0.052189067517367516,-0.8486460942664755,-0.2501068246016511,-0.2050402226771677
690,2026-03-31 17:00:00,17,1,0,0,6.0,hangout,0,0,6,zoe,forgets far-off plans,27.0,transit,0,0,2.9,3.5,38.0,154,6.454624025948341,5.025634070183325,7.772749721699526,-0.3676390649104082,-0.12176481232832703,0.02919677491660355,-0.574987435795304,-2.1767937809910913
68,2026-03-31 19:00:00,19,1,0,0,48.0,study,0,0,5,jake,chronically late,10.4,walk,1,0,13.1,11.0,9.7,172,12.75944380725826,5.089425298085411,9.759841087788075,-0.2175524908149402,-0.45949259609525406,0.0604189580206036,-0.007513813516107248,0.0977783929920264
68,2026-03-31 19:00:00,19,1,0,0,48.0,study,0,0,5,leo,rain hater,26.4,drive,1,0,1.5,3.0,23.5,153,6.13304780939691,5.089839895423938,4.3951565169705455,-2.727263122031827,0.0019583200129495992,-0.1504965574301247,-0.24552810402292025,-0.34355773816081214
68,2026-03-31 19:00:00,19,1,0,0,48.0,study,0,0,5,maya,always early,24.9,transit,0,0,-1.3,-2.0,38.2,162,-0.8507691384148997,1.8523066314002001,-0.3430768966899715,-0.5710867797761678,-0.39721320332341614,-0.258491025228887,-0.5796773349562507,-0.28475640121925694
68,2026-03-31 19:00:00,19,1,0,0,48.0,study,0,0,5,omar,average,12.6,walk,0,0,3.8,5.0,12.2,156,6.103860583134855,2.6367960748669823,4.729674452324245,-0.17037031552774629,-0.13403023136703318,-0.06346257698938995,-0.20652280050776284,-0.18448132993736088
68,2026-03-31 19:00:00,19,1,0,0,48.0,study,0,0,5,sofia,morning struggler,29.0,transit,1,0,2.6,2.0,25.7,151,3.8334714992609724,4.032352063485568,3.295277571217421,-0.2948982968121716,-0.24557701070858906,-0.8418001648264806,-0.24593441913650782,-0.20138610455191275
542,2026-04-01 14:00:00,14,2,0,0,6.0,study,0,0,4,leo,rain hater,9.7,walk,0,0,0.6,2.5,10.1,154,6.103596415762161,5.086727385727594,4.115313261646333,-2.7155103633586197,-0.012322366739493162,-0.1515044284015632,-0.24846797234208307,-0.34876843077145203
542,2026-04-01 14:00:00,14,2,0,0,6.0,study,0,0,4,marcus,party procrastinator,36.3,transit,0,0,2.7,3.5,31.3,171,7.125976307421497,5.506790905392688,9.293136087834712,-0.3898503811038383,-0.033325689716135365,-0.056155583986334356,-2.1873058071620024,-0.2692185037173065
542,2026-04-01 14:00:00,14,2,0,0,6.0,study,0,0,4,maya,always early,10.5,walk,1,0,-3.3,-2.5,11.1,163,-0.8537391065108115,1.846684058350705,-0.47249688757451774,-0.5672742441392207,0.17436519585973032,-0.25682225761927735,-0.5759046124652585,-0.28314495055399225
542,2026-04-01 14:00:00,14,2,0,0,6.0,study,0,0,4,zoe,forgets far-off plans,20.8,transit,0,0,4.2,2.5,17.5,155,6.431698938163647,5.017373354636138,6.937628268046756,-0.3709172342682656,-0.1265544483916301,0.027628841245744162,-0.5758643636188916,-2.165904626140919
628,2026-04-01 14:00:00,14,2,0,0,168.0,party,1,0,6,ethan,improving,18.0,transit,1,1,12.3,10.5,16.2,156,13.264573053926975,3.877818957251647,10.275592301121993,-0.16201063115209458,1.1838199725237502,0.135577375478519,1.74824104515287,-0.539646665318875
628,2026-04-01 14:00:00,14,2,0,0,168.0,party,1,0,6,hana,steady,23.7,transit,0,1,6.4,6.5,36.3,149,5.134391309624955,2.2187150053448885,5.509826088464273,-0.257444322360703,0.010582225576130533,-0.05239160724053882,1.4834823325039448,0.4053912997838225
628,2026-04-01 14:00:00,14,2,0,0,168.0,party,1,0,6,jake,chronically late,6.4,walk,0,1,12.0,13.5,6.1,173,12.760653155518218,5.07471234680219,10.474472330148062,-0.21464391626572876,0.43377297070251153,0.06092328626376187,1.0466063365386074,0.37727294657883803
628,2026-04-01 14:00:00,14,2,0,0,168.0,party,1,0,6,leo,rain hater,23.3,transit,0,1,11.1,5.5,17.8,155,6.068726635514019,5.089175634308235,4.1196361815754345,-2.705960539979232,-0.022777570093459154,-0.15275517683709072,1.2664247468847343,1.1297076194184825
628,2026-04-01 14:00:00,14,2,0,0,168.0,party,1,0,6,omar,average,36.0,drive,0,1,8.2,7.5,34.9,157,6.088865812853352,2.6345880129792207,4.896818803672386,-0.17318573975442675,-0.1372859017617527,-0.06390361909157427,1.0739311029843321,0.5373655500429484
628,2026-04-01 14:00:00,14,2,0,0,168.0,party,1,0,6,sofia,morning struggler,36.2,transit,0,1,4.7,4.5,27.5,152,3.824816953390083,4.020093876813495,3.3928048438257385,-0.2942916684150796,-0.03999571606571983,-0.8360647066320261,0.5326525388415972,0.37604321685814623
152,2026-04-01 17:00:00,17,2,0,0,168.0,food,0,1,6,ethan,improving,29.7,drive,0,1,14.0,10.0,26.6,157,13.258850801971018,3.866555040373607,11.131100229134578,1.2860055482753587,-0.21483170019258324,0.13392210005418015,-0.1964879898668439,-0.5490423349758462
152,2026-04-01 17:00:00,17,2,0,0,168.0,food,0,1,6,hana,steady,35.8,transit,0,1,5.7,6.0,45.6,150,5.142798902705193,2.2139601522058965,5.826513972201484,0.426400975373161,0.01335622241141099,-0.05154723934787331,-0.4592241427561694,0.42072726870338517
152,2026-04-01 17:00:00,17,2,0,0,168.0,food,0,1,6,omar,average,6.4,walk,0,1,5.1,7.0,6.6,158,6.102048036314753,2.631732102619554,5.529156581804215,0.3702831306985903,-0.13180416388270721,-0.06224512120499259,-0.21933803505382432,0.5684989956196729
152,2026-04-01 17:00:00,17,2,0,0,168.0,food,0,1,6,priya,overbooked,13.9,walk,1,1,15.9,17.0,13.8,171,10.514396760905141,6.720582992929313,12.646970503115755,0.6487139003316837,5.353323077140113,0.12530866120851236,-0.4985835355416377,-0.004607713417621895
152,2026-04-01 17:00:00,17,2,0,0,168.0,food,0,1,6,sofia,morning struggler,23.3,transit,0,1,1.6,4.0,18.9,153,3.830593860248765,4.00771746857965,3.3944553886425046,0.4832303722823301,-0.03777208650941022,-0.8302407315738063,-0.25064712311812976,0.38847404669067753
152,2026-04-01 17:00:00,17,2,0,0,168.0,food,0,1,6,zoe,forgets far-off plans,19.0,transit,1,1,14.5,14.0,17.6,156,6.417601428070216,5.0043742782192355,6.7478861223057764,1.1231167037336576,0.35775011626359543,0.02639861890577766,-0.5749448850140997,6.479667038767615
491,2026-04-02 20:00:00,20,3,0,0,24.0,hangout,0,1,4,ethan,improving,19.5,transit,0,0,9.4,9.0,21.5,158,13.263666336584828,3.854542202863378,12.118190381881378,1.2684880947060044,-0.2114114484930294,0.13320594707052358,-0.19412654790628991,0.3401171063562227
491,2026-04-02 20:00:00,20,3,0,0,24.0,hangout,0,1,4,marcus,party procrastinator,8.6,walk,0,0,5.3,5.0,8.9,172,7.101003462504674,5.501062234558983,8.88600098928705,1.4427149301241302,-0.042319121809009985,-0.057778507992699346,-2.178746397834373,-0.27357183707643173
491,2026-04-02 20:00:00,20,3,0,0,24.0,hangout,0,1,4,maya,always early,11.7,walk,0,0,-0.8,-1.0,11.9,164,-0.868179805542443,1.8490076240870896,-0.6909085158692695,0.7129428701573948,-0.38093319468286,-0.2566057229337344,-0.5748608774072965,-0.2855111645907318
491,2026-04-02 20:00:00,20,3,0,0,24.0,hangout,0,1,4,priya,overbooked,22.1,transit,1,0,14.4,16.0,23.9,172,10.545071259114843,6.7130579499167125,12.355734645461384,0.7502086407655426,5.324486724009654,0.1276443280532913,-0.48927419755474943,0.09077039330175829
159,2026-04-04 15:00:00,15,5,1,0,24.0,party,1,0,3,hana,steady,32.0,transit,0,0,5.2,5.0,35.0,151,5.146648159572281,2.2071948567274773,5.999042331306366,-0.25592432654739916,0.014319710494910431,-0.051153289316459905,1.4664803494538239,-0.2152281530324318
159,2026-04-04 15:00:00,15,5,1,0,24.0,party,1,0,3,marcus,party procrastinator,30.5,transit,0,0,20.2,15.0,38.8,173,7.090882656703797,5.486838321621724,8.911680759058227,-0.3842084379379296,-0.04570046802081951,-0.05820963738897955,8.263180850757234,-0.2741859677002658
159,2026-04-04 15:00:00,15,5,1,0,24.0,party,1,0,3,maya,always early,25.6,drive,0,0,-1.7,-1.0,23.3,165,-0.867781688863084,1.8435546771296407,-0.5050804825323097,-0.5684597833581304,-0.37769337923623425,-0.25496148891388737,1.4974745011280697,-0.2832549413183745
216,2026-04-04 15:00:00,15,5,1,0,168.0,food,0,1,4,hana,steady,13.7,walk,0,1,4.2,5.0,13.9,152,5.14703413761727,2.1999432401076375,5.284866896462077,0.42546957299330135,0.014280868213969455,-0.050824938368367434,-0.45535311661659517,0.4205343415644318
216,2026-04-04 15:00:00,15,5,1,0,168.0,food,0,1,4,jake,chronically late,37.0,transit,1,1,14.5,12.0,49.7,174,12.756895863720173,5.060591154982924,11.273398818205763,1.2579841214668033,-0.4433703582270514,0.059678417938163975,-0.002802448761457299,0.3505904341377448
216,2026-04-04 15:00:00,15,5,1,0,168.0,food,0,1,4,leo,rain hater,17.0,drive,0,1,11.5,12.0,19.0,156,6.100523972707524,5.088914387017706,5.3287211350592925,6.459947274449508,-0.013201592838178122,-0.14985760995727926,-0.28277489566115754,1.207654942523222
216,2026-04-04 15:00:00,15,5,1,0,168.0,food,0,1,4,zoe,forgets far-off plans,34.4,drive,0,1,16.0,13.0,27.1,157,6.467804688925378,5.029904970668525,8.40508705397868,1.2531708971902944,-0.17757970098253395,0.03048958195453544,-0.5576605719206293,6.473600631184786
461,2026-04-04 15:00:00,15,5,1,0,168.0,study,0,1,3,hana,steady,38.3,transit,0,1,3.6,4.5,35.5,153,5.14138494075203,2.1938942219209396,5.054681411643437,0.40131558485988705,0.011614426506459274,-0.05133877606029458,-0.45373436165311265,0.39128817684197337
461,2026-04-04 15:00:00,15,5,1,0,168.0,study,0,1,3,jake,chronically late,10.4,walk,0,1,13.2,11.5,10.1,175,12.766882336882334,5.047518654886633,11.847680667680667,1.2593817415094026,0.418311406644742,0.05994850148696429,-0.0012771337771315672,0.3775897575897602
461,2026-04-04 15:00:00,15,5,1,0,168.0,study,0,1,3,maya,always early,10.7,walk,0,1,-1.4,-1.5,10.7,166,-0.8722875986033881,1.8385609278407102,-1.620653599600968,0.7028953008796235,-0.37700390534074757,-0.25418096035945015,-0.5664893739515223,-0.043845035372635066
262,2026-04-05 19:00:00,19,6,1,0,48.0,food,0,0,6,hana,steady,39.2,drive,0,0,4.4,4.5,43.0,154,5.1315753348063655,2.1899728752042904,5.051878667087534,-0.23883501865091894,0.00807363747723322,-0.05172184689886894,-0.4526685911599655,-0.19858446753781234
262,2026-04-05 19:00:00,19,6,1,0,48.0,food,0,0,6,jake,chronically late,32.0,transit,0,0,12.9,11.5,29.3,176,12.769173912896198,5.033200208499855,12.34833540368463,-0.22681253924053735,0.4162266348556223,0.059919437483101134,-0.0007288838230703476,0.09004437179202718
262,2026-04-05 19:00:00,19,6,1,0,48.0,food,0,0,6,leo,rain hater,24.2,drive,0,0,3.4,3.5,24.4,157,6.134077026137112,5.091055589172954,5.681164864610603,-2.702972067402488,-0.0028141510923438418,-0.14652615432623683,-0.27513065197735376,-0.41802752900001483
262,2026-04-05 19:00:00,19,6,1,0,48.0,food,0,0,6,omar,average,20.9,transit,0,0,3.6,5.5,29.7,159,6.0964663306964155,2.624564247003691,5.170418951627547,-0.16220767746855902,-0.13340767746855864,-0.06302993823929626,-0.2193468020517111,-0.1935477684560949
262,2026-04-05 19:00:00,19,6,1,0,48.0,food,0,0,6,sofia,morning struggler,30.0,transit,0,0,2.3,2.5,34.1,154,3.8171099260013337,3.998323828684778,3.304888550286095,-0.2773900103102225,-0.043281777850016745,-0.8264771469946672,-0.2525569212644414,-0.1933371675684481
262,2026-04-05 19:00:00,19,6,1,0,48.0,food,0,0,6,zoe,forgets far-off plans,26.6,drive,1,0,3.7,3.5,26.5,158,6.526506001436885,5.070871698760561,7.750430286124825,-0.4766435604354333,0.46645531454165123,0.03539354406431183,-0.5382914901046716,-2.257445761379409
192,2026-04-06 13:00:00,13,0,0,0,6.0,hangout,0,0,5,hana,steady,30.0,drive,1,0,3.1,4.0,23.8,155,5.126765424557117,2.1835498882471405,4.764790121302034,-0.2384421158153609,-0.24417844449380866,-0.05154287769668553,-0.45017132438318086,-0.19826681872820107
192,2026-04-06 13:00:00,13,0,0,0,6.0,hangout,0,0,5,jake,chronically late,16.1,drive,0,0,7.1,11.0,15.5,177,12.769683889720541,5.01896247839522,13.034195397063012,-0.22473123181692323,0.4135068872216685,0.05983903103152066,-0.00039009574204307285,0.0898291677529457
192,2026-04-06 13:00:00,13,0,0,0,6.0,hangout,0,0,5,leo,rain hater,6.1,walk,0,0,3.0,3.0,6.0,158,6.117070355393489,5.079442633000712,5.762020101540997,-2.6869413488643508,-0.007809794635931233,-0.14665143374626233,-0.27591404926084895,-0.4194907263398946
192,2026-04-06 13:00:00,13,0,0,0,6.0,hangout,0,0,5,marcus,party procrastinator,21.3,transit,0,0,3.0,4.0,20.1,174,7.164147865525915,5.56007581992062,9.646899390150262,-0.36122606463959794,-0.018809055691622056,-0.052330676475448534,-2.237108283956055,-0.2545482754743631
192,2026-04-06 13:00:00,13,0,0,0,6.0,hangout,0,0,5,zoe,forgets far-off plans,13.2,walk,1,0,5.1,3.0,13.9,159,6.509039438592309,5.059770981574321,7.759725553883517,-0.4782175855222972,0.39724766891952523,0.03383280136228084,-0.5385528923761784,-2.2451886672195984
170,2026-04-06 17:00:00,17,0,0,0,168.0,party,1,0,3,marcus,party procrastinator,6.8,walk,0,1,15.8,15.0,6.8,175,7.140772093652728,5.553050891544362,7.254506312472208,-0.36488340076815096,-0.026773119621378072,-0.05354034674421726,8.343942277328395,1.0732240304657061
170,2026-04-06 17:00:00,17,0,0,0,168.0,party,1,0,3,omar,average,32.1,drive,0,1,6.6,6.0,32.0,160,6.080842283984793,2.623546919248825,5.223097795424226,-0.16572949493777678,-0.1371580663663483,-0.06382129431208661,1.1234998585120382,0.5455843323289953
170,2026-04-06 17:00:00,17,0,0,0,168.0,party,1,0,3,sofia,morning struggler,22.9,drive,1,1,1.7,3.0,36.0,155,3.8071186053593182,3.9870030263537557,3.416319601531233,-0.2777993067561195,-0.24410542698606053,-0.8213581249198669,0.5585456858276681,0.32073449553390176
424,2026-04-06 22:00:00,22,0,0,0,48.0,study,0,0,2,maya,always early,27.9,drive,0,0,-3.5,-3.0,26.0,167,-0.8758871138757335,1.8331814804925766,-1.4645391753930668,-0.5627131618558842,-0.3747433271510815,-0.25238100692290033,-0.5627485022424888,-0.2795161125641087
424,2026-04-06 22:00:00,22,0,0,0,48.0,study,0,0,2,sofia,morning struggler,24.5,transit,0,0,0.6,1.0,15.0,156,3.7940833317600857,3.9774096542257174,2.9268809519314525,-0.2799199984896825,-0.03349652627008126,-0.8171525039247887,-0.23982649102276898,-0.18096913428749017
497,2026-04-07 20:00:00,20,1,0,0,48.0,food,0,1,2,omar,average,11.8,walk,0,0,9.2,5.5,12.1,161,6.0837075076261335,2.615745133474327,5.638202145036039,0.35535016369501804,-0.1347426451211673,-0.06280791322268708,-0.22262163407729307,-0.1987185868827197
497,2026-04-07 20:00:00,20,1,0,0,48.0,food,0,1,2,priya,overbooked,27.3,drive,0,0,1.7,3.5,26.2,173,10.566266552055831,6.699678859154176,12.290361872015952,0.8135053626883586,-6.447361209336335,0.12968091921858793,-0.4811919944224172,0.09645103655721776
250,2026-04-07 21:00:00,21,1,0,0,24.0,party,1,0,5,ethan,improving,34.9,drive,0,0,19.9,9.8,26.8,159,13.239545400760255,3.8557723916903472,12.382727257360072,-0.14428770781693778,-0.21873100906191034,0.13076251539330386,1.689799511116254,0.3329018963687371
250,2026-04-07 21:00:00,21,1,0,0,24.0,party,1,0,5,hana,steady,22.2,transit,0,0,5.4,6.0,16.7,156,5.113574197047712,2.1821684110899815,4.389592627727917,-0.24096512090162303,0.019218125144341514,-0.051692687340270105,1.4531278907534224,-0.20023122916580505
250,2026-04-07 21:00:00,21,1,0,0,24.0,party,1,0,5,marcus,party procrastinator,21.4,drive,0,0,14.6,16.0,19.7,176,7.1883173796943725,5.575364569482844,8.768090679912678,-0.348991442033606,-0.009181708902606722,-0.04934866929858206,8.310222292767428,-0.3041456555435538
250,2026-04-07 21:00:00,21,1,0,0,24.0,party,1,0,5,sofia,morning struggler,30.9,transit,0,0,3.6,4.0,23.6,157,3.773984232868406,3.972325254265629,2.6354240665338304,-0.2837467633101358,-0.04034852076640494,-0.813140588944107,0.5032008035172826,-0.18376422430706763
250,2026-04-07 21:00:00,21,1,0,0,24.0,party,1,0,5,zoe,forgets far-off plans,21.5,drive,0,0,7.4,5.0,19.8,160,6.499911792270797,5.045123728661172,8.07140336922023,-0.4766593972215416,-0.13376133872192053,0.033418713891727236,1.9829327494821758,-2.2298365248585608
677,2026-04-08 21:00:00,21,2,0,0,168.0,study,0,0,4,jake,chronically late,30.0,transit,1,1,9.5,10.5,28.3,178,12.73842646738161,5.023773805073217,12.168121847823317,-0.2334826649751225,-0.38940727523062435,0.05687662760041334,-0.005771547023696755,0.40387684104109134
677,2026-04-08 21:00:00,21,2,0,0,168.0,study,0,0,4,leo,rain hater,11.5,walk,1,1,2.8,2.5,11.4,159,6.097756362992892,5.069316133510425,5.9707875322836825,-2.6720165145348553,-0.08303681761878057,-0.14687240238802346,-0.27700093372230494,1.320369474243014
677,2026-04-08 21:00:00,21,2,0,0,168.0,study,0,0,4,omar,average,38.1,drive,0,1,3.3,4.5,34.3,162,6.102587087010984,2.619289064221611,6.415024882003139,-0.18122539067196897,-0.1274860289246167,-0.060568148720307136,-0.21814534935754892,0.5259497190160642
677,2026-04-08 21:00:00,21,2,0,0,168.0,study,0,0,4,sofia,morning struggler,32.3,drive,0,1,2.0,1.5,31.6,158,3.7732027210480634,3.9597383398296255,2.4780579202994466,-0.28213174777845484,-0.0406944128083877,-0.8082606977884486,-0.24160262026850576,0.2708622339596891
41,2026-04-09 16:00:00,16,3,0,0,6.0,hangout,0,1,2,maya,always early,32.7,drive,0,0,-1.8,-1.5,26.5,168,-0.8913329661058313,1.8369019650936953,-1.7832379903159516,0.6943191154698073,-0.3776171506699888,-0.2519594561673537,-0.5617526070734198,-0.28187780470688306
41,2026-04-09 16:00:00,16,3,0,0,6.0,hangout,0,1,2,priya,overbooked,37.7,transit,0,0,4.0,3.5,36.3,174,10.516756407059727,6.7146953052744,12.161930402017065,0.6084687733325449,-6.430368821263402,0.1235073401408684,-0.48810423689437776,0.08244208973543721
621,2026-04-09 17:00:00,17,3,0,0,6.0,hangout,0,0,4,hana,steady,31.0,transit,0,0,5.1,3.5,27.8,157,5.115205265506471,2.1753859306848984,4.418630075858992,-0.23809580056922464,0.019844130620843003,-0.05107522441859835,-0.45099294484334607,-0.19793521528796099
621,2026-04-09 17:00:00,17,3,0,0,6.0,hangout,0,0,4,marcus,party procrastinator,26.8,drive,1,0,2.2,3.5,23.6,177,7.2289189725936716,5.587258478710785,10.479691135026764,-0.3354183272673561,-0.0014782611045216498,-0.045904059588105284,-2.3128601036692302,-0.2919550068405483
621,2026-04-09 17:00:00,17,3,0,0,6.0,hangout,0,0,4,omar,average,26.2,transit,0,0,3.2,4.5,28.9,163,6.0854955536431445,2.6201953388986525,5.710141586755184,-0.1852808835789599,-0.13179417559496098,-0.06160146538535116,-0.21909367683087577,-0.17551451779189975
621,2026-04-09 17:00:00,17,3,0,0,6.0,hangout,0,0,4,sofia,morning struggler,7.7,walk,0,0,4.1,1.5,8.2,159,3.7619710549515135,3.949467906514851,2.5319917299861467,-0.2829878106174699,-0.0440047519047031,-0.8035745467799909,-0.24204564851947286,-0.17211809674160428
594,2026-04-10 15:00:00,15,4,0,0,2.0,food,0,0,6,ethan,improving,21.1,transit,1,0,6.7,8.2,23.0,160,13.279526515151513,3.8773496404599626,13.808436147186146,-0.1295450106534055,1.126547619047619,0.13391984751359942,-0.23658108866441907,0.33988091345105786
594,2026-04-10 15:00:00,15,4,0,0,2.0,food,0,0,6,hana,steady,5.5,walk,0,0,3.7,4.5,5.5,158,5.114858128834356,2.1684941799535062,4.547102322524102,-0.2359057067995911,0.019892201606064752,-0.05050786661389228,-0.44738225932930487,-0.19616292691174486
594,2026-04-10 15:00:00,15,4,0,0,2.0,food,0,0,6,jake,chronically late,15.8,transit,0,0,19.2,11.5,25.0,179,12.720227581521739,5.016114041880032,11.805779309006212,-0.2372407878507552,0.4138897665992598,0.05550153933148927,-0.008345469599184696,0.09869902596210345
594,2026-04-10 15:00:00,15,4,0,0,2.0,food,0,0,6,leo,rain hater,25.1,drive,0,0,2.8,3.5,23.6,160,6.077102272727273,5.060000578989592,6.279172077922078,-2.657387302779865,0.006506342494714268,-0.1468142261219798,-0.2778918495297802,-0.4016403539208886
594,2026-04-10 15:00:00,15,4,0,0,2.0,food,0,0,6,priya,overbooked,23.1,drive,0,0,2.6,3.5,24.9,175,10.480121527777778,6.714023095167978,10.508606150793652,-0.010462164750956404,-6.396981676706827,0.11928330838323475,-0.4918058937590182,0.07262236015981927
594,2026-04-10 15:00:00,15,4,0,0,2.0,food,0,0,6,sofia,morning struggler,30.8,drive,1,0,3.2,2.5,31.0,160,3.7637689393939397,3.937261103863954,2.789648268398268,-0.2799019262391358,-0.2459679677206852,-0.7980438139355344,-0.23954379562043826,-0.17015412274923225
421,2026-04-10 20:00:00,20,4,0,0,48.0,food,0,0,6,hana,steady,39.1,transit,0,0,4.9,4.5,33.8,159,5.106152329487367,2.1643071195057355,4.558900665567819,-0.23730305967383902,0.016676393475833606,-0.050826934311488436,-0.44622127241694276,-0.19731825411676684
421,2026-04-10 20:00:00,20,4,0,0,48.0,food,0,0,6,jake,chronically late,18.7,drive,0,0,7.6,11.5,22.8,180,12.755183686680693,5.024186286306089,12.487195339051627,-0.2236631343327815,0.42693876280702625,0.05847101695955814,-0.0019171125601733507,0.1077419403891291
421,2026-04-10 20:00:00,20,4,0,0,48.0,food,0,0,6,leo,rain hater,14.2,walk,0,0,5.8,3.5,13.2,161,6.05728302431282,5.050702915265754,5.087795149803663,-2.6434599495459015,0.00030478431459535216,-0.14730557071807748,-0.2792938796445723,-0.4043556370282442
421,2026-04-10 20:00:00,20,4,0,0,48.0,food,0,0,6,omar,average,27.1,drive,0,0,8.7,5.5,33.4,164,6.068100485419692,2.6216303689108647,5.433742995834197,-0.18949193947319198,-0.13625046674970331,-0.06274696677575253,-0.22017765033849468,-0.17899225835179333
421,2026-04-10 20:00:00,20,4,0,0,48.0,food,0,0,6,sofia,morning struggler,22.4,drive,0,0,1.0,2.5,26.2,161,3.760295072505591,3.9251809197645606,3.002941449287312,-0.27874526202460626,-0.03931543248520297,-0.7931971271731353,-0.23854525103799684,-0.16963697637229647
421,2026-04-10 20:00:00,20,4,0,0,48.0,food,0,0,6,zoe,forgets far-off plans,14.4,walk,1,0,5.0,3.5,13.5,161,6.504873385758604,5.029949191978587,8.529963824502458,-0.4708397939986577,0.3557357874612199,0.034135320794216994,-0.5409891862860636,-2.2101517691274077
365,2026-04-11 19:00:00,19,5,1,0,24.0,food,0,0,5,ethan,improving,23.5,drive,1,0,7.1,7.7,20.4,161,13.239642579866,3.9017472758148415,12.682755022818858,-0.14120682095646409,1.0083216781205984,0.12977278891954214,-0.24480277913563242,0.3289160837006406
365,2026-04-11 19:00:00,19,5,1,0,24.0,food,0,0,5,hana,steady,12.1,walk,0,0,3.5,4.0,12.1,160,5.104731322774282,2.1575629155079117,4.629923235078366,-0.2356849570868116,0.01625793013668808,-0.05044051631650248,-0.44307460711597635,-0.1960208063876827
365,2026-04-11 19:00:00,19,5,1,0,24.0,food,0,0,5,leo,rain hater,12.2,walk,0,0,6.5,3.0,12.3,162,6.055572863818902,5.035121163419555,4.273020818233972,-2.622419495370979,-1.6647642609335378e-05,-0.14633621182456125,-0.27749215416519757,-0.40160395916405633
365,2026-04-11 19:00:00,19,5,1,0,24.0,food,0,0,5,marcus,party procrastinator,20.4,transit,0,0,7.7,4.0,14.3,178,7.200987258239107,5.584225578014216,10.02885350235403,-0.3401430941094068,0.03238184532028132,-0.047244765146561285,-2.304355038571109,-0.2963188059795332
365,2026-04-11 19:00:00,19,5,1,0,24.0,food,0,0,5,omar,average,24.4,transit,0,0,5.5,5.0,19.4,165,6.083415695633861,2.621832191503499,6.166690198752532,-0.18251509195563553,-0.12985021106768269,-0.06052279387329573,-0.21596850577939897,-0.1729188180177923
568,2026-04-11 20:00:00,20,5,1,0,96.0,hangout,0,0,4,jake,chronically late,23.6,drive,0,1,8.2,10.5,23.2,181,12.72723417320719,5.025740524992061,11.679209763773484,-0.23117703428386172,0.4112098792052965,0.05582966031301417,-0.0066405258859809635,0.3248675552327107
568,2026-04-11 20:00:00,20,5,1,0,96.0,hangout,0,0,4,marcus,party procrastinator,16.4,transit,0,1,6.7,3.5,14.3,179,7.203617153350749,5.5687278060598775,8.243890615243071,-0.33705281934569076,0.033203607561148374,-0.04669621149419356,-2.2879544116834944,1.2238986781831356
568,2026-04-11 20:00:00,20,5,1,0,96.0,hangout,0,0,4,omar,average,17.6,drive,0,1,6.2,4.5,18.6,166,6.079915533430045,2.6142738400640764,6.008547295265727,-0.18220883368080631,-0.12991873292133072,-0.06042133426557772,-0.2150176680846787,0.4625739082487108
568,2026-04-11 20:00:00,20,5,1,0,96.0,hangout,0,0,4,zoe,forgets far-off plans,26.4,transit,0,1,9.2,11.5,54.0,162,6.49560213303316,5.015752962195983,7.170172038009474,-0.4698157920776964,-0.12172418902426063,0.03337261801219249,-0.5391461722598834,6.520165556854418
282,2026-04-12 17:00:00,17,6,1,0,48.0,hangout,0,1,2,hana,steady,16.2,drive,0,0,3.2,4.5,18.4,161,5.095009116585034,2.1542661444308258,4.684288319024296,0.4023876663925723,0.012729340422307445,-0.05086325846525419,-0.44225142847529053,-0.1975087659471484
282,2026-04-12 17:00:00,17,6,1,0,48.0,hangout,0,1,2,zoe,forgets far-off plans,24.1,transit,1,0,2.5,3.5,20.6,163,6.51173519853045,5.004859620418047,6.203352913865843,1.4165251915342392,0.30433006958301867,0.03454578255541385,-0.5310149358103606,-2.21128034587423
630,2026-04-13 19:00:00,19,0,0,0,96.0,study,0,0,3,maya,always early,24.9,drive,0,1,-3.3,-3.0,26.0,169,-0.8974340630514619,1.8321818045462062,-1.5706954465861322,-0.5578518624505175,-0.3759032050364861,-0.25004868277327774,-0.5581845296683858,-0.03321284921656953
630,2026-04-13 19:00:00,19,0,0,0,96.0,study,0,0,3,omar,average,24.5,drive,0,1,5.9,4.0,26.0,167,6.08050275016887,2.606460611208465,5.580143642905392,-0.18048370660186652,-0.12860415053846097,-0.059862039226093344,-0.21338094917647332,0.4537049022907471
630,2026-04-13 19:00:00,19,0,0,0,96.0,study,0,0,3,priya,overbooked,14.7,walk,1,1,12.0,14.0,14.9,176,10.436168359276495,6.721717608119652,8.496048102650429,-0.02191601820538125,5.413643815197844,0.11431284189244906,-0.4969371218804781,0.2018019431948499
471,2026-04-13 20:00:00,20,0,0,0,168.0,food,0,0,3,jake,chronically late,21.8,drive,0,1,10.4,10.0,22.2,182,12.702817770464828,5.023857494506156,11.000805077275663,-0.2374421534347988,0.39728896326490215,0.05351227983246787,-0.01070679591069279,0.23085101173336575
471,2026-04-13 20:00:00,20,0,0,0,168.0,food,0,0,3,marcus,party procrastinator,7.9,walk,0,1,3.6,3.0,7.6,180,7.200686070686071,5.553365568356046,8.771624591624592,-0.3353298683298682,0.032195574695574436,-0.046429402022622135,-2.273146269656338,1.1809831491410439
471,2026-04-13 20:00:00,20,0,0,0,168.0,food,0,0,3,omar,average,16.5,transit,0,1,2.3,4.0,17.4,168,6.079346376167186,2.5987176324743966,5.9512418217620535,-0.1793709484917292,-0.12787822780274016,-0.05949089864646684,-0.212047474985253,0.4396234305193829
185,2026-04-14 18:00:00,18,1,0,0,24.0,study,0,0,3,omar,average,37.3,transit,0,0,4.4,4.0,35.1,169,6.057542891283242,2.60693123672694,5.816440826080926,-0.18524651474282194,-0.1339301916060851,-0.06132243167573481,-0.21411617403378624,-0.15101557910371088
185,2026-04-14 18:00:00,18,1,0,0,24.0,study,0,0,3,priya,overbooked,7.3,walk,0,0,2.0,2.0,7.3,177,10.444573972985076,6.703606078112668,7.941306849424308,-0.01924832764544604,-6.381206474593107,0.11473294929258948,-0.49186326872273334,0.05286051589196816
185,2026-04-14 18:00:00,18,1,0,0,24.0,study,0,0,3,zoe,forgets far-off plans,24.9,transit,1,0,2.9,2.0,22.3,164,6.487647710551975,4.99925823617436,6.02504220301485,-0.43811560030379404,0.22278654070421133,0.032591280402773926,-0.5330227935029912,-2.2019689524538215
390,2026-04-14 21:00:00,21,1,0,0,6.0,food,0,0,6,ethan,improving,37.7,transit,1,0,8.5,8.1,40.0,162,13.202259984747487,3.9211672864440796,11.929217138499283,-0.15140383148796666,0.9018831510120684,0.1262925464154101,-0.2518125400486717,0.31909675230029677
390,2026-04-14 21:00:00,21,1,0,0,6.0,food,0,0,6,jake,chronically late,10.8,walk,0,0,13.2,11.5,9.8,183,12.69030541198314,5.013387255957376,11.468658689138039,-0.23960522536303053,0.3890293779410374,0.05235858270565075,-0.012552198203165332,0.13537143508296445
390,2026-04-14 21:00:00,21,1,0,0,6.0,food,0,0,6,marcus,party procrastinator,16.2,drive,0,0,4.1,4.5,16.8,181,7.181061384155002,5.544444576640774,7.023160395472857,-0.33797988136841184,0.025359232304396073,-0.0473237048248043,-2.2630260046831685,-0.2718159438867449
390,2026-04-14 21:00:00,21,1,0,0,6.0,food,0,0,6,priya,overbooked,14.3,walk,0,0,4.7,3.5,14.6,178,10.398237253840602,6.715155167651802,6.15663921538303,-0.03140491418382396,-6.36187035655586,0.10935795950765126,-0.49765644957816235,0.04021670743779637
390,2026-04-14 21:00:00,21,1,0,0,6.0,food,0,0,6,sofia,morning struggler,29.9,drive,1,0,1.8,2.5,32.3,162,3.742978547621737,3.918578029373769,3.0551367278919246,-0.28103280152930443,-0.23415104255559527,-0.7887968322877201,-0.23999370777922868,-0.17144359949238996
390,2026-04-14 21:00:00,21,1,0,0,6.0,food,0,0,6,zoe,forgets far-off plans,10.5,walk,0,0,2.0,3.5,10.8,165,6.4663377497225305,4.991782411494899,5.704667928492151,-0.44128745837957783,-0.07215828950576775,0.030753484740902337,-0.5344550968548134,-2.192050049351441
519,2026-04-15 15:00:00,15,2,0,0,48.0,food,0,1,2,jake,chronically late,13.9,walk,1,0,11.8,11.5,14.0,184,12.692877349399087,4.999813766616779,11.997964956971165,1.308464041163317,-0.3951375702824951,0.052428194123358196,-0.01188106608396211,0.13536362243532096
519,2026-04-15 15:00:00,15,2,0,0,48.0,food,0,1,2,zoe,forgets far-off plans,32.2,transit,0,0,1.9,3.5,29.0,166,6.440080813078525,4.988614704801012,4.925737375165292,1.3504049980022508,-0.07992739905301693,0.028440199670812127,-0.5372207840400076,-2.18401714591646
333,2026-04-15 19:00:00,19,2,0,0,48.0,party,1,1,2,marcus,party procrastinator,6.7,walk,0,0,15.8,16.5,6.8,182,7.164452624839949,5.533890954866223,5.518415035668558,1.306103953265044,0.019506974626246176,-0.04812713252598311,8.309261109896632,-0.27411103579289176
333,2026-04-15 19:00:00,19,2,0,0,48.0,party,1,1,2,omar,average,26.0,transit,1,0,7.1,7.5,33.6,170,6.0477293762575455,2.6022314751995124,5.1993512503593,0.4486849988821815,0.3054216892262662,-0.06160270827418479,1.125816498993963,-0.15255677128464207
665,2026-04-15 20:00:00,20,2,0,0,2.0,party,1,0,2,leo,rain hater,9.4,walk,0,0,3.1,4.0,10.0,163,6.057609696868196,5.01978980995805,4.716459913390913,-2.5996415639299624,0.0013906704374164747,-0.1446404516238422,1.4259122425054418,-0.3972511260895324
665,2026-04-15 20:00:00,20,2,0,0,2.0,party,1,0,2,marcus,party procrastinator,5.4,walk,0,0,19.6,15.0,5.4,183,7.210523558903496,5.555320476378486,7.474435302543857,-0.38451949446588074,0.035298943156067075,-0.04467568226728602,8.27644353144216,-0.26083123556247223
339,2026-04-16 11:00:00,11,3,0,0,48.0,hangout,0,0,2,hana,steady,20.7,drive,0,0,1.6,3.0,17.8,162,5.08325491873396,2.1524031932174883,4.366644262495417,-0.2262120358585964,0.008999211924856532,-0.05107709110081693,-0.4415302866633777,-0.19916121954564137
339,2026-04-16 11:00:00,11,3,0,0,48.0,hangout,0,0,2,maya,always early,25.9,drive,0,0,-3.0,-3.0,33.1,170,-0.911408163265306,1.8342847903315131,-1.9318309037900874,-0.5584929116684844,-0.3781813004271478,-0.24954359925788505,-0.5569721088435374,-0.267110382839267
69,2026-04-16 19:00:00,19,3,0,0,24.0,food,0,0,4,leo,rain hater,21.5,transit,0,0,3.1,2.5,15.4,164,6.039989272985224,5.009646962202152,4.725711220852921,-2.5855897020658154,-0.0038994506925478234,-0.14492787567086562,-0.25755720295193907,-0.3992489295413275
69,2026-04-16 19:00:00,19,3,0,0,24.0,food,0,0,4,marcus,party procrastinator,23.0,transit,0,0,5.3,3.5,31.2,184,7.2759692440979,5.614534135702096,9.193134069742257,-0.36433626226463467,0.057918576877722394,-0.03961650254823379,-2.3602086731012797,-0.2425508813850632
69,2026-04-16 19:00:00,19,3,0,0,24.0,food,0,0,4,maya,always early,13.3,walk,0,0,-2.9,-2.5,13.3,171,-0.9235330276448699,1.8343693501472056,-2.1210094364699628,-0.558418980978042,-0.3796797811107022,-0.24886254547696351,-0.5553919070453575,-0.2686239661103791
69,2026-04-16 19:00:00,19,3,0,0,24.0,food,0,0,4,sofia,morning struggler,23.5,drive,0,0,5.7,1.5,26.5,163,3.7312987329434697,3.9091827165130497,2.7946567808409917,-0.28238590215015646,-0.033246783625730636,-0.7846956475389866,-0.24089520676691745,-0.1727420402858999
694,2026-04-16 20:00:00,20,3,0,0,2.0,study,0,1,3,jake,chronically late,16.9,transit,0,0,7.4,11.5,17.1,185,12.687939875944235,4.986872467299843,10.939411393126923,1.2679723562949743,0.3922071343521907,0.051946712769291636,-0.012399518235071127,0.13337393576445677
694,2026-04-16 20:00:00,20,3,0,0,2.0,study,0,1,3,priya,overbooked,38.8,transit,1,0,17.2,15.5,49.6,179,10.366894437116333,6.710273284138982,6.57625555346181,0.5614673675232087,5.442178108374751,0.10582177449525787,-0.5002205625240439,0.0319946379546856
694,2026-04-16 20:00:00,20,3,0,0,2.0,study,0,1,3,sofia,morning struggler,13.0,walk,0,0,1.1,2.5,13.3,164,3.7426542983988456,3.900578205357439,3.3264726566853846,0.49425476238150035,-0.028263254811589533,-0.7785967114920491,-0.2361771956187444,-0.1686171752157879
559,2026-04-17 14:00:00,14,4,0,0,24.0,hangout,0,0,5,jake,chronically late,21.1,transit,0,0,7.1,11.0,19.0,186,12.660324076756304,4.98933609603058,10.902949736216087,-0.20551845768930654,0.3767249631235572,0.04912936982026039,-0.017200601404319116,0.1246538342488055
559,2026-04-17 14:00:00,14,4,0,0,24.0,hangout,0,0,5,maya,always early,7.9,walk,0,0,-2.7,-2.0,8.6,172,-0.9349045273420663,1.8338248005561129,-2.3385441506691618,-0.5581369962422219,-0.3809315233198448,-0.24817644653045068,-0.5537436478994492,-0.2699481534975764
559,2026-04-17 14:00:00,14,4,0,0,24.0,hangout,0,0,5,priya,overbooked,6.2,walk,1,0,13.6,15.0,6.1,180,10.403902154921376,6.710335565011763,8.472543472834678,-0.07491214972266924,5.420323910219077,0.10900197748913065,-0.48994296765969736,0.04156125024267254
559,2026-04-17 14:00:00,14,4,0,0,24.0,hangout,0,0,5,sofia,morning struggler,23.5,drive,0,0,-0.1,2.0,24.6,165,3.727187639179143,3.8937421952189237,2.8934821826226123,-0.26150389334534063,-0.033991275431932255,-0.7751139466118855,-0.23820215892635677,-0.17099226717987248
559,2026-04-17 14:00:00,14,4,0,0,24.0,hangout,0,0,5,zoe,forgets far-off plans,38.8,transit,1,0,12.4,3.0,28.4,167,6.413499410816596,4.985875348644323,4.475285545947599,-0.4204583880249313,0.19969819509231002,0.02617848522072208,-0.5399710629152974,-2.1761498089061977
407,2026-04-17 20:00:00,20,4,0,0,96.0,food,0,0,6,ethan,improving,34.2,drive,1,1,11.3,8.0,35.6,163,13.173854806150102,3.927740082815338,11.135387087471457,-0.15882217996116488,0.8197850790566381,0.12343622548984001,-0.2566861537533569,-0.4361362890291165
407,2026-04-17 20:00:00,20,4,0,0,96.0,food,0,0,6,jake,chronically late,36.5,transit,0,1,14.0,11.5,40.2,187,12.631289622048007,4.993381017402749,10.737511320585146,-0.21389881857698434,0.36103720229199254,0.046370312262711266,-0.02202504996324528,0.23513940377152664
407,2026-04-17 20:00:00,20,4,0,0,96.0,food,0,0,6,leo,rain hater,9.5,walk,1,1,1.2,3.5,9.5,165,6.022397690783631,4.99954429511944,4.763542197366752,-2.571508893530312,-0.09527602117587097,-0.14502352848965394,-0.25855884209961655,1.267653295214271
407,2026-04-17 20:00:00,20,4,0,0,96.0,food,0,0,6,marcus,party procrastinator,13.9,walk,0,1,6.2,4.5,13.4,185,7.265303197016931,5.601224847787415,8.990086627719123,-0.3644816646462514,0.05419001667330736,-0.039882779516466904,-2.3473655918519007,1.0020433667031883
407,2026-04-17 20:00:00,20,4,0,0,96.0,food,0,0,6,maya,always early,32.9,drive,0,1,-1.7,-1.5,32.3,173,-0.9449010818358586,1.8322071005849732,-2.2271145948102453,-0.5575206003221961,-0.3817997167185302,-0.2475066884568754,-0.5519911103809997,-0.04636648581947389
407,2026-04-17 20:00:00,20,4,0,0,96.0,food,0,0,6,sofia,morning struggler,11.9,walk,0,1,5.7,2.5,12.2,166,3.70472285048665,3.892692449601608,2.415635100139043,-0.2664869232296856,-0.04203836413951523,-0.7720626403490223,-0.2416206529171867,0.2647650949018896
283,2026-04-18 22:00:00,22,5,1,0,6.0,food,0,0,3,hana,steady,26.4,drive,0,0,4.7,3.0,25.7,163,5.061854469797178,2.162365999396252,3.8605298485134796,-0.23194098311180777,0.0022804704292740396,-0.051796517616016224,-0.44294669915235385,-0.20345089139576977
283,2026-04-18 22:00:00,22,5,1,0,6.0,food,0,0,3,leo,rain hater,9.6,walk,0,0,2.7,2.0,9.9,166,5.99410263699372,4.9982336842387305,4.526886467712491,-2.5620513520727077,0.018363879312015996,-0.14611170293903353,-0.2616325490939291,-0.37373121651600894
283,2026-04-18 22:00:00,22,5,1,0,6.0,food,0,0,3,maya,always early,9.1,walk,0,0,-1.8,-3.0,9.6,174,-0.9492092127043246,1.8273643507356552,-2.214059775058378,-0.5548355729513912,-0.3804603065702741,-0.2463295213993537,-0.5491417357601016,-0.2668339734636871
93,2026-04-19 18:00:00,18,6,1,0,48.0,food,0,0,2,ethan,improving,20.3,transit,0,0,8.5,6.4,13.4,164,13.162406721838797,3.919035734924107,11.403544777668229,-0.1608004066176303,-0.08792710523388614,0.12204348821866517,-0.2572841778877617,0.32218506414144166
93,2026-04-19 18:00:00,18,6,1,0,48.0,food,0,0,2,jake,chronically late,23.9,transit,0,0,7.0,10.0,21.4,188,12.638065989589414,4.9808726493938185,11.253733139882689,-0.2097529494005812,0.3618634260890303,0.047045713421285384,-0.02037172954238997,0.109273815267386
369,2026-04-19 18:00:00,18,6,1,0,48.0,food,0,1,2,ethan,improving,36.0,drive,0,0,7.8,7.9,32.7,165,13.135005261192761,3.9252284241580364,9.76714436034079,1.2596382222825664,-0.09914438983239826,0.11887688977595978,-0.2623265018644467,0.31377114654125293
369,2026-04-19 18:00:00,18,6,1,0,48.0,food,0,1,2,sofia,morning struggler,13.8,walk,0,0,1.2,2.5,14.2,167,3.7159935721091264,3.884386875756866,3.090283877745464,0.44305328171338765,-0.03707909257001285,-0.7661157193009216,-0.23696601752200408,-0.18557712863311515
404,2026-04-20 19:00:00,19,0,0,0,24.0,hangout,0,0,5,jake,chronically late,27.7,transit,0,0,11.1,11.0,25.4,189,12.608950057933985,4.985388296799324,10.359700016552567,-0.21804569357378334,0.34644668329550754,0.044299943648910656,-0.025157409171221445,0.10037091167678902
404,2026-04-20 19:00:00,19,0,0,0,24.0,hangout,0,0,5,leo,rain hater,33.2,transit,1,0,2.9,3.0,21.5,167,5.974629716506936,4.98959971084665,4.078465633287696,-2.549058243205884,-0.16574522644658707,-0.14630760388551423,-0.262887010662336,-0.3762855662694564
404,2026-04-20 19:00:00,19,0,0,0,24.0,hangout,0,0,5,marcus,party procrastinator,21.5,transit,1,0,3.1,4.0,23.9,186,7.259352414864885,5.5866968451398815,9.35981497567568,-0.36324427244988744,-0.1294171733783971,-0.03969797730027036,-2.3332297869281238,-0.23757829900383154
404,2026-04-20 19:00:00,19,0,0,0,24.0,hangout,0,0,5,maya,always early,12.3,walk,1,0,-2.4,-2.0,11.8,175,-0.9542427153378165,1.8227374792787212,-2.0012122043822336,-0.5521632668437212,0.21363068442234423,-0.24499971746623717,-0.5462167270924357,-0.2661205015181346
404,2026-04-20 19:00:00,19,0,0,0,24.0,hangout,0,0,5,priya,overbooked,9.5,walk,1,0,14.3,15.0,9.2,181,10.420625329242974,6.695724145593802,10.04875009406942,-0.06927115160153896,5.383213972149548,0.11060661668890504,-0.4831057877041296,0.0462827942418933
414,2026-04-21 21:00:00,21,1,0,0,6.0,food,0,0,6,ethan,improving,29.4,transit,0,0,15.1,7.9,19.1,166,13.103618000941049,3.9366296845568676,9.9153194288403,-0.13806845203349027,-0.11160100903287429,0.11562946822379772,-0.2680287101275347,0.30484095742495754
414,2026-04-21 21:00:00,21,1,0,0,6.0,food,0,0,6,jake,chronically late,6.1,walk,1,0,16.6,11.5,5.7,190,12.60112142646625,4.973696157044968,10.257463264704642,-0.21908404558404015,-0.3190622931493454,0.04347426447033165,-0.02623483504910773,0.09763246540766879
414,2026-04-21 21:00:00,21,1,0,0,6.0,food,0,0,6,leo,rain hater,25.1,drive,0,0,6.0,3.5,22.7,168,5.956755365092021,4.980231754982225,3.5590729614548633,-2.5359508935768265,0.02979112991138777,-0.14661213120370675,-0.2640989386087309,-0.3786120547626002
414,2026-04-21 21:00:00,21,1,0,0,6.0,food,0,0,6,marcus,party procrastinator,22.5,drive,0,0,3.2,4.5,20.4,187,7.237597282088122,5.580015498600861,9.210742080596606,-0.3665204461237579,0.0732793371614715,-0.04092344290094463,-2.3240389287735717,-0.24149545781779924
414,2026-04-21 21:00:00,21,1,0,0,6.0,food,0,0,6,maya,always early,32.8,transit,0,0,-1.4,-1.5,38.4,176,-0.9623277449672955,1.8198549652444265,-1.917807927133513,-0.5508958953599782,-0.3713412007404394,-0.24417306628905833,-0.5441571186534514,-0.2666274573202855
414,2026-04-21 21:00:00,21,1,0,0,6.0,food,0,0,6,priya,overbooked,39.7,drive,1,0,21.3,15.5,43.5,182,10.441276353801708,6.683165230659938,10.383221815371915,-0.06308839506655062,5.349349889302147,0.11220859889374424,-0.4760193241805375,0.05152878941545325
121,2026-04-22 14:00:00,14,2,0,0,2.0,hangout,0,0,4,jake,chronically late,14.8,walk,0,0,16.6,10.5,13.9,191,12.621796467727982,4.968442392497981,11.577656133636566,-0.2111409555515582,0.32071419657878053,0.04473857194034103,-0.022907035526587904,0.10246456627609213
121,2026-04-22 14:00:00,14,2,0,0,2.0,hangout,0,0,4,marcus,party procrastinator,25.0,drive,0,0,3.7,3.5,25.7,188,7.216953925775571,5.572921129962153,7.4048439787930205,-0.36991717654704903,0.06525539142768011,-0.04244165751136553,-2.315116702363455,-0.2455313331877358
121,2026-04-22 14:00:00,14,2,0,0,2.0,hangout,0,0,4,priya,overbooked,16.4,drive,1,0,12.2,14.5,11.9,183,10.499319721673857,6.711959551964163,13.156948491906816,-0.04736841503984657,5.345508302703426,0.1172322703739681,-0.4623036808814529,0.06601752413248008
121,2026-04-22 14:00:00,14,2,0,0,2.0,hangout,0,0,4,zoe,forgets far-off plans,15.3,transit,0,0,2.9,2.5,22.8,168,6.4478156512987574,4.992431878646435,4.942233043228216,-0.4060447012506563,-0.12065835087716259,0.029251899045716456,-0.5271179170980966,-2.1482702911756695
632,2026-04-22 19:00:00,19,2,0,0,2.0,study,0,1,2,leo,rain hater,30.1,drive,0,0,11.8,11.5,27.1,169,5.957430213464696,4.96547881202195,3.9735514895613417,6.566797359337824,0.0292400149715073,-0.14612990767233924,-0.2627429515867643,-0.3762276878004984
632,2026-04-22 19:00:00,19,2,0,0,2.0,study,0,1,2,sofia,morning struggler,30.5,transit,1,0,1.9,2.5,25.5,168,3.701692815854666,3.877268189947665,3.0004836616727624,0.38687611622145646,-0.23276648086980511,-0.7628536396166461,-0.23887582220450554,-0.18784133944588444
530,2026-04-22 20:00:00,20,2,0,0,24.0,party,1,1,4,ethan,improving,26.6,drive,1,0,9.2,10.3,21.5,167,13.11564988849952,3.927317990473958,11.061614253857005,1.1233791683027476,0.8216755726796787,0.11550501605568186,1.9380143812861252,0.30488976282804714
530,2026-04-22 20:00:00,20,2,0,0,24.0,party,1,1,4,marcus,party procrastinator,12.0,walk,0,0,16.8,17.0,12.4,189,7.198926705267618,5.564027553877442,5.128264772933605,1.4546009417162375,0.058469467207640236,-0.04357921319053126,8.382343841856528,-0.2486459912654908
530,2026-04-22 20:00:00,20,2,0,0,24.0,party,1,1,4,priya,overbooked,18.8,transit,0,0,7.9,6.0,11.2,184,10.508422120750888,6.694736998967899,14.230977748785966,0.5901659427553181,-6.457932462567697,0.11738532586135264,2.9671298342089347,0.06782535070206386
530,2026-04-22 20:00:00,20,2,0,0,24.0,party,1,1,4,zoe,forgets far-off plans,21.3,transit,0,0,5.2,6.0,10.4,169,6.427538970240906,4.984998116877501,4.993582562925973,1.2245004449033852,-0.1265190083801313,0.027234937948211524,2.015174775625886,-2.1391116009727247
276,2026-04-23 22:00:00,22,3,0,0,6.0,hangout,0,0,2,leo,rain hater,9.6,walk,0,0,3.4,2.0,9.2,170,5.990988285063456,4.971192305793095,5.225996652875273,-2.5490271971764007,0.03933975453740057,-0.14304220515085309,-0.2555665874964612,-0.36416727488261813
276,2026-04-23 22:00:00,22,3,0,0,6.0,hangout,0,0,2,marcus,party procrastinator,34.8,drive,0,0,4.8,3.0,33.7,190,7.248322819928743,5.592641980435511,6.785235091408212,-0.4202113382854282,0.07477526127691991,-0.040078894262197906,-2.353184268007949,-0.23493773180596822
207,2026-04-24 14:00:00,14,4,0,0,24.0,food,0,0,3,ethan,improving,27.1,drive,0,0,7.3,6.3,23.1,168,13.093099423280524,3.928277721704963,11.155171263794434,-0.11201362390438341,-0.08450670459985687,0.11278775425851784,-0.24193395062980017,0.29776014600990486
207,2026-04-24 14:00:00,14,4,0,0,24.0,food,0,0,3,hana,steady,14.9,walk,0,0,3.0,3.0,14.9,164,5.059800001346339,2.155890878930573,4.002800000384669,-0.23100800129248533,0.0014325568453799065,-0.0517316783231605,-0.4403827351108598,-0.20266466294986074
207,2026-04-24 14:00:00,14,4,0,0,24.0,food,0,0,3,zoe,forgets far-off plans,17.1,drive,1,0,2.7,2.0,18.6,170,6.420606858443037,4.9711751828880395,5.320173388126582,-0.40293748864733736,0.3249166481982151,0.026399372232957852,-0.5219842410149589,-2.125731606294396
39,2026-04-25 12:00:00,12,5,1,0,48.0,food,0,0,5,leo,rain hater,26.4,drive,0,0,3.0,3.0,30.8,171,5.9760405374012695,4.960477289602836,5.536011582114647,-2.5349702878821376,0.03468556902631281,-0.1430215865905815,-0.25616826200122933,-0.3655426460040614
39,2026-04-25 12:00:00,12,5,1,0,48.0,food,0,0,5,marcus,party procrastinator,12.1,walk,0,0,1.5,4.0,11.9,191,7.235628237666447,5.580792352105787,6.581608067904699,-0.420671374846747,0.07022603692243301,-0.040531741983828695,-2.3414999498426745,-0.23638512469543826
39,2026-04-25 12:00:00,12,5,1,0,48.0,food,0,0,5,maya,always early,35.1,transit,0,0,-2.0,-2.0,32.8,177,-0.9643783814141565,1.814775627469872,-1.7041081089754733,-0.5480990961733131,-0.36985785493451606,-0.2433070366502087,-0.5414935415608165,-0.26584463891500987
39,2026-04-25 12:00:00,12,5,1,0,48.0,food,0,0,5,omar,average,39.2,transit,0,0,6.4,5.0,34.3,171,6.0533132646739976,2.5959221756701494,5.429518075621142,-0.1920794400564425,-0.14105910053157178,-0.06022444562905971,-0.2193354174264499,-0.14920771160609902
39,2026-04-25 12:00:00,12,5,1,0,48.0,food,0,0,5,sofia,morning struggler,9.9,walk,0,0,2.7,2.0,10.0,169,3.691282382658756,3.8679842004780642,2.454652109331073,-0.2367904425602836,-0.03238690640265007,-0.7590148410124078,-0.23952613667729183,-0.18884120517044245
111,2026-04-25 12:00:00,12,5,1,0,48.0,food,0,0,3,hana,steady,30.9,transit,0,0,6.6,3.0,27.5,165,5.0471550862700685,2.154942553867346,3.7277585960771624,-0.23337909078316077,-0.0022645060289114838,-0.05187252187901681,-0.43975669033185216,-0.2043507920062595
111,2026-04-25 12:00:00,12,5,1,0,48.0,food,0,0,3,jake,chronically late,26.9,transit,0,0,9.2,10.0,49.8,192,12.641707434852341,4.963157202450134,12.940487838529242,-0.20283547975851413,0.3276392592495281,0.046510506944764884,-0.019114734423082425,0.10771368650374491
111,2026-04-25 12:00:00,12,5,1,0,48.0,food,0,0,3,omar,average,23.9,transit,0,0,12.1,4.0,17.4,172,6.054894715626619,2.588522269405922,5.458541347321892,-0.1896412334344646,-0.13902264571323908,-0.059291845456115766,-0.21723783371551075,-0.14716468988465436
295,2026-04-26 08:00:00,8,6,1,1,6.0,study,0,0,4,jake,chronically late,18.0,transit,0,0,8.7,10.5,9.0,193,12.624422575100924,4.956980547858041,12.249835021457406,-0.20728458245056558,0.3175782254345698,1.226959479618115,-0.021996639034806975,0.10213159392740678
295,2026-04-26 08:00:00,8,6,1,1,6.0,study,0,0,4,marcus,party procrastinator,10.1,walk,0,0,1.4,3.5,9.7,192,7.206272435888239,5.581557723529673,6.34464926739664,-0.4254514222667307,0.06016042622726481,0.680755424068777,-2.334554953739876,-0.24188131132378654
295,2026-04-26 08:00:00,8,6,1,1,6.0,study,0,0,4,priya,overbooked,36.1,transit,1,0,13.2,14.5,32.1,185,10.494398262473597,6.679558909954749,12.898399503563885,-0.031182632980994995,5.316453508937215,-0.17373207845315441,-0.4442633464468013,0.06413071373522783
295,2026-04-26 08:00:00,8,6,1,1,6.0,study,0,0,4,zoe,forgets far-off plans,26.0,drive,0,0,2.1,2.5,23.2,171,6.399066306079448,4.9646506657253315,5.414018944594128,-0.4063996525729001,-0.10718886835593988,-0.5208283396225033,-0.5234042815628017,-2.116618630675089
125,2026-04-26 15:00:00,15,6,1,0,24.0,food,0,1,2,hana,steady,36.5,transit,1,0,4.2,4.5,49.1,166,5.056304278274178,2.1520633052339235,4.173229793792623,0.3902573827742062,-0.22115935846593526,-0.050896171578649785,-0.43444951663324893,-0.20014486056031888
125,2026-04-26 15:00:00,15,6,1,0,24.0,food,0,1,2,jake,chronically late,9.5,walk,0,0,8.5,11.5,9.3,194,12.604663475300926,4.952768951716294,12.487046707228837,1.2118028722291658,0.3067683372096699,0.0639104144130016,-0.02510166172089967,0.09610725830222755
157,2026-04-26 18:00:00,18,6,1,0,48.0,study,0,0,6,ethan,improving,34.0,drive,0,0,6.8,7.7,32.8,169,13.059334628460418,3.943339552117025,10.574095608131547,-0.12158149407299312,-0.09776124332200098,0.10973611785656345,-0.24816908201075094,0.2889420595824532
157,2026-04-26 18:00:00,18,6,1,0,48.0,study,0,0,6,marcus,party procrastinator,14.1,walk,1,0,4.6,4.5,12.8,193,7.176890027030873,5.582689319505594,6.079111436294535,-0.4304027591106596,-0.13405767143961,-0.01348023795598241,-2.3279312211493997,-0.2475375722139752
157,2026-04-26 18:00:00,18,6,1,0,48.0,study,0,0,6,maya,always early,38.2,transit,0,0,-2.0,-1.5,31.1,178,-0.9703594243053952,1.8106821754974165,-1.6058169783729703,-0.545840554986166,-0.3689920251175973,-0.24207870934504983,-0.5388291650713577,-0.2654169445940977
157,2026-04-26 18:00:00,18,6,1,0,48.0,study,0,0,6,omar,average,25.5,drive,0,0,6.1,5.5,32.9,173,6.0889001424276,2.621772122843329,6.353971469265029,-0.17689648759447607,-0.1269834706005133,-0.05549953572797328,-0.2102727493566574,-0.13572513734089942
157,2026-04-26 18:00:00,18,6,1,0,48.0,study,0,0,6,sofia,morning struggler,33.0,transit,0,0,1.1,2.5,28.3,170,3.685281287726358,3.857194598799804,2.681508939350388,-0.23655771097171296,-0.033934673691001116,-0.7545842431836527,-0.23884314868804735,-0.18850301263362512
157,2026-04-26 18:00:00,18,6,1,0,48.0,study,0,0,6,zoe,forgets far-off plans,20.5,transit,1,0,2.4,3.5,37.2,172,6.374713137582558,4.96088431377804,5.4356323250235885,-0.41113657462666886,0.27581054437105923,0.04848186653667863,-0.5259299259417798,-2.10896266158319
398,2026-04-26 20:00:00,20,6,1,0,24.0,party,1,0,6,hana,steady,29.8,transit,0,0,6.0,6.5,35.4,167,5.0509257929305456,2.146491190890841,4.314550226551584,-0.22293658848446096,0.005979771685124646,-0.05059268948754081,1.4734921774881045,-0.19978881524927505
398,2026-04-26 20:00:00,20,6,1,0,24.0,party,1,0,6,jake,chronically late,7.2,walk,0,0,13.3,13.5,7.2,195,12.583796181920269,4.949364804276602,12.109656051977222,-0.19211448770207795,0.29605683143358696,0.06204946121590993,1.1306514356521902,0.09023475540644732
398,2026-04-26 20:00:00,20,6,1,0,24.0,party,1,0,6,maya,always early,29.4,transit,0,0,0.8,0.5,35.3,179,-0.9763084979127504,1.8066140806777828,-1.6503738565465,-0.5435596627269909,-0.36808232317895573,-0.24082680375140908,1.5102570815939589,-0.2649435192566548
398,2026-04-26 20:00:00,20,6,1,0,24.0,party,1,0,6,priya,overbooked,29.6,drive,0,0,5.5,5.5,34.2,186,10.508163541277769,6.664316443173882,12.845189583222218,-0.026729660067449146,-6.413441498675598,0.10223655875832627,2.7931120120468833,0.06773913632728856
398,2026-04-26 20:00:00,20,6,1,0,24.0,party,1,0,6,sofia,morning struggler,17.6,transit,0,0,4.6,4.5,25.4,171,3.6702229340003067,3.8505720838069344,2.8486351240000873,-0.23919289991270487,-0.03877509559120407,-0.7508710609645832,0.570719934787618,-0.1901478348786756
398,2026-04-26 20:00:00,20,6,1,0,24.0,party,1,0,6,zoe,forgets far-off plans,16.7,transit,0,0,5.8,5.5,20.9,173,6.352018181932887,4.955607669983216,4.000576623409396,-0.41489522574825166,-0.09245547456307346,0.04655378776749597,1.9928491399499348,-2.100506736539618
648,2026-04-26 21:00:00,21,6,1,0,24.0,hangout,0,0,2,hana,steady,35.6,drive,0,0,2.4,3.0,34.1,168,5.05631358138903,2.141496840059867,4.9446610232540085,-0.2189575821160208,0.007940720936312928,-0.049758624377240324,-0.43742930035420446,-0.19659410761570761
648,2026-04-26 21:00:00,21,6,1,0,24.0,hangout,0,0,2,leo,rain hater,33.5,drive,1,0,1.9,2.0,30.1,172,5.958430788589278,4.951101619555049,5.573837368168365,-2.5213690162942304,-0.21907837131145502,-0.1425945889248883,-0.25655800690372477,-0.36693674673754284
173,2026-04-27 17:00:00,17,0,0,0,6.0,study,0,0,5,ethan,improving,13.3,walk,0,0,4.2,7.2,12.4,170,13.022943384173123,3.962426469906005,10.320840966906605,-0.1316587009314638,-0.11171547210276067,0.10666334426582402,-0.25478562777822233,0.27985875718407627
173,2026-04-27 17:00:00,17,0,0,0,6.0,study,0,0,5,hana,steady,32.2,transit,1,0,5.1,4.0,29.2,169,5.040891334656875,2.1444302931473413,4.611683238473392,-0.22302732943761594,-0.22122923306373643,-0.050503041444318164,-0.43806296631222885,-0.19955469209684207
173,2026-04-27 17:00:00,17,0,0,0,6.0,study,0,0,5,jake,chronically late,13.2,walk,0,0,10.4,11.0,13.2,196,12.587139762339783,4.936891717812205,11.639182789239937,-0.18949009258688498,0.29574703496368215,0.062255469468148306,-0.03125511000058445,0.09085837847317357
173,2026-04-27 17:00:00,17,0,0,0,6.0,study,0,0,5,marcus,party procrastinator,27.3,transit,1,0,11.7,4.0,29.5,194,7.16339242326782,5.571348562604639,6.2038264066479485,-0.43057166946325776,-0.16883545949206802,-0.013829464760773291,-2.3164114100406996,-0.24865484938770344
173,2026-04-27 17:00:00,17,0,0,0,6.0,study,0,0,5,omar,average,6.4,walk,0,0,3.8,5.0,6.1,174,6.088352470560315,2.614229029853948,6.8966721344458035,-0.17500636655450652,-0.12546209392145435,-0.05456946245970595,-0.20834131642865827,-0.1341555744411549
328,2026-04-27 18:00:00,18,0,0,0,24.0,study,0,0,6,jake,chronically late,37.6,transit,0,0,10.8,11.5,55.6,197,12.576314889013982,4.927127754063966,10.750375682575424,-0.19181761693019972,0.28907527957270496,0.060956555433755,-0.03291616333562075,0.08737575175331891
328,2026-04-27 18:00:00,18,0,0,0,24.0,study,0,0,6,leo,rain hater,7.2,walk,0,0,2.1,3.5,7.5,173,5.9354809414653085,4.94620558755132,5.424423126132945,-2.510838800808718,0.052126286644954334,-0.14321541686105999,-0.25855479683265603,-0.3706039854700176
328,2026-04-27 18:00:00,18,0,0,0,24.0,study,0,0,6,maya,always early,23.4,drive,0,0,-2.1,-1.5,23.2,180,-0.9669426617252705,1.807708033210378,-1.276269331921506,-0.5361404113855548,-0.3615697535546307,-0.23839855718116576,-0.5452253465050838,-0.26000742942970456
328,2026-04-27 18:00:00,18,0,0,0,24.0,study,0,0,6,priya,overbooked,5.6,walk,0,0,2.8,3.5,6.0,187,10.481852122816797,6.6568817159378755,11.580529177947655,-0.03340528014528488,-6.372655979474934,0.09909877950951795,-0.412893216633357,0.060882021221955185
328,2026-04-27 18:00:00,18,0,0,0,24.0,study,0,0,6,sofia,morning struggler,33.9,transit,0,0,1.9,2.5,32.5,172,3.675229421360593,3.840156857698036,2.692922691817312,-0.23554719594897744,-0.036311022061322085,-0.745784763923889,-0.24498518415246506,-0.18747004480486895
328,2026-04-27 18:00:00,18,0,0,0,24.0,study,0,0,6,zoe,forgets far-off plans,14.8,walk,0,0,3.0,3.5,15.3,174,6.348690545144274,4.941511122186841,4.413911584326935,-0.41266588281769323,-0.0925785688709313,0.04624112778898759,-0.5244203209954987,-2.0862373113891213
86,2026-04-28 15:00:00,15,1,0,0,24.0,study,0,0,6,ethan,improving,38.2,transit,0,0,7.4,7.6,34.0,171,12.97244476010101,4.0099775529767046,9.792127074314575,-0.1464431265206816,-0.13179732860097104,0.10217933451279038,-0.2651190787182163,0.26757016473459316
86,2026-04-28 15:00:00,15,1,0,0,24.0,study,0,0,6,jake,chronically late,17.9,transit,0,0,14.8,11.5,14.2,198,12.567242747673783,4.9165495983530985,10.976355070763939,-0.1931267366013678,0.2836902231369649,0.06017198394071421,-0.03389323228968699,0.08480733609676072
86,2026-04-28 15:00:00,15,1,0,0,24.0,study,0,0,6,leo,rain hater,32.0,drive,0,0,6.2,3.5,30.6,174,5.913688702669149,4.940350094545786,4.861053915048329,-2.4997450943605988,0.04537160814046359,-0.14352333340551127,-0.2600909589137963,-0.3736300671598034
86,2026-04-28 15:00:00,15,1,0,0,24.0,study,0,0,6,marcus,party procrastinator,26.9,drive,0,0,3.1,4.5,24.8,195,7.185751388888889,5.566467085911892,5.481643253968254,-0.4217712849352422,0.041411485745614485,-0.011778839441536348,-2.2955106625258797,-0.24133468013467851
86,2026-04-28 15:00:00,15,1,0,0,24.0,study,0,0,6,sofia,morning struggler,17.9,transit,0,0,0.5,2.5,17.1,173,3.664889200998752,3.831155702636246,2.7899683431425006,-0.23665577650239422,-0.03933363379730581,-0.7418042244987886,-0.24526204660282014,-0.18805956096546073
86,2026-04-28 15:00:00,15,1,0,0,24.0,study,0,0,6,zoe,forgets far-off plans,27.9,drive,0,0,4.0,3.5,21.1,175,6.329723765432099,4.933760878697231,4.094206790123457,-0.41519455389195326,-0.09771931343813911,0.044679874727668434,-0.5253113924582182,-2.0768966815515277
307,2026-04-28 15:00:00,15,1,0,0,48.0,food,0,0,3,maya,always early,7.6,walk,0,0,-3.6,-3.0,7.4,181,-0.9734740232677216,1.803973582451179,-1.2352782923622063,-0.5340426676924094,-0.3608236034685274,-0.2371360342114749,-0.5425720399593946,-0.25963733806791545
307,2026-04-28 15:00:00,15,1,0,0,48.0,food,0,0,3,omar,average,26.8,drive,0,0,2.6,4.0,24.1,175,6.075187953734464,2.6123195729122437,6.807196558209847,-0.17751932230516676,-0.12821695538680444,-0.05509307415903386,-0.20867260927740539,-0.13662499761705327
307,2026-04-28 15:00:00,15,1,0,0,48.0,food,0,0,3,priya,overbooked,10.2,walk,1,0,13.3,14.0,11.2,188,10.441626070840435,6.663196346180951,8.92617887738298,-0.04349703010836947,5.342852189289861,0.09473219929477317,-0.41794043233011813,0.05083045038869294
386,2026-04-28 18:00:00,18,1,0,0,24.0,hangout,0,0,4,hana,steady,23.7,transit,1,0,10.0,3.5,20.5,170,5.040627971254837,2.13813261344201,4.911607991787095,-0.2206038185142667,-0.21502925090857783,-0.04959120564840447,-0.434356166697377,-0.1974399147348791
386,2026-04-28 18:00:00,18,1,0,0,24.0,hangout,0,0,4,leo,rain hater,36.2,drive,0,0,1.4,2.5,28.0,175,5.915054972053314,4.926272623311023,4.061444277729518,-2.48042330642171,0.045762580147158616,-0.14236552199396968,-0.2579777716742795,-0.3703979040514751
386,2026-04-28 18:00:00,18,1,0,0,24.0,hangout,0,0,4,marcus,party procrastinator,19.5,drive,1,0,2.9,3.5,23.2,196,7.165223358057695,5.559893001998267,5.232920959445055,-0.424210450799837,-0.0817117205050808,-0.013003999774941377,-2.286667081574433,-0.24458410028487254
386,2026-04-28 18:00:00,18,1,0,0,24.0,hangout,0,0,4,sofia,morning struggler,28.3,transit,1,0,3.8,1.5,27.8,174,3.6469826534614334,3.827167532588516,2.5848521867032668,-0.24030470155209693,-0.21565789290414372,-0.7385913478046664,-0.2474165650127187,-0.19046004904218083
32,2026-04-28 19:00:00,19,1,0,0,168.0,food,0,1,3,ethan,improving,12.4,walk,0,1,5.0,7.6,12.4,172,12.940580739854347,4.0221093271686605,8.683023068529813,1.164030707856373,-0.14368305470378573,0.09931749645084054,-0.2706978378045406,-0.2842399992521045
32,2026-04-28 19:00:00,19,1,0,0,168.0,food,0,1,3,jake,chronically late,18.3,transit,0,1,17.9,11.5,9.4,199,12.577856818403038,4.906411150939254,11.85081623382944,1.131736987322748,0.2866961346038668,0.061149869576208715,-0.03154796872697574,0.30826327459730685
32,2026-04-28 19:00:00,19,1,0,0,168.0,food,0,1,3,omar,average,32.4,transit,1,1,4.7,5.5,26.8,176,6.055706027371379,2.617756633720642,6.158773150677537,0.45469680169072824,0.3149279756698862,-0.05642478395802364,-0.2102152140160225,0.36239932464854885
245,2026-04-28 20:00:00,20,1,0,0,48.0,food,0,0,5,leo,rain hater,37.5,transit,0,0,2.9,3.0,47.6,176,5.890061637500912,4.9238089552803705,3.7685890392859744,-2.4713093714163197,0.03775743424207789,-0.14322078584858655,-0.2603722113290088,-0.37464856772348387
245,2026-04-28 20:00:00,20,1,0,0,48.0,food,0,0,5,maya,always early,38.9,transit,0,0,-2.1,-2.0,55.9,182,-0.9876943508681006,1.807785494775683,-1.553626957390886,-0.5349523047566582,-0.3632947330914742,-0.23681678898693037,-0.541737150711654,-0.2618899177423082
245,2026-04-28 20:00:00,20,1,0,0,48.0,food,0,0,5,omar,average,30.3,transit,0,0,12.5,5.0,51.1,177,6.048358002130029,2.612252818892413,5.913816572037151,-0.17520235919681415,-0.12607580347293634,-0.05693570794973368,-0.21021023808872386,-0.13407975030730057
245,2026-04-28 20:00:00,20,1,0,0,48.0,food,0,0,5,priya,overbooked,12.2,walk,1,0,14.5,15.0,11.8,189,10.45619152777147,6.648575394150458,9.087483293648992,-0.03911536446664421,5.306362632581779,0.09592490355551497,-0.41233033717594303,0.054380532850276
245,2026-04-28 20:00:00,20,1,0,0,48.0,food,0,0,5,sofia,morning struggler,33.2,transit,0,0,1.0,2.0,19.8,175,3.6477842021536957,3.816263200609535,2.742224057758199,-0.23828830846030202,-0.04601441688874397,-0.7341858241841117,-0.24553969214860594,-0.1889755112933762
149,2026-04-28 22:00:00,22,1,0,0,96.0,party,1,0,6,ethan,improving,19.5,drive,1,1,8.1,9.6,17.2,173,12.895979798727701,4.057364813337281,8.07027994249363,-0.11206748717959591,0.9332775900433798,0.09502552076128445,1.9645729510955903,-0.4784071019507756
149,2026-04-28 22:00:00,22,1,0,0,96.0,party,1,0,6,jake,chronically late,24.7,transit,0,1,12.6,13.5,27.8,200,12.603826361822101,4.907756080939638,13.201093246234885,-0.21319894530874173,0.2956272314826993,0.06311214496085782,1.1001446984815804,0.3965987894914651
149,2026-04-28 22:00:00,22,1,0,0,96.0,party,1,0,6,leo,rain hater,12.8,walk,0,1,5.1,5.5,12.6,177,5.873540682272148,4.914886991930269,3.7495830520777567,-2.4591778836490774,0.03252717375135372,-0.1434395199215155,1.4059863720109558,1.2456519030118702
149,2026-04-28 22:00:00,22,1,0,0,96.0,party,1,0,6,maya,always early,34.3,drive,0,1,-0.0,0.5,33.4,183,-0.9936999778003668,1.8040420639555517,-1.569628565085819,-0.5331646047621459,-0.36281420580957513,-0.23589833618278955,1.5334257878325657,-0.01922047422240225
149,2026-04-28 22:00:00,22,1,0,0,96.0,party,1,0,6,sofia,morning struggler,37.5,drive,1,1,3.3,4.5,33.5,176,3.6330630064835967,3.8102396005412915,2.7237322875667425,-0.24105374569192062,-0.1957567058352363,-0.7309513588973657,0.6129756709404619,0.3780071460139185
149,2026-04-28 22:00:00,22,1,0,0,96.0,party,1,0,6,zoe,forgets far-off plans,11.2,walk,1,1,15.4,14.5,11.4,176,6.316488420848239,4.922789704128583,4.2761395488137826,-0.4159078426493572,0.23530379880917707,0.04364281952743987,1.956733739789688,6.592203445157245
541,2026-04-29 09:00:00,9,2,0,1,96.0,study,0,0,3,hana,steady,26.4,transit,0,1,6.1,3.0,25.3,171,5.068702418271385,2.165913088797598,5.405343548077538,-0.20806492139079769,-0.024014357434115396,-0.1268937958593126,-0.42426440384823305,0.40796860834707704
541,2026-04-29 09:00:00,9,2,0,1,96.0,study,0,0,3,omar,average,12.3,walk,0,1,10.4,4.0,12.0,178,6.083560795714556,2.649520159599989,5.9810173702041585,-0.16215793061829498,-0.11371710572460714,0.2704276736132538,-0.203203981032007,0.29866202198028
541,2026-04-29 09:00:00,9,2,0,1,96.0,study,0,0,3,zoe,forgets far-off plans,22.7,drive,1,1,8.8,11.0,24.3,177,6.366437503383316,4.956045428309277,6.190410715252376,-0.3976809473209624,0.37892818846597187,-0.7509583355888774,-0.5729767769176632,6.603166663659276
248,2026-04-29 14:00:00,14,2,0,0,168.0,food,0,0,4,ethan,improving,33.5,transit,1,1,10.5,6.6,33.2,174,12.869293586103732,4.063074547519723,8.176941024601065,-0.12003842113596974,0.8533694671784247,0.09215622525225875,-0.25401149133829826,-0.5826327646178857
248,2026-04-29 14:00:00,14,2,0,0,168.0,food,0,0,4,maya,always early,23.4,drive,0,1,-0.8,-2.5,20.6,184,-0.9883409951715962,1.8013364570960961,-1.2823831414775988,-0.5278086943170797,-0.3584315750809246,-0.2342383622354316,-0.5446324923336998,-0.0014746709585811146
248,2026-04-29 14:00:00,14,2,0,0,168.0,food,0,0,4,omar,average,26.0,drive,0,1,4.1,4.5,21.4,179,6.107084521263959,2.66185166035359,6.602024148932559,-0.15331393952931194,-0.10543820933165282,-0.07588321947261534,-0.19827824760555401,0.36703598109870406
248,2026-04-29 14:00:00,14,2,0,0,168.0,food,0,0,4,priya,overbooked,27.7,drive,1,1,15.0,14.5,26.6,190,10.476941291859324,6.637218341520745,10.036268940531235,-0.03336720034478802,5.275173180746952,0.0975598487997722,-0.40577538491742793,0.20017636962309204
66,2026-04-29 20:00:00,20,2,0,0,24.0,party,1,1,4,hana,steady,38.1,transit,0,0,6.8,7.0,27.0,172,5.07460984911496,2.1611886883800877,5.678459956889989,0.3488511357965338,-0.021825899521118686,-0.0527464607484438,1.4385304077065628,-0.19337378307514097
66,2026-04-29 20:00:00,20,2,0,0,24.0,party,1,1,4,marcus,party procrastinator,32.3,transit,1,0,17.5,17.0,24.3,197,7.144088828184891,5.554059144954045,5.42688252233854,1.6968741275514052,-0.14000652927888346,-0.01444922123709702,8.458648538654302,-0.2481580249458224
66,2026-04-29 20:00:00,20,2,0,0,24.0,party,1,1,4,omar,average,31.1,drive,0,0,5.9,8.0,33.1,180,6.096248342126206,2.658534997575419,6.641785240607488,0.3799482900148803,-0.10818416358015703,-0.07658996008765229,1.083799415974986,-0.1345730524690456
66,2026-04-29 20:00:00,20,2,0,0,24.0,party,1,1,4,sofia,morning struggler,29.9,drive,0,0,2.7,5.0,30.9,177,3.6313513367766364,3.799502866258476,2.537528953364753,0.3994840424025261,-0.04931636115984794,-0.7270021604324803,0.5874131399057401,-0.18915031269896865
614,2026-04-29 21:00:00,21,2,0,0,48.0,hangout,0,0,5,ethan,improving,30.7,drive,0,0,7.8,7.1,30.7,175,12.856219320517472,4.055965060429955,8.701776948719278,-0.1234972019275613,-0.12303252514857732,0.09045375902982222,-0.25567137049998756,0.340987990166445
614,2026-04-29 21:00:00,21,2,0,0,48.0,hangout,0,0,5,jake,chronically late,14.9,walk,1,0,11.3,11.0,14.2,201,12.603978047054099,4.8955430671407285,13.1011365848726,-0.212029051863718,-0.2520443335819955,0.06261932529265657,-0.027200879080373497,0.062203105886935006
614,2026-04-29 21:00:00,21,2,0,0,48.0,hangout,0,0,5,marcus,party procrastinator,11.2,walk,0,0,2.3,4.0,11.6,198,7.195169840852929,5.588403373967963,7.741477097386551,-0.47652833052405263,0.005325905580171764,-0.010758247016513955,-2.3278333426672573,-0.2345993098751631
614,2026-04-29 21:00:00,21,2,0,0,48.0,hangout,0,0,5,omar,average,16.0,transit,1,0,4.0,5.0,18.8,181,6.09526600910293,2.65121134268663,7.11293314545798,-0.15487209270072988,0.24334986145173776,-0.07632768514041732,-0.1978493624839377,-0.13404993982351776
614,2026-04-29 21:00:00,21,2,0,0,48.0,hangout,0,0,5,sofia,morning struggler,29.6,drive,1,0,0.3,2.0,28.9,178,3.6263359436783857,3.789331173316479,2.650381698193825,-0.23520531627704377,-0.19238143939619068,-0.7232977738590036,-0.24060120868896462,-0.18911724420830822
9,2026-04-30 08:00:00,8,3,0,1,48.0,party,1,1,5,ethan,improving,34.0,drive,0,0,7.7,10.6,33.2,176,12.828146218482356,4.063441721746856,9.208041776709242,1.061647805793461,-0.13398674854072645,1.0104774309756284,1.8405221894206658,0.3323884245137485
9,2026-04-30 08:00:00,8,3,0,1,48.0,party,1,1,5,leo,rain hater,27.8,transit,0,0,12.7,14.5,47.4,178,5.8693686641820015,4.901375766918332,4.205533904052001,6.631568202236197,0.030956636657650805,1.634534945893833,1.3286625699257755,-0.37245136267921186
9,2026-04-30 08:00:00,8,3,0,1,48.0,party,1,1,5,maya,always early,13.3,walk,0,0,4.5,1.5,15.4,185,-0.9873975497615445,1.7967066698713685,-1.5106850142175843,0.7478671875409787,-0.355518448481866,0.13826503317436312,1.511241682611303,-0.26788424721031967
9,2026-04-30 08:00:00,8,3,0,1,48.0,party,1,1,5,omar,average,26.2,transit,0,0,7.4,8.5,21.1,182,6.083927623236934,2.6483450366977794,7.009693606639124,0.3789815041835798,-0.09689563622876385,0.4949411609955474,1.0464293440291632,-0.13653284161923107
9,2026-04-30 08:00:00,8,3,0,1,48.0,party,1,1,5,zoe,forgets far-off plans,33.2,drive,0,0,7.1,6.5,39.7,178,6.379751177843205,4.9454980554324175,7.10850033652663,1.211129637820795,-0.16190292149166297,-0.5610789347672034,2.0843194859828467,-2.126943037778304
683,2026-05-01 21:00:00,21,4,0,0,168.0,hangout,0,0,2,marcus,party procrastinator,32.9,drive,0,1,1.3,3.0,39.7,199,7.171111058059588,5.585104121299478,7.406031730874168,-0.4798125322144209,-0.0032178418888246796,-0.012364620673445792,-2.3201625501919176,1.0327778241978605
683,2026-05-01 21:00:00,21,4,0,0,168.0,hangout,0,0,2,omar,average,11.4,walk,0,1,2.6,4.0,11.0,183,6.090992850234872,2.6429477940160595,6.28314081435282,-0.16422226515727179,-0.09404104029532157,-0.08378041200973296,-0.2052051881065422,0.32976724218196285
518,2026-05-01 22:00:00,22,4,0,0,24.0,hangout,0,0,5,ethan,improving,10.3,walk,0,0,8.6,7.0,10.7,177,12.79988713988714,4.071331326775483,9.242824897110612,-0.10414646116773874,-0.14492961546396543,0.11522585836539179,-0.233447974119116,0.3237933581354646
518,2026-05-01 22:00:00,22,4,0,0,24.0,hangout,0,0,5,leo,rain hater,36.2,drive,1,0,5.8,3.0,33.0,179,5.906410105757931,4.914351035836774,5.730402887359409,-2.4786416236652515,-0.2602271391945292,-0.17895527320798887,-0.29316755588967247,-0.35957192650935177
518,2026-05-01 22:00:00,22,4,0,0,24.0,hangout,0,0,5,omar,average,14.0,walk,0,0,4.2,5.0,14.1,184,6.072378092378093,2.6480500726280756,5.163536597822313,-0.16919264091677988,-0.09916795318155991,-0.08516728973871857,-0.20694501730646486,-0.115494483793805
518,2026-05-01 22:00:00,22,4,0,0,24.0,hangout,0,0,5,priya,overbooked,28.0,drive,0,0,3.7,3.0,35.2,191,10.499895201323774,6.627539805523413,10.29997005752108,-0.026942522036863537,-6.404395470912326,0.099552469042262,-0.3987078441415193,0.036976523717594745
518,2026-05-01 22:00:00,22,4,0,0,24.0,hangout,0,0,5,zoe,forgets far-off plans,5.5,walk,0,0,2.1,3.0,5.7,179,6.383584018801409,4.931970455496434,7.295309719657545,-0.3945706848152488,-0.15934345075880607,0.031055051512584697,-0.56936978998257,-2.1107314307314295
108,2026-05-02 12:00:00,12,5,1,0,48.0,hangout,0,1,4,jake,chronically late,8.3,walk,0,0,18.6,12.0,8.2,202,12.59734885477297,4.884461577840636,13.227813958506564,1.1947039197244287,0.2998776168637054,0.06207034663146693,-0.02780883116045807,0.06040261675633474
108,2026-05-02 12:00:00,12,5,1,0,48.0,hangout,0,1,4,leo,rain hater,11.4,walk,0,0,16.7,12.0,11.6,180,5.905682232097325,4.900684350043924,5.673052066313521,6.602717986735746,0.0427895690094795,-0.17783810124711863,-0.29130932369925944,-0.3571694055168777
108,2026-05-02 12:00:00,12,5,1,0,48.0,hangout,0,1,4,priya,overbooked,24.4,drive,1,0,15.3,16.0,26.3,192,10.465234583441653,6.628848135548639,10.032924166697615,0.5520552479204479,5.279641960461991,0.09556417566877506,-0.40294953659426724,0.028095683124856663
108,2026-05-02 12:00:00,12,5,1,0,48.0,hangout,0,1,4,zoe,forgets far-off plans,17.6,drive,1,0,4.3,4.0,13.5,180,6.360276826691921,4.928467194664979,7.160079093340548,1.217531709607182,0.42725200942181996,0.02874851511998422,-0.5716009324688569,-2.1033227702095623
367,2026-05-02 14:00:00,14,5,1,0,48.0,food,0,0,4,hana,steady,31.4,transit,0,0,9.7,3.5,21.4,173,5.084403841620783,2.1591580102379058,5.795543954748795,-0.21378248398363198,-0.018314810449641783,-0.05172917175034453,-0.4294585045789745,-0.18921221603139315
367,2026-05-02 14:00:00,14,5,1,0,48.0,food,0,0,4,jake,chronically late,27.5,drive,0,0,12.3,10.5,26.2,203,12.626557133694707,4.889678795443433,14.350444895341345,-0.240727223266747,0.309661437428451,0.06391626257301297,-0.023080289362436446,0.06765116372130286
367,2026-05-02 14:00:00,14,5,1,0,48.0,food,0,0,4,omar,average,40.0,drive,0,0,2.5,4.5,39.7,185,6.062757283202627,2.644356699101279,5.175073509486465,-0.17156696528472892,-0.10185332093226851,-0.08597440583891558,-0.20758490945404517,-0.11806953714848412
367,2026-05-02 14:00:00,14,5,1,0,48.0,food,0,0,4,priya,overbooked,7.9,walk,1,0,13.4,14.5,8.1,193,10.490019615194441,6.620418669101222,11.825719890055554,-0.05970650221961549,5.2520166509646025,0.09720917869671197,-0.39619550886519406,0.033746422311560664
78,2026-05-03 15:00:00,15,6,1,0,24.0,food,0,0,5,jake,chronically late,6.7,walk,0,0,10.7,11.0,6.5,204,12.625122570736602,4.877787923133606,13.9928921630676,-0.23987031698701777,0.30683513028116494,0.06333231684554441,-0.023343265525220147,0.06669655339246283
78,2026-05-03 15:00:00,15,6,1,0,24.0,food,0,0,5,leo,rain hater,20.6,transit,0,0,2.5,3.0,17.8,181,5.964250630558873,4.952546403789528,7.875500180159678,-2.5173351402510002,0.059867541720540096,-0.17311999486901808,-0.2800711633638162,-0.3394422762069107
78,2026-05-03 15:00:00,15,6,1,0,24.0,food,0,0,5,maya,always early,36.0,transit,1,0,-2.2,-2.0,29.9,186,-0.9583737314976408,1.8397560375549709,-0.5595353518564689,-0.551844546978306,0.18545318039209846,-0.26102553882173796,-0.5691837449286672,-0.2575720595522808
78,2026-05-03 15:00:00,15,6,1,0,24.0,food,0,0,5,omar,average,26.5,drive,0,0,2.3,5.0,27.4,186,6.04424406954948,2.6498976849643237,4.684069734156994,-0.17675277466684491,-0.10718889943036913,-0.08762700543791269,-0.20959394843193646,-0.1232962819807053
78,2026-05-03 15:00:00,15,6,1,0,24.0,food,0,0,5,priya,overbooked,19.5,drive,1,0,14.5,15.0,19.8,194,10.504776971276133,6.6064190218669845,11.84422199179318,-0.05556029514954375,5.21736236956931,0.09805483875835641,-0.3911870013557781,0.03708735299614041
450,2026-05-03 17:00:00,17,6,1,0,2.0,hangout,0,0,6,ethan,improving,28.5,transit,0,0,5.1,7.5,26.9,178,12.777221188612351,4.072962920733193,9.750634625317815,-0.11112185098515681,-0.15384159813461018,0.11229387464234186,-0.23798048232527336,0.3161520528455686
450,2026-05-03 17:00:00,17,6,1,0,2.0,hangout,0,0,6,hana,steady,16.8,drive,1,0,4.2,4.5,22.3,174,5.110231717966816,2.1817003360199863,6.845780490847662,-0.20232826992295028,-0.16958258067860665,-0.04934254979132113,-0.4200877819815494,-0.18029398141868835
450,2026-05-03 17:00:00,17,6,1,0,2.0,hangout,0,0,6,jake,chronically late,13.1,walk,0,0,9.0,11.5,12.9,205,12.615864178647904,4.867999257983586,12.961675479613687,-0.2413004694303762,0.30110503775499,0.06231420970179258,-0.024672217271602292,0.063895116578367
450,2026-05-03 17:00:00,17,6,1,0,2.0,hangout,0,0,6,marcus,party procrastinator,15.5,drive,1,0,2.1,4.5,14.2,200,7.142592573249074,5.5865183925232005,5.912169306642592,-0.4844311189601802,0.05218856977356978,-0.014465211686598423,-2.314029161938496,-0.21115492315294837
450,2026-05-03 17:00:00,17,6,1,0,2.0,hangout,0,0,6,maya,always early,32.5,transit,0,0,-0.8,-1.5,38.8,187,-0.964940221270521,1.836361300488425,-0.3614114917915775,-0.5501937998611294,-0.3366202030791495,-0.26005812738336076,-0.5669177123047996,-0.25773991850664857
450,2026-05-03 17:00:00,17,6,1,0,2.0,hangout,0,0,6,zoe,forgets far-off plans,18.8,transit,1,0,1.8,3.5,19.2,181,6.349631599548709,4.917166987236339,7.199894742728203,-0.38860982025392676,0.38604509428279066,0.0270819521624599,-0.5711669770470964,-2.0927477512884085
595,2026-05-03 19:00:00,19,6,1,0,48.0,hangout,0,0,5,hana,steady,12.8,walk,1,0,7.4,4.0,11.5,175,5.104870745879284,2.176415326510404,6.715677355965511,-0.20245019565990674,-0.1798839350752761,-0.04917277085357341,-0.41821970716714496,-0.18022491560378384
595,2026-05-03 19:00:00,19,6,1,0,48.0,hangout,0,0,5,marcus,party procrastinator,21.4,drive,0,0,5.2,4.0,26.6,201,7.117848224554714,5.583904556782374,5.762242349872776,-0.48755512263344425,0.01046946010833949,-0.015872381291904603,-2.306467253935595,-0.215558570891341
595,2026-05-03 19:00:00,19,6,1,0,48.0,hangout,0,0,5,priya,overbooked,36.5,transit,0,0,1.3,3.0,29.9,195,10.524383671291355,6.595357281647737,11.849823906083245,-0.049557014770016394,-6.431917911775169,0.09992771772185272,-0.3847213552654427,0.0422133918577714
595,2026-05-03 19:00:00,19,6,1,0,48.0,hangout,0,0,5,sofia,morning struggler,6.9,walk,0,0,1.0,2.0,7.2,179,3.608025729664517,3.7864025200141063,2.616578779904148,-0.2389970584956096,-0.03328026507822068,-0.720297725980866,-0.24305756856436878,-0.19163780290114518
595,2026-05-03 19:00:00,19,6,1,0,48.0,hangout,0,0,5,zoe,forgets far-off plans,16.6,transit,1,0,3.8,3.0,17.7,182,6.3250092741084005,4.91507029579017,5.250002649745257,-0.393330874310168,0.3094916533024392,0.024848133723266663,-0.5735287058811505,-2.0857966277348243
326,2026-05-03 22:00:00,22,6,1,0,24.0,hangout,0,1,5,hana,steady,29.9,transit,0,0,7.8,5.5,29.9,176,5.117313194099366,2.1773910458456758,6.347803769742676,0.33732535434174693,-0.015941385492771687,-0.047623857061593,-0.4120342278544209,-0.1750453748598053
326,2026-05-03 22:00:00,22,6,1,0,24.0,hangout,0,1,5,leo,rain hater,38.0,transit,0,0,14.5,12.5,43.3,182,5.945099936534679,4.945448122342535,7.812885696152764,6.647698134285965,0.054393258585548665,-0.17289044110074947,-0.28092006042081685,-0.3416198061858484
326,2026-05-03 22:00:00,22,6,1,0,24.0,hangout,0,1,5,marcus,party procrastinator,27.3,transit,0,0,3.9,5.5,19.8,202,7.108375304985436,5.571698056554078,6.088107229995839,1.92980787001287,0.007277749661532162,-0.01624461546560152,-2.2949508946565302,-0.2163175475297212
326,2026-05-03 22:00:00,22,6,1,0,24.0,hangout,0,1,5,omar,average,24.3,transit,1,0,4.3,6.5,20.5,187,6.02413379235409,2.6566834155706656,4.435466797815454,0.4517982272738781,0.2571570366197493,-0.08862441616436811,-0.21099373932586296,-0.12799599927562078
326,2026-05-03 22:00:00,22,6,1,0,24.0,hangout,0,1,5,zoe,forgets far-off plans,34.5,transit,0,0,3.2,4.5,53.8,183,6.311349404957367,4.905106144664325,4.5318141157021055,1.18988422601626,-0.1186962568954879,0.02363211222891959,-0.5730700126384978,-2.075589221115279
255,2026-05-05 19:00:00,19,1,0,0,96.0,study,0,0,3,hana,steady,35.3,drive,1,1,3.9,3.0,36.2,177,5.132036700030331,2.180888730573799,6.5948676285800945,-0.21010941484402235,-0.15483303002729798,-0.04613968557858694,-0.4056354766959869,0.3670152880685178
255,2026-05-05 19:00:00,19,1,0,0,96.0,study,0,0,3,leo,rain hater,14.5,walk,1,1,4.2,2.0,15.3,183,5.990588720242128,4.972339867231817,9.168739634354894,-2.549496265947767,-0.3316344179930031,-0.1686279224576248,-0.2714799711438811,1.0936294163727656
255,2026-05-05 19:00:00,19,1,0,0,96.0,study,0,0,3,marcus,party procrastinator,8.3,walk,0,1,2.6,3.0,8.9,203,7.0929359586803855,5.562505038372939,4.140838845337252,-0.47184317883777016,0.001743530449562769,-0.017234050170828574,-2.2854081027672786,0.9330318411586873
672,2026-05-05 21:00:00,21,1,0,0,2.0,hangout,0,0,2,leo,rain hater,16.4,drive,0,0,1.0,2.0,20.0,184,5.980971728030552,4.960505168951135,7.95170620800873,-2.53483797880961,0.07716920872723776,-0.16823770239434843,-0.27130390489710177,-0.3177818685558629
672,2026-05-05 21:00:00,21,1,0,0,2.0,hangout,0,0,2,marcus,party procrastinator,13.6,walk,0,0,1.1,3.0,14.9,204,7.071309361711839,5.557732779351159,4.177516960489098,-0.4745061451909036,-0.005761597100705451,-0.01852662766904345,-2.277483640951134,-0.1977247872434713
181,2026-05-06 11:00:00,11,2,0,0,2.0,food,0,0,2,hana,steady,31.6,drive,0,0,3.4,3.0,33.7,178,5.124985608368264,2.176542329140786,6.178567316676647,-0.21083172570766529,-0.0036357686467933803,-0.046106711576071824,-0.40429072067394944,-0.1627447253210823
181,2026-05-06 11:00:00,11,2,0,0,2.0,food,0,0,2,omar,average,35.0,transit,0,0,0.9,4.0,31.0,188,6.014882727105659,2.6524885925039365,3.98996649345876,-0.17248804037911647,-0.10305330286880299,-0.08876868444907782,-0.21091558807313948,-0.12962170965182995
451,2026-05-06 17:00:00,17,2,0,0,48.0,study,0,0,3,marcus,party procrastinator,7.7,walk,0,0,0.4,3.0,7.4,205,7.042604568003829,5.5597627260966584,4.140744162286809,-0.4787857209861732,-0.015478638192387706,-0.02015171805348359,-2.271351492474304,-0.20322293309042294
451,2026-05-06 17:00:00,17,2,0,0,48.0,study,0,0,3,omar,average,11.4,walk,0,0,9.8,4.0,10.9,189,5.988386388045381,2.6711081472074456,3.7395389680129663,-0.18005127435258306,-0.1106252493683808,-0.09093121059967668,-0.21387216617270877,-0.1367947305438877
451,2026-05-06 17:00:00,17,2,0,0,48.0,study,0,0,3,sofia,morning struggler,34.2,transit,0,0,-0.7,1.0,27.0,180,3.593226806923264,3.780490855842811,2.2123505162637898,-0.24104657220177206,-0.0376751110202469,-0.7165819818689347,-0.24409606643874193,-0.19280287080392844
303,2026-05-07 14:00:00,14,3,0,0,24.0,hangout,0,1,4,ethan,improving,9.7,walk,0,0,6.3,7.8,9.7,179,12.734331527478078,4.103389566705106,9.309809007850879,1.0107045081173656,-0.1691310941142401,0.1091837463000278,-0.24577750338940163,0.3057441714660172
303,2026-05-07 14:00:00,14,3,0,0,24.0,hangout,0,1,4,hana,steady,33.1,transit,0,0,7.4,5.0,40.8,179,5.115309788347642,2.174035679354905,5.275802796670755,0.38423922976270664,-0.006784071378524104,-0.04630093725199558,-0.4036219663625227,-0.1641005490206684
303,2026-05-07 14:00:00,14,3,0,0,24.0,hangout,0,1,4,leo,rain hater,35.7,drive,0,0,11.4,12.0,42.6,185,5.954300005557716,4.960399616315477,7.2583714301593485,6.67535093836282,0.06899865234690505,-0.16874231309733911,-0.2736323407206589,-0.32246013609504587
303,2026-05-07 14:00:00,14,3,0,0,24.0,hangout,0,1,4,marcus,party procrastinator,32.3,drive,0,0,7.0,5.0,31.1,206,7.010981047658608,5.565447837625485,3.8888517279024595,1.8993577077571429,-0.026262889919276056,-0.02209537816210716,-2.2662155199492915,-0.20951607502473912
43,2026-05-07 21:00:00,21,3,0,0,6.0,study,0,0,6,jake,chronically late,35.1,drive,0,0,9.5,11.5,43.2,206,12.597764920919499,4.863170661321547,12.442218548834145,-0.24445924849865364,0.2930117104831016,0.06147540372672111,-0.02647397711086441,0.059816400284017135
43,2026-05-07 21:00:00,21,3,0,0,6.0,study,0,0,6,leo,rain hater,18.8,transit,0,0,3.6,3.5,19.0,186,5.9828711953613345,4.963206513168427,6.509391770103238,-2.5538968574964986,0.0772245111507095,-0.16585285669026018,-0.26730955264224754,-0.3126481046028502
43,2026-05-07 21:00:00,21,3,0,0,6.0,study,0,0,6,marcus,party procrastinator,27.8,drive,0,0,4.3,4.5,26.8,207,7.010983010915165,5.551988520900286,4.145995145975761,-0.4839195512955392,-0.026169873930222742,-0.022042542666023124,-2.2531055978071652,-0.20838349631758923
43,2026-05-07 21:00:00,21,3,0,0,6.0,study,0,0,6,omar,average,5.0,walk,0,0,5.0,5.5,5.0,190,6.00783794007187,2.6784973254490425,4.545096554306249,-0.1722433420694749,-0.10363274467476913,-0.08828440581574082,-0.20935427902326964,-0.1298040204616795
43,2026-05-07 21:00:00,21,3,0,0,6.0,study,0,0,6,priya,overbooked,22.6,transit,1,0,13.2,15.5,13.7,196,10.477753225442859,6.611904654731895,9.879358064412244,-0.06064423079737402,5.232583871315525,0.09544873245668306,-0.3905349241294811,0.0312695995705603
43,2026-05-07 21:00:00,21,3,0,0,6.0,study,0,0,6,zoe,forgets far-off plans,10.4,walk,0,0,2.2,3.5,10.6,184,6.2943301498096025,4.897042980246147,3.9698086142313147,-0.3781964712446504,-0.12319972499108545,0.022458837473154247,-0.5730856644261744,-2.0661433204241426
202,2026-05-07 22:00:00,22,3,0,0,6.0,study,0,0,3,priya,overbooked,6.8,walk,0,0,5.6,2.0,6.5,197,10.491179330643147,6.597754004710326,11.24033695161233,-0.05669215592841681,-6.431224422366051,0.09635203453353114,-0.3856856717166206,0.03445860100272924
202,2026-05-07 22:00:00,22,3,0,0,6.0,study,0,0,3,sofia,morning struggler,20.8,transit,0,0,1.6,1.0,23.4,181,3.569990455859763,3.782865222249429,1.9628544159599322,-0.24636064572757954,-0.04589007974969972,-0.7140918475490956,-0.24773269921912533,-0.19642388083238238
202,2026-05-07 22:00:00,22,3,0,0,6.0,study,0,0,3,zoe,forgets far-off plans,11.0,walk,0,0,1.0,2.0,11.0,185,6.272727498894294,4.8929284850660535,3.977922142541227,-0.38243265095867507,-0.12992446073824127,0.020326644333072963,-0.574897579575123,-2.0588775828240147
313,2026-05-07 22:00:00,22,3,0,0,48.0,study,0,0,5,ethan,improving,25.2,transit,0,0,4.8,6.8,24.9,180,12.699378959452371,4.121241684819195,8.699822559843534,-0.08891116366732277,-0.18223795350265526,0.10574615367484164,-0.25268886210196584,0.29608487794931904
313,2026-05-07 22:00:00,22,3,0,0,48.0,study,0,0,5,marcus,party procrastinator,10.5,walk,1,0,3.0,4.0,10.5,208,6.99805214788117,5.541803524785275,4.199443470823192,-0.4842356118152402,0.09284536532250698,-0.022609693276239184,-2.2431951493874944,-0.21003930277091065
313,2026-05-07 22:00:00,22,3,0,0,48.0,study,0,0,5,omar,average,39.3,drive,0,0,6.5,5.0,34.8,191,6.002475038258618,2.6724184039077423,4.900707153788177,-0.1725917588460799,-0.10435493896912007,-0.08812132841634757,-0.20876188686386055,-0.13031675779567564
313,2026-05-07 22:00:00,22,3,0,0,48.0,study,0,0,5,sofia,morning struggler,27.6,drive,0,0,1.9,2.0,32.4,182,3.5592786497256097,3.775008587029422,1.71693675706446,-0.24773855959888813,-0.049304412235409156,-0.7106954472193077,-0.24840433402927564,-0.19727616081024246
313,2026-05-07 22:00:00,22,3,0,0,48.0,study,0,0,5,zoe,forgets far-off plans,20.7,transit,0,0,3.1,3.0,30.3,186,6.244948206799419,4.894862851318483,3.49855663051412,-0.38840632066521064,-0.13857068242702475,0.01775984366983696,-0.5781229437609765,-2.0534499332394383
30,2026-05-09 08:00:00,8,5,1,1,48.0,hangout,0,1,6,ethan,improving,10.0,walk,0,0,9.9,8.8,10.1,181,12.65669287353219,4.15303238992981,8.259055106723483,0.921678708758467,-0.1982968411791468,0.7155380843118735,-0.261376112959244,0.2848677954912784
30,2026-05-09 08:00:00,8,5,1,1,48.0,hangout,0,1,6,hana,steady,10.8,walk,0,0,9.5,6.0,11.8,180,5.127269591767499,2.174928620937441,5.736362740504999,0.4092652753803785,-0.0018282395456461487,-0.08181616613624865,-0.39762025870320183,-0.1589951158570404
30,2026-05-09 08:00:00,8,5,1,1,48.0,hangout,0,1,6,marcus,party procrastinator,33.0,drive,1,0,7.6,6.0,36.8,209,6.9791816564345215,5.535414287723801,4.251194758981292,1.8851718609470929,0.03829041869131444,0.3633832208635219,-2.2349522984910006,-0.2131030785691408
30,2026-05-09 08:00:00,8,5,1,1,48.0,hangout,0,1,6,omar,average,7.7,walk,1,0,4.4,7.0,7.8,192,6.004796317142069,2.6657147043490306,5.501370376326306,0.4256833145721375,0.23320329922689798,0.5964658715795288,-0.20695734251154985,-0.12851256497619623
30,2026-05-09 08:00:00,8,5,1,1,48.0,hangout,0,1,6,priya,overbooked,39.5,transit,1,0,15.7,17.0,48.9,198,10.466723519591072,6.590537955416194,9.847635291311734,0.6503373547799818,5.221497321770611,-0.0017962775934226016,-0.3876742761741845,0.028687364229019963
30,2026-05-09 08:00:00,8,5,1,1,48.0,hangout,0,1,6,sofia,morning struggler,16.1,transit,0,0,22.7,19.0,16.1,183,3.5502386940265285,3.7664509906788357,1.6000681982932936,0.442010049754197,-0.0520032793447367,8.492160803675983,-0.24863873561803995,-0.19771546465462553
73,2026-05-09 09:00:00,9,5,1,1,2.0,party,1,0,2,jake,chronically late,36.3,drive,1,0,15.0,12.0,34.3,207,12.583105927951678,4.856592066367269,12.180887407986193,-0.2476453813677839,-0.24952609239995915,0.9531016979164626,1.0819111572018194,0.05558137988316858
73,2026-05-09 09:00:00,9,5,1,1,2.0,party,1,0,2,maya,always early,20.6,transit,0,0,1.0,-1.0,26.6,188,-0.9651893433898653,1.8316767211174485,-0.1757683838256758,-0.5451211074003328,-0.33292063396840565,0.45731767358053244,1.6128879277247343,-0.2547182008005908
612,2026-05-09 22:00:00,22,5,1,0,96.0,party,1,0,5,ethan,improving,9.8,walk,0,1,6.7,8.8,9.5,182,12.642374108734401,4.147208633738726,8.569249745352687,-0.08812500773668042,-0.203316237089755,0.1156478829910057,1.8184645897832823,-0.43917780748662594
612,2026-05-09 22:00:00,22,5,1,0,96.0,party,1,0,5,marcus,party procrastinator,8.1,walk,0,1,29.9,16.0,8.6,210,6.9824370155038755,5.522383744563775,5.180696290143964,-0.48926353804686773,-0.015077848358695078,-0.026767820003780862,8.644500430663218,0.9011864387227773
612,2026-05-09 22:00:00,22,5,1,0,96.0,party,1,0,5,priya,overbooked,27.1,transit,0,1,4.5,5.0,30.8,199,10.492764501633989,6.584012490437002,10.183647000466854,-0.087529213705686,-6.415983822197359,0.06841974444098398,2.5697755743711603,0.29171897417503345
612,2026-05-09 22:00:00,22,5,1,0,96.0,party,1,0,5,sofia,morning struggler,33.8,drive,0,1,6.5,4.0,36.1,184,3.6519786155202816,4.013774685786544,4.829136747291509,-0.3468442028337857,-0.014937114973793353,-0.8060903206447181,0.5274628588575352,0.3409594161738778
612,2026-05-09 22:00:00,22,5,1,0,96.0,party,1,0,5,zoe,forgets far-off plans,11.3,walk,1,1,12.3,14.0,10.4,187,6.228770616319444,4.887079261700516,3.679648747519841,-0.3911449291087967,0.34071669900599133,0.015917456356095094,2.1823257107204874,6.635226189802232
641,2026-05-10 18:00:00,18,6,1,0,168.0,study,0,0,3,jake,chronically late,29.7,drive,0,1,27.4,10.0,27.3,208,12.594785683799767,4.84747117989028,11.669938766799934,-0.2428224812603812,0.27387618905087585,0.04858395829522699,-0.04008714391267887,0.3959518905262964
641,2026-05-10 18:00:00,18,6,1,0,168.0,study,0,0,3,priya,overbooked,15.3,transit,0,1,10.4,2.0,22.4,200,10.463850490972442,6.581527007465668,8.746814425992126,-0.09505981353351345,-6.3840735828556445,0.0646718903689365,-0.3529456474789061,0.16756028176237336
641,2026-05-10 18:00:00,18,6,1,0,168.0,study,0,0,3,sofia,morning struggler,17.7,drive,0,1,0.4,1.0,14.7,185,3.6673123718386873,4.00870236705603,5.619232106239624,-0.34022135264946973,-0.009714037159012978,-0.8008120300751873,-0.23923286640075414,0.39944653842398337
409,2026-05-11 19:00:00,19,0,0,0,6.0,food,0,0,4,jake,chronically late,12.5,walk,0,0,12.5,10.5,12.4,209,12.664178898282078,4.940676760567041,13.84690825665202,-0.21947471459888312,0.3004720339205704,0.05433301461051343,-0.02823828602854661,-0.009406255890155535
409,2026-05-11 19:00:00,19,0,0,0,6.0,food,0,0,4,leo,rain hater,10.6,walk,0,0,4.0,2.5,11.3,187,5.971011897043568,4.952902030683749,6.6631462562981625,-2.541256236307779,0.07239909292476199,-0.16636483462390572,-0.2683192373677237,-0.3145276423002281
409,2026-05-11 19:00:00,19,0,0,0,6.0,food,0,0,4,marcus,party procrastinator,23.1,transit,0,0,2.8,3.5,17.4,211,7.089047612186876,5.72969164671484,9.425442174910534,-0.4590748232672519,0.022272866714560635,-0.019410534221175446,-2.3253605375529656,-0.31519796015915524
409,2026-05-11 19:00:00,19,0,0,0,6.0,food,0,0,4,zoe,forgets far-off plans,25.6,drive,0,0,4.3,2.5,23.6,188,6.260799400167696,4.8941552375163795,4.903085542905056,-0.3793159763210836,-0.17447065358661007,0.018228207571742594,-0.6098185275508907,-2.076004718042938
540,2026-05-12 08:00:00,8,1,0,1,6.0,food,0,0,4,leo,rain hater,17.0,transit,0,0,2.3,2.5,25.9,188,5.960742177023997,4.941736131987343,5.160212050578285,-2.527383073655108,0.0688874998517921,1.9780048141390791,-0.2683674071115263,-0.3152055687860482
540,2026-05-12 08:00:00,8,1,0,1,6.0,food,0,0,4,marcus,party procrastinator,34.3,transit,0,0,1.0,3.5,39.2,212,7.069231521500605,5.723721818540291,8.819780434714458,-0.46158289873070135,0.015196268789046563,0.3205123189995964,-2.3172647169125193,-0.31813566894472256
540,2026-05-12 08:00:00,8,1,0,1,6.0,food,0,0,4,maya,always early,15.6,drive,0,0,-2.0,-2.5,14.8,189,-0.9545193805895286,1.8336296209577525,-0.02986268016843674,-0.5385852966114623,-0.3274847077868249,0.538484268651432,-0.5725872673071238,-0.25053027237091363
540,2026-05-12 08:00:00,8,1,0,1,6.0,food,0,0,4,sofia,morning struggler,28.4,transit,0,0,17.2,16.5,28.2,186,3.650383456364562,4.004662128716375,5.771538130389875,-0.34337067448574343,-0.015995141907458876,9.189039206622782,-0.24188083195058185,-0.17380897335316936
209,2026-05-12 15:00:00,15,1,0,0,96.0,food,0,0,6,ethan,improving,33.7,drive,1,1,8.1,7.2,30.1,183,12.611165267276244,4.160228762858121,8.288904362078927,-0.09836646495637247,1.030903060159135,0.11174900581065828,-0.23353003132571715,-0.5651700912656512
209,2026-05-12 15:00:00,15,1,0,0,96.0,food,0,0,6,hana,steady,27.8,drive,0,1,4.4,4.5,34.4,181,5.151607904558784,2.193548429233931,6.043316544159652,-0.24753462337050802,0.005949520604030312,-0.06832358908836422,-0.3901920635016811,0.31253254945967957
209,2026-05-12 15:00:00,15,1,0,0,96.0,food,0,0,6,jake,chronically late,34.0,drive,1,1,47.5,11.5,39.8,210,12.663251489525273,4.928942613121674,14.103786139864365,-0.21824395989876777,-0.2817474669061113,0.05415572556198889,-0.02805863076130244,0.6413497327646507
209,2026-05-12 15:00:00,15,1,0,0,96.0,food,0,0,6,marcus,party procrastinator,37.5,transit,0,1,3.5,4.5,62.5,213,7.04128013875199,5.725333960822571,8.34036575392914,-0.4661027337024999,0.005425319998069611,0.006576869430424459,-2.3113004738154928,1.3611942959866141
209,2026-05-12 15:00:00,15,1,0,0,96.0,food,0,0,6,maya,always early,36.0,transit,0,1,-2.0,-1.5,43.8,190,-0.9600047679593134,1.8297979847021213,-0.2028585051312324,-0.5366620576393303,-0.3270702241481461,-0.2625228355560524,-0.5701158575816297,-0.02260444594930755
209,2026-05-12 15:00:00,15,1,0,0,96.0,food,0,0,6,sofia,morning struggler,37.0,drive,0,1,3.2,2.5,35.3,187,3.720828490874655,4.1159406840066595,8.020236711678473,-0.3194765540907265,0.00954490536240149,-0.8664101257407366,-0.22392760053482252,0.2515087995246028
567,2026-05-12 20:00:00,20,1,0,0,24.0,hangout,0,0,6,hana,steady,15.7,drive,0,0,4.6,4.5,14.3,182,5.147904470279826,2.1881287113827623,5.556544134365665,-0.2476180764291076,0.004148879730097477,-0.06858513496118679,-0.3889398099482193,-0.1483131030406435
567,2026-05-12 20:00:00,20,1,0,0,24.0,hangout,0,0,6,jake,chronically late,9.8,walk,0,0,8.7,11.5,10.0,211,12.824806184918181,5.464356283764907,19.64994462426234,-0.16632981036704386,0.14201452613688836,0.0679230314591166,-0.000869513359498697,-0.16628577494944707
567,2026-05-12 20:00:00,20,1,0,0,24.0,hangout,0,0,6,maya,always early,7.6,walk,1,0,-1.8,-1.5,7.5,191,-0.9650095104983292,1.8259881199606824,-1.1328598601423798,-0.5351563673327413,0.16453691516829816,-0.26190331765736286,-0.5680746065824591,-0.24554274633603224
567,2026-05-12 20:00:00,20,1,0,0,24.0,hangout,0,0,6,omar,average,16.3,drive,0,0,4.6,5.5,14.4,193,5.997768363345087,2.661220702371044,5.513648103812883,-0.1636312461297882,-0.09589276713258332,-0.08034299822636815,-0.20811783867808487,-0.13117322349428395
567,2026-05-12 20:00:00,20,1,0,0,24.0,hangout,0,0,6,sofia,morning struggler,13.0,walk,0,0,12.4,2.5,12.8,188,3.7184359375250122,4.105100946382555,8.205267410721431,-0.31848738694853207,0.00822282745872105,-0.8621945184669517,-0.22345345499318015,-0.15450935561429757
567,2026-05-12 20:00:00,20,1,0,0,24.0,hangout,0,0,6,zoe,forgets far-off plans,37.4,transit,0,0,3.2,3.5,34.2,189,6.250815133723337,4.883223371539201,5.057375752492383,-0.3800646359034898,-0.17697788427696448,0.017064402917414512,-0.6087007307574082,-2.065590951692963
443,2026-05-13 12:00:00,12,2,0,0,6.0,food,0,0,5,hana,steady,25.0,transit,1,0,7.5,4.0,21.9,183,5.144851784700074,2.182450587539582,5.655671938485736,-0.24683553345187104,-0.18751337443536098,-0.0683110042309707,-0.38700397108789275,-0.14804467783094477
443,2026-05-13 12:00:00,12,2,0,0,6.0,food,0,0,5,leo,rain hater,28.7,drive,0,0,3.2,3.0,23.2,189,5.941918224348525,4.935691477648481,4.883405206956722,-2.517024492474438,0.06271962612038084,-0.14781232639315878,-0.2699323113558778,-0.3182902554202274
443,2026-05-13 12:00:00,12,2,0,0,6.0,food,0,0,5,marcus,party procrastinator,10.4,walk,1,0,7.2,4.0,10.2,214,7.02526089280189,5.717050321727863,8.407217397943397,-0.4678097441276794,0.006227115198274014,0.005154032505847894,-2.3026412048018363,-0.3073369791129483
443,2026-05-13 12:00:00,12,2,0,0,6.0,food,0,0,5,priya,overbooked,30.1,transit,1,0,22.8,15.0,33.3,201,10.463748230697156,6.565143289240321,10.046785208770615,-0.09477373277209189,5.224446138136052,0.06409858162475857,-0.35121296994299733,0.0625537999783532
443,2026-05-13 12:00:00,12,2,0,0,6.0,food,0,0,5,zoe,forgets far-off plans,38.1,drive,0,0,3.2,3.0,31.9,190,6.23503659242879,4.87529358445479,5.195724740693939,-0.382257618820006,-0.18115022106295253,0.015647467473635324,-0.6087775800882618,-2.056767422741574
194,2026-05-15 12:00:00,12,4,0,0,24.0,study,0,0,3,hana,steady,10.8,walk,1,0,3.6,3.0,10.6,184,5.157435718214009,2.183681787888552,6.2449816337754305,-0.2403844425635091,-0.14998997607804654,-0.06700455290076857,-0.38172120489509087,-0.14352119427354193
194,2026-05-15 12:00:00,12,4,0,0,24.0,study,0,0,3,jake,chronically late,12.2,walk,0,0,7.6,10.0,11.6,212,12.805785026462893,5.4592749340245526,19.530224293275115,-0.17129434520659537,0.13325271323337873,0.06592539085237448,-0.0040538415559741026,-0.1705613188059143
194,2026-05-15 12:00:00,12,4,0,0,24.0,study,0,0,3,priya,overbooked,27.8,transit,1,0,17.1,14.0,31.9,202,10.523455800688152,6.605062494319586,11.435273085910902,-0.07871009233434023,5.227538089171512,0.0698633607881014,-0.3379654692081484,0.07723815791208821
165,2026-05-15 13:00:00,13,4,0,0,24.0,food,0,0,6,ethan,improving,36.4,drive,1,0,6.3,7.1,32.6,184,12.587694355179018,4.163063769958493,8.710769815765433,-0.10592400054959938,0.9550858514156335,0.10858919412376267,-0.23841389210872777,0.33229591090948674
165,2026-05-15 13:00:00,13,4,0,0,24.0,food,0,0,6,hana,steady,39.8,transit,1,0,5.3,4.5,31.0,185,5.149338069099128,2.1805776571631013,5.699810876885465,-0.24191473331547098,-0.16921183616524793,-0.06741201162415322,-0.38132104159599134,-0.1450553515792894
165,2026-05-15 13:00:00,13,4,0,0,24.0,food,0,0,6,jake,chronically late,39.9,transit,0,0,10.6,11.5,40.0,213,12.781991895086394,5.458679005597135,18.466283398596115,-0.17781566287796835,0.12250151931507425,0.06342254137912917,-0.008117761707170601,-0.17622069808392382
165,2026-05-15 13:00:00,13,4,0,0,24.0,food,0,0,6,maya,always early,24.4,drive,0,0,-1.5,-1.5,25.5,192,-0.9691663292952569,1.821786256653221,-1.0769046655129304,-0.533108878905245,-0.3230352358836367,-0.26097406008776647,-0.5656302876480545,-0.24532290713362237
165,2026-05-15 13:00:00,13,4,0,0,24.0,food,0,0,6,priya,overbooked,25.6,transit,0,0,1.4,3.5,29.3,203,10.555164582350168,6.604416540708921,13.087189880671476,-0.07010054145223421,-6.40329412584218,0.07268942237393006,-0.33015998507781497,0.08469319948366127
165,2026-05-15 13:00:00,13,4,0,0,24.0,food,0,0,6,zoe,forgets far-off plans,25.6,transit,0,0,4.1,3.5,17.0,191,6.219766495555277,4.867382624426135,5.50564757015865,-0.3847091418034827,-0.1855461433554355,0.013922811389159406,-0.609148792569175,-2.048345505439846
195,2026-05-15 18:00:00,18,4,0,0,48.0,study,0,0,4,ethan,improving,11.7,walk,0,0,6.8,6.1,12.2,185,12.554391330006975,4.1785647313431475,8.701254665716279,-0.11580659089109169,-0.16043544205051674,0.10522853954629419,-0.24495571045547138,0.3226463703097018
195,2026-05-15 18:00:00,18,4,0,0,48.0,study,0,0,4,hana,steady,27.2,drive,0,0,4.7,3.5,23.6,186,5.149918076970289,2.1747571671959354,5.099976593420083,-0.2397096939783765,-0.0016815249642929686,-0.06677116876669054,-0.3785370053674493,-0.14367077180679289
195,2026-05-15 18:00:00,18,4,0,0,48.0,study,0,0,4,marcus,party procrastinator,5.9,walk,1,0,2.2,3.5,6.0,215,7.026065239551478,5.703751557353733,8.350304354157565,-0.4650019647036725,0.008347068885087516,0.0051803403420978,-2.2895829702902635,-0.30545570254729437
195,2026-05-15 18:00:00,18,4,0,0,48.0,study,0,0,4,sofia,morning struggler,23.4,transit,0,0,4.7,1.5,24.0,189,3.7630636737181704,4.143344927259736,6.746589621062335,-0.3028328347077731,0.024115362802855422,-0.8537412912801767,-0.2117345479861279,-0.14321602946761036
232,2026-05-15 20:00:00,20,4,0,0,24.0,food,0,1,2,priya,overbooked,35.7,transit,1,0,18.4,15.5,27.9,204,10.511053945786504,6.61976364118303,11.031729698796145,0.7152021844165066,5.250755043532253,0.06809692910490206,-0.3363024472924341,0.0734797953183648
232,2026-05-15 20:00:00,20,4,0,0,24.0,food,0,1,2,zoe,forgets far-off plans,15.8,transit,0,0,3.9,3.5,13.0,192,6.208681597306495,4.8570433346251995,5.6453375992304275,1.190114317300579,-0.18772554406294528,0.013174662080166932,-0.60779086447089,-2.038078965135318
687,2026-05-15 22:00:00,22,4,0,0,24.0,study,0,1,2,marcus,party procrastinator,23.9,transit,1,0,7.3,4.5,27.1,216,7.004215180443659,5.699961175204093,4.386918622983903,1.8353734261263037,-0.052197248740021074,0.0035042286145232637,-2.2824314254313354,-0.3090444337281735
687,2026-05-15 22:00:00,22,4,0,0,24.0,study,0,1,2,priya,overbooked,37.7,drive,1,0,13.8,15.5,44.6,205,10.548721689895473,6.625933115344468,13.028206197112992,0.8411362756484682,5.236641713850169,0.07150194317877201,-0.32748628409725633,0.08234580108985945
2,2026-05-16 12:00:00,12,5,1,0,48.0,food,0,0,6,ethan,improving,19.2,drive,1,0,6.3,7.1,18.2,186,12.5243442209052,4.189631924948903,8.978384063115772,-0.12487313236110431,0.8880992464142139,0.10188756300883384,-0.25095746227764515,0.3135282388716938
2,2026-05-16 12:00:00,12,5,1,0,48.0,food,0,0,6,maya,always early,6.1,walk,0,0,-0.5,-1.5,6.0,193,-0.9719709788237706,1.8172093233375255,-1.1777059939496488,-0.530381013948248,-0.32171932247904056,-0.25970391249579083,-0.5627027187745656,-0.24443834742058101
2,2026-05-16 12:00:00,12,5,1,0,48.0,food,0,0,6,omar,average,28.2,drive,0,0,5.9,5.5,30.9,194,5.9907022421753435,2.6561721627139314,6.040200640621527,-0.16486229962059262,-0.0974537827503319,-0.0806288116814482,-0.2080118375680895,-0.1323996229977853
2,2026-05-16 12:00:00,12,5,1,0,48.0,food,0,0,6,priya,overbooked,10.3,walk,0,0,5.0,3.5,10.3,206,10.56421680660139,6.613488189639338,13.51834765902897,-0.1323280769954689,-6.440836974675001,0.07262545887313543,-0.3228921690573969,0.0856160490807305
2,2026-05-16 12:00:00,12,5,1,0,48.0,food,0,0,6,sofia,morning struggler,30.3,transit,0,0,1.8,2.5,30.4,190,3.7679474163738114,4.133088192325463,6.490842118963946,-0.2995075651928434,0.025564320665844242,-0.848813702417762,-0.2094214220065167,-0.14132326249731397
2,2026-05-16 12:00:00,12,5,1,0,48.0,food,0,0,6,zoe,forgets far-off plans,34.9,drive,1,0,4.5,3.5,35.6,193,6.197220940368149,4.847230761745544,4.442063125819471,-0.37408478100143494,0.4794349192826344,0.01184413867400469,-0.6071832570234541,-2.0287202692025037
563,2026-05-17 12:00:00,12,6,1,0,6.0,party,1,0,5,jake,chronically late,14.2,walk,0,0,11.4,13.0,15.3,214,12.771699203224077,5.448204727626065,16.063342629492592,-0.17954425576138888,0.11797687234900422,0.06256534054349672,0.9645037972796846,-0.17761683949612284
563,2026-05-17 12:00:00,12,6,1,0,6.0,party,1,0,5,marcus,party procrastinator,7.8,walk,0,0,13.7,16.0,8.4,217,7.005414979757084,5.686847533949438,5.030118565644882,-0.4691534525416099,0.018844507584996784,0.0037180766352644667,8.934304039781727,-0.30690637375279195
563,2026-05-17 12:00:00,12,6,1,0,6.0,party,1,0,5,maya,always early,37.8,drive,1,0,-0.2,0.0,40.4,194,-0.9698385652961161,1.8131693702064169,-1.3913824472274618,-0.525935414096615,0.1504090685094388,-0.2578452671043172,1.6272152468702168,-0.2419397329617219
563,2026-05-17 12:00:00,12,6,1,0,6.0,party,1,0,5,omar,average,28.2,transit,1,0,5.8,7.0,31.2,195,5.9900106275303635,2.6493568370889777,5.48286017929439,-0.1637115811819747,0.20897004874824532,-0.08001034029981291,1.1332055559572005,-0.13146598741864324
563,2026-05-17 12:00:00,12,6,1,0,6.0,party,1,0,5,priya,overbooked,28.3,transit,0,0,5.1,5.0,31.3,207,10.537745875028648,6.609120921706958,10.96792739286533,-0.13839658043716696,-6.406613277370906,0.06981112687563318,2.2795696948285062,0.07885601793194574
257,2026-05-17 13:00:00,13,6,1,0,48.0,food,0,1,6,ethan,improving,28.9,drive,0,0,9.6,8.5,26.2,187,12.491690854787143,4.204191418742724,8.45476881565347,0.992860275919849,-0.14054263541079592,0.09868734562134307,-0.2571436758381829,0.30429948442495736
257,2026-05-17 13:00:00,13,6,1,0,48.0,food,0,1,6,marcus,party procrastinator,26.0,transit,0,0,5.2,6.0,19.8,218,7.03544683461494,5.691789127426304,6.852984809889983,1.7747070839611174,0.029686304145988274,0.005955213371261259,-2.2985560380786154,-0.29807056193518555
257,2026-05-17 13:00:00,13,6,1,0,48.0,food,0,1,6,maya,always early,28.4,transit,0,0,-0.1,0.0,28.2,195,-0.9659767794043411,1.809852500882514,-1.1331362226869546,0.823379101463907,-0.3222224465758038,-0.25610816122144364,-0.5624343023428454,-0.23927565032364428
257,2026-05-17 13:00:00,13,6,1,0,48.0,food,0,1,6,omar,average,17.9,transit,0,0,7.4,7.0,22.8,196,5.9890778314384665,2.6426158190979896,5.59687938041099,0.4000474461535397,-0.09583815735389933,-0.07969401876539095,-0.2057705480644989,-0.13093072982090437
257,2026-05-17 13:00:00,13,6,1,0,48.0,food,0,1,6,sofia,morning struggler,30.0,transit,0,0,7.4,4.0,43.2,191,3.7576767557098547,4.124495279258591,6.68790764448853,0.6638098481716508,0.022111054884435433,-0.8448359827069019,-0.2101866107187007,-0.14250368388943313
257,2026-05-17 13:00:00,13,6,1,0,48.0,food,0,1,6,zoe,forgets far-off plans,35.9,transit,1,0,2.9,5.0,35.6,194,6.188465548337346,4.836213371281109,4.46813301381067,1.1353329462811264,0.44629535244919527,0.011226043864186686,-0.6053837830509243,-2.0181322506195967
220,2026-05-17 19:00:00,19,6,1,0,6.0,party,1,0,2,marcus,party procrastinator,7.4,walk,0,0,13.8,15.0,7.3,219,7.027147665180818,5.680129897191153,7.0934707614802335,-0.45070712194377993,0.026636491520992678,0.005414486583990019,8.86722974600863,-0.2983058363921467
220,2026-05-17 19:00:00,19,6,1,0,6.0,party,1,0,2,omar,average,26.5,transit,0,0,8.4,6.0,29.0,197,5.995945925745065,2.6378740980707924,5.7274131216414474,-0.1696250894307081,-0.09289032301433142,-0.07840726462888714,1.082665440762705,-0.12794761556553347
144,2026-05-19 21:00:00,21,1,0,0,2.0,food,0,0,2,leo,rain hater,13.6,walk,0,0,3.6,2.0,12.9,190,5.927702105168168,4.926603371048177,5.193629172905191,-2.5048355947172034,0.05826224889573339,-0.14792516685719548,-0.2705014625760702,-0.31986343095398606
144,2026-05-19 21:00:00,21,1,0,0,2.0,food,0,0,2,sofia,morning struggler,15.8,drive,1,0,2.6,1.0,17.8,192,3.7761518299887964,4.122474730767427,5.293186237139657,-0.31821144837625503,-0.388060307874488,-0.8388215671548713,-0.20475328968610595,-0.13748056241337858
161,2026-05-20 08:00:00,8,2,0,1,2.0,hangout,0,0,4,ethan,improving,26.4,transit,0,0,5.1,5.9,34.1,188,12.476593374850037,4.198820136503265,8.864740964242868,-0.11966071126446387,-0.1457806635244978,0.6223420547906002,-0.25909043853399893,0.29907722685337923
161,2026-05-20 08:00:00,8,2,0,1,2.0,hangout,0,0,4,jake,chronically late,39.8,transit,0,0,9.2,10.5,35.1,215,12.765375097027531,5.436487389160767,15.90439288486501,-0.18033512327672874,0.11479287475457944,0.9027846521467833,-0.003255953875772377,-0.1782176084109306
161,2026-05-20 08:00:00,8,2,0,1,2.0,hangout,0,0,4,marcus,party procrastinator,19.1,drive,0,0,1.7,3.5,16.9,220,7.057255650426921,5.685479892812062,8.044930185836263,-0.44029807761299367,0.03733771201174729,-0.07061325966850784,-2.317221154536072,-0.28958748778103516
161,2026-05-20 08:00:00,8,2,0,1,2.0,hangout,0,0,4,omar,average,18.9,transit,0,0,1.6,4.5,17.9,198,6.007795671655454,2.6368295574978595,6.302227334758702,-0.16459709243572718,-0.08856163141319229,0.48415324625841016,-0.21488006290108697,-0.12370263837422879
198,2026-05-20 09:00:00,9,2,0,1,24.0,hangout,0,0,6,hana,steady,9.1,walk,0,0,6.3,4.5,8.9,187,5.147171313700919,2.169131749334117,5.14204894677169,-0.238528960075012,-0.0021653237113765655,0.2018857908660543,-0.376322210147765,-0.14301538841657457
198,2026-05-20 09:00:00,9,2,0,1,24.0,hangout,0,0,6,marcus,party procrastinator,10.8,walk,0,0,5.1,4.5,10.5,221,7.0334375762414885,5.683995434464666,7.9666964503547115,-0.4439993910982798,0.02872235247149657,-0.3647794655822274,-2.310666057764946,-0.29350609024572716
198,2026-05-20 09:00:00,9,2,0,1,24.0,hangout,0,0,6,omar,average,5.8,walk,0,0,14.0,5.5,5.4,199,5.986063197208707,2.6483992972941475,5.867446627773917,-0.1705834775523778,-0.0946775620763578,0.2677613735552704,-0.21717875035930145,-0.1290859380355993
198,2026-05-20 09:00:00,9,2,0,1,24.0,hangout,0,0,6,priya,overbooked,17.8,drive,0,0,2.6,3.5,18.2,208,10.512004188875945,6.604277750529505,9.246286911107413,-0.14421336943187768,-6.372210158521515,0.22599685834303784,-0.3007472438246914,0.07233878794908044
198,2026-05-20 09:00:00,9,2,0,1,24.0,hangout,0,0,6,sofia,morning struggler,11.0,walk,0,0,17.4,17.5,10.7,193,3.7699843041948307,4.112529922054658,5.205709801198524,-0.31774121752191986,0.03434850594499661,9.400010463870114,-0.20462333117691411,-0.13775586129739592
198,2026-05-20 09:00:00,9,2,0,1,24.0,hangout,0,0,6,zoe,forgets far-off plans,34.0,transit,0,0,2.5,3.5,39.3,195,6.171784461152881,4.829443282559686,4.42050984604368,-0.35794521560310866,-0.1660962339623886,-0.338906678460857,-0.6055715202640739,-2.01001913010374
402,2026-05-20 22:00:00,22,2,0,0,96.0,study,0,0,2,ethan,improving,21.5,drive,0,1,16.8,5.4,22.9,189,12.438517339268506,4.2231154987226045,8.42529066836243,-0.13123342795955573,-0.1607131485803457,0.13396940082128772,-0.2666886724163664,-0.5225014826106005
402,2026-05-20 22:00:00,22,2,0,0,96.0,study,0,0,2,hana,steady,34.0,drive,0,1,2.2,3.0,30.5,188,5.15322468299529,2.1651183949385775,5.38663562371294,-0.23470993705795262,1.2285164268988069e-05,-0.0720921367591556,-0.3726897549519572,0.2869144855269017
381,2026-05-23 18:00:00,18,5,1,0,6.0,party,1,0,3,hana,steady,19.1,drive,0,0,4.6,5.0,23.4,189,5.138067383460891,2.169644960923281,4.625162109560255,-0.23882368058292958,-0.005720232307067086,-0.07309286478709698,1.391401181871661,-0.1257924684134597
381,2026-05-23 18:00:00,18,5,1,0,6.0,party,1,0,3,jake,chronically late,26.3,drive,1,0,10.5,12.0,30.3,216,12.749253721228113,5.4297022631693785,10.428358206065175,-0.18424638824464346,0.17915041117404762,0.07753984691749238,0.9127544183519039,-0.1815780549014807
381,2026-05-23 18:00:00,18,5,1,0,6.0,party,1,0,3,leo,rain hater,9.2,walk,1,0,3.6,4.0,9.7,191,5.91574016526231,4.916493589237659,4.075925761503517,-2.4920755337908025,-0.2966379733859723,-0.147939626084173,1.4870705785345297,-0.32090556887041366
14,2026-05-23 22:00:00,22,5,1,0,24.0,hangout,0,0,2,marcus,party procrastinator,24.8,transit,0,0,0.4,3.0,26.7,222,7.025020533114314,5.672659734229812,7.650005866604091,-0.44390584471446903,0.025418663760374827,0.03911546065003879,-2.300427583844903,-0.29403594446765524
14,2026-05-23 22:00:00,22,5,1,0,24.0,hangout,0,0,2,zoe,forgets far-off plans,13.9,walk,0,0,1.0,2.0,14.1,196,6.15363015431318,4.824128576682512,4.315322901232337,-0.36147632774269756,-0.17160284660550928,0.027583413620679842,-0.6065504526673262,-2.0028870676995574
34,2026-05-24 11:00:00,11,6,1,0,96.0,hangout,0,0,3,jake,chronically late,21.4,transit,0,1,11.1,10.0,16.6,217,12.738957234126557,5.419581369289743,10.682559209750446,-0.18611363544476056,0.11753212097054089,0.07640231477071602,0.004020932560656831,1.2859341444282926
34,2026-05-24 11:00:00,11,6,1,0,96.0,hangout,0,0,3,leo,rain hater,15.3,transit,0,1,2.0,2.0,16.2,192,5.9037995227212985,4.906439503373135,4.072514149348942,-2.479346836142876,0.06600046188261466,-0.14784740775530647,-0.25918103940565373,1.1014147061740935
34,2026-05-24 11:00:00,11,6,1,0,96.0,hangout,0,0,3,omar,average,38.6,drive,0,1,1.2,4.0,38.5,200,6.025114663298028,2.7019244993152567,7.03574704665658,-0.15659837648479868,-0.08182983006996558,-0.09359565629542121,-0.20941703376197207,0.30734434343580563
100,2026-05-24 19:00:00,19,6,1,0,2.0,hangout,0,0,2,ethan,improving,9.3,walk,0,0,4.8,5.3,8.5,190,12.46067806551148,4.223021886092412,9.931622304431851,-0.12290726864023682,-0.15001572276284492,0.13551532425659296,-0.25941477155149606,0.2671206402141806
100,2026-05-24 19:00:00,19,6,1,0,2.0,hangout,0,0,2,marcus,party procrastinator,24.1,transit,0,0,2.6,3.0,37.6,223,6.9957553630471,5.6772173924804425,5.741644389442028,-0.44884305593771945,0.015167757971711993,0.03670406400050741,-2.2953295424242057,-0.29904225820458485
15,2026-05-24 20:00:00,20,6,1,0,24.0,study,0,0,5,ethan,improving,21.8,drive,0,0,9.0,6.3,24.7,191,12.421510690714436,4.249456370418948,9.634717340204123,-0.1346188916777784,-0.1651194692104081,0.1312477519680204,-0.2671430768034977,0.25644975992097585
15,2026-05-24 20:00:00,20,6,1,0,24.0,study,0,0,5,hana,steady,31.7,transit,0,0,3.8,4.0,30.5,190,5.134954335282205,2.1642182060072632,4.767129810080631,-0.23786685804651153,-0.006360008731443045,-0.07259144573649312,-0.37091253481053155,-0.1254396793053587
15,2026-05-24 20:00:00,20,6,1,0,24.0,study,0,0,5,jake,chronically late,10.2,walk,0,0,8.2,11.0,10.1,218,12.73146231112121,5.408463007020408,11.18041780317749,-0.18713481651774266,0.1139531923084558,0.07551047144150047,0.0028537278252134257,-0.17583487226307248
15,2026-05-24 20:00:00,20,6,1,0,24.0,study,0,0,5,marcus,party procrastinator,32.1,drive,0,0,7.1,4.0,33.2,224,6.976489499476114,5.672109822541065,5.364711285564604,-0.4513150505654657,0.008380139237068818,0.03500331301175841,-2.2878741903504114,-0.3018450389635845
15,2026-05-24 20:00:00,20,6,1,0,24.0,study,0,0,5,maya,always early,30.5,drive,0,0,-2.6,-2.0,31.5,196,-0.9621089782088068,1.8068362333355306,-0.8606025652025162,-0.5250558275398642,-0.31809330583784234,-0.2539045584456827,-0.5578357287563629,-0.23607054940782235
182,2026-05-24 21:00:00,21,6,1,0,48.0,study,0,0,2,priya,overbooked,32.2,drive,1,0,12.1,14.0,30.0,209,10.474734862869687,6.611532734663843,9.407067103677054,-0.15292171654397357,5.291163271959636,0.10341500740480036,-0.3058561981177945,0.06318374118911052
182,2026-05-24 21:00:00,21,6,1,0,48.0,study,0,0,2,sofia,morning struggler,15.4,transit,1,0,1.5,1.0,14.3,194,3.838157088714136,4.21781433365849,5.939473453918325,-0.2949036782455332,-0.4590856652505382,-0.9009720597589728,-0.18791286450113764,-0.12144579863287408
515,2026-05-24 21:00:00,21,6,1,0,168.0,food,0,0,3,ethan,improving,21.0,transit,0,1,4.3,5.3,11.7,192,12.40402321958084,4.246136385927718,10.015435205594526,-0.13918585946381867,-0.17101541470039017,0.12905848905647943,-0.26954397971639743,-0.36402016437283535
515,2026-05-24 21:00:00,21,6,1,0,168.0,food,0,0,3,omar,average,27.3,transit,0,1,2.7,4.0,12.8,201,6.001420263385563,2.7162892466749904,6.371834360967304,-0.16301082114073306,-0.08833267756613505,-0.09556258446001831,-0.21187826715944258,0.22164434738376748
515,2026-05-24 21:00:00,21,6,1,0,168.0,food,0,0,3,priya,overbooked,28.4,drive,1,1,13.4,14.0,33.8,210,10.482291043057794,6.5966249186580495,8.509226012302227,-0.15004130044119002,5.253868425919981,0.10369616907933832,-0.3027696635156918,0.14588233404194995
291,2026-05-26 18:00:00,18,1,0,0,96.0,hangout,0,1,6,ethan,improving,5.1,walk,1,1,9.8,8.2,5.0,193,12.363088622258172,4.276303825741487,9.246596749216621,1.029063277972254,0.9151392270857404,0.12462881382403701,-0.2776286032868871,-0.5267952091481494
291,2026-05-26 18:00:00,18,1,0,0,96.0,hangout,0,1,6,hana,steady,19.9,drive,0,1,6.1,6.0,20.1,191,5.128018097995501,2.160543761068929,4.550862313713,0.48198357774482403,-0.0086977545262652,-0.07266625750913569,-0.37010343241281607,0.23731724622622075
291,2026-05-26 18:00:00,18,1,0,0,96.0,hangout,0,1,6,jake,chronically late,31.9,drive,0,1,12.6,13.0,31.7,219,12.711122978603205,5.405255572751362,10.83174942245806,1.1823791891895503,0.10516913730486799,0.07342756850639276,-0.000581363767226506,1.2512365090093667
291,2026-05-26 18:00:00,18,1,0,0,96.0,hangout,0,1,6,leo,rain hater,25.9,transit,1,1,15.6,13.0,40.4,193,5.883795692965244,4.901619909956742,3.7810844837043556,6.716555760087091,-0.3110514703093683,-0.1482455423576985,-0.26069811558118605,1.0026921783097844
291,2026-05-26 18:00:00,18,1,0,0,96.0,hangout,0,1,6,marcus,party procrastinator,21.1,drive,0,1,4.6,6.0,22.0,225,6.976919770465732,5.659496989383377,4.407691362990208,1.7519260389577829,0.008623901099376496,0.03499082332380077,-2.2753978514693225,1.306821112541738
291,2026-05-26 18:00:00,18,1,0,0,96.0,hangout,0,1,6,zoe,forgets far-off plans,10.6,walk,1,1,12.0,14.0,10.2,197,6.127680926767911,4.8256769077589805,3.8650516933622603,1.099633453514528,0.43228952941430254,0.025432325262985778,-0.60877487475683,6.713561725015906
656,2026-05-28 09:00:00,9,3,0,1,2.0,hangout,0,1,2,maya,always early,24.0,drive,0,0,-2.2,-1.5,22.8,197,-0.9701062319144678,1.80513238422542,-0.9771732091184193,0.8279389542757944,-0.3190419993985081,0.4617433897160045,-0.5563503445946736,-0.23708458783285935
656,2026-05-28 09:00:00,9,3,0,1,2.0,hangout,0,1,2,omar,average,25.4,drive,0,0,6.9,5.5,22.6,202,5.985693435523081,2.7193080121773,5.695912410149452,0.422546317892599,-0.09292511961187433,0.6201459816412553,-0.2135590004812391,-0.078770324003969
297,2026-05-29 09:00:00,9,4,0,1,168.0,hangout,0,1,3,ethan,improving,38.2,transit,0,1,4.2,6.6,35.2,194,12.350331173345804,4.269660034658895,9.914380335241658,0.9687019439887745,-0.17427800760463086,0.24094270116766658,-0.2791090165777508,-0.5665397766775779
297,2026-05-29 09:00:00,9,4,0,1,168.0,hangout,0,1,3,hana,steady,36.0,transit,1,1,4.5,4.5,20.1,192,5.13307565226302,2.156158852240194,4.752307329218006,0.486294861579073,-0.14853161038681417,0.271010489069174,-0.3668233457915866,0.24878039689600318
297,2026-05-29 09:00:00,9,4,0,1,168.0,hangout,0,1,3,priya,overbooked,37.0,drive,0,1,2.5,3.5,36.7,211,10.495906960628771,6.5838508438560055,8.455973417322506,0.9406046655265321,-6.372646401413017,-0.14926244619334916,-0.2987051606118687,0.19680973944267954
284,2026-05-29 14:00:00,14,4,0,0,2.0,hangout,0,0,5,ethan,improving,21.0,transit,0,0,7.6,6.1,19.0,195,12.309461160275319,4.299663641416944,8.102703188650091,-0.0994137200066394,-0.18982456854168817,0.16244956593525117,-0.2868870289417256,0.3426565580257588
284,2026-05-29 14:00:00,14,4,0,0,2.0,hangout,0,0,5,marcus,party procrastinator,20.8,transit,1,0,3.0,4.0,20.9,226,6.966633039199411,5.649166944269381,4.819038011199831,-0.43864819857910486,-0.01199098680601729,0.03397781032351155,-2.265924713688788,-0.2900196088538758
284,2026-05-29 14:00:00,14,4,0,0,2.0,hangout,0,0,5,maya,always early,21.1,transit,1,0,-0.9,-2.0,20.0,198,-0.9763929455415569,1.802044902331056,-1.0789694130118732,-0.5183632386104159,0.16762995049232454,-0.24732115354684414,-0.5541386424798752,-0.23715963040693866
284,2026-05-29 14:00:00,14,4,0,0,2.0,hangout,0,0,5,omar,average,15.9,drive,1,0,29.9,5.0,16.9,203,5.989866500264731,2.7133969918195913,5.482819000075637,-0.1714331721314588,0.20112014976174297,-0.10118580288934353,-0.21145484725203367,-0.07676081428105075
284,2026-05-29 14:00:00,14,4,0,0,2.0,hangout,0,0,5,priya,overbooked,18.8,drive,1,0,14.4,15.0,27.4,212,10.458950378133933,6.591595695350616,8.088271536609694,-0.10983751018724952,5.2572671169121605,0.14052338131941866,-0.3038982289859682,0.08734765514668652
582,2026-05-29 16:00:00,16,4,0,0,6.0,food,0,0,6,ethan,improving,21.6,transit,1,0,12.6,6.6,21.2,196,12.286266558331441,4.3025628483176686,8.496076159523268,-0.1067095725788132,0.9275889881961756,0.15911287141141628,-0.290869355986187,0.3345293979816315
582,2026-05-29 16:00:00,16,4,0,0,6.0,food,0,0,6,hana,steady,31.5,drive,0,0,8.9,4.5,31.7,193,5.129997869821312,2.1509770946737334,4.494285105663232,-0.24054215996344297,-0.003984428273294149,-0.06897642170783591,-0.36545247982672713,-0.1283953739937047
582,2026-05-29 16:00:00,16,4,0,0,6.0,food,0,0,6,jake,chronically late,10.4,walk,0,0,9.2,11.5,10.3,220,12.710842569887198,5.392981665059638,11.00309787711063,-0.19178454233358444,0.10412214260936103,0.07282668532339898,-0.0008720961655903636,-0.17998583183477734
582,2026-05-29 16:00:00,16,4,0,0,6.0,food,0,0,6,leo,rain hater,6.1,walk,0,0,7.4,3.5,6.2,194,5.9328622021337685,4.938509149729066,5.6951034863239345,-2.516994343001763,0.01242184280641645,-0.1441026704986692,-0.2513518535013741,-0.349960258317088
582,2026-05-29 16:00:00,16,4,0,0,6.0,food,0,0,6,sofia,morning struggler,20.2,drive,0,0,2.3,2.5,26.7,195,3.8266978911230995,4.210076638155806,5.479056540320885,-0.2967390971002173,0.06955038341740005,-0.897420169135716,-0.18959378722062636,-0.1235223586491978
582,2026-05-29 16:00:00,16,4,0,0,6.0,food,0,0,6,zoe,forgets far-off plans,21.3,transit,0,0,6.7,3.5,22.2,198,6.156845212929162,4.8315675241408576,5.030527203694047,-0.39491973150735316,-0.2072751079314763,0.027808608463709916,-0.5982570329013424,-2.0256938000251257
536,2026-05-31 19:00:00,19,6,1,0,24.0,hangout,0,0,3,jake,chronically late,28.5,transit,1,0,9.1,10.0,20.5,221,12.695366423610357,5.3863150289147335,10.998676121031531,-0.1954973155987645,0.19216133575406147,0.07103372788988693,-0.0036058544831920614,-0.18333972682554212
536,2026-05-31 19:00:00,19,6,1,0,24.0,hangout,0,0,3,omar,average,28.9,transit,0,0,1.4,4.0,19.1,204,6.104558907827471,3.18128459197423,9.55844540223642,-0.13298875541046762,-0.20196507629902083,-0.08716207777963092,-0.1919350244625937,-0.04260257728724426
536,2026-05-31 19:00:00,19,6,1,0,24.0,hangout,0,0,3,sofia,morning struggler,26.5,drive,1,0,1.5,1.0,19.6,196,3.8191682175917485,4.2005876046679225,5.548333776454784,-0.2971817956549012,-0.4766526418888093,-0.8934006329182815,-0.1901987436985011,-0.1245182703257206
267,2026-05-31 20:00:00,20,6,1,0,48.0,party,1,0,2,hana,steady,17.2,drive,0,0,6.0,5.0,17.2,194,5.148900508401381,2.1627692149213176,5.4568287166861085,-0.23170792365809056,0.003076018726182461,-0.06684434507514148,1.3312179795461683,-0.12186546036312063
267,2026-05-31 20:00:00,20,6,1,0,48.0,party,1,0,2,zoe,forgets far-off plans,32.7,transit,0,0,3.8,4.0,26.8,199,6.159466672411153,4.819577110824523,5.345561906403186,-0.3915589154170922,-0.20493853369650505,0.02795392110746331,2.3380292632487443,-2.0122782664356524
60,2026-05-31 22:00:00,22,6,1,0,96.0,study,0,0,2,hana,steady,33.4,drive,0,1,2.6,3.0,34.1,195,5.1531060975609755,2.1581686784650147,5.65803031358885,-0.22850522180389543,0.004664105691056797,-0.06605540347690741,-0.36295229944166874,0.21211795537104283
60,2026-05-31 22:00:00,22,6,1,0,96.0,study,0,0,2,jake,chronically late,28.7,transit,1,1,8.1,10.0,21.5,222,12.679388632212314,5.37995685485343,10.794111037774945,-0.1990687268130884,0.15041648959457454,0.06942330751098247,-0.006171747560488328,1.252550231008918
44,2026-06-01 13:00:00,13,0,0,0,2.0,hangout,0,1,3,jake,chronically late,11.7,walk,1,0,10.3,11.5,11.6,223,12.659269518826303,5.3770917686155935,10.359791291093229,1.205477658842801,0.0995002987344531,0.06734892787524593,-0.009539128906046912,-0.16698189468272417
44,2026-06-01 13:00:00,13,0,0,0,2.0,hangout,0,1,3,omar,average,18.9,transit,1,0,4.4,5.5,22.6,205,6.081968810916179,3.190250242404381,7.751991088833194,0.34463202030232765,0.582930092114819,-0.08920920646523722,-0.19434803224276997,-0.04877697926207869
44,2026-06-01 13:00:00,13,0,0,0,2.0,hangout,0,1,3,zoe,forgets far-off plans,18.8,transit,0,0,7.8,3.5,10.2,200,6.1478704892312095,4.810344686194535,5.470820139780345,1.17691655969191,-0.20761660248181535,0.02681363809251991,-0.5827552960993279,-2.003183128452469
387,2026-06-01 19:00:00,19,0,0,0,6.0,study,0,0,2,jake,chronically late,13.0,walk,0,0,6.9,10.0,12.9,224,12.648984795843559,5.367638063886686,10.656852798812446,-0.19398522054066802,0.14219656160624616,0.06610787382722094,-0.011260175947473527,-0.16895788885330099
387,2026-06-01 19:00:00,19,0,0,0,6.0,study,0,0,2,sofia,morning struggler,14.5,walk,0,0,-0.0,1.0,14.3,197,3.807512466575125,4.192933653522938,4.702146419021465,-0.2985277019946526,0.07760307508852993,-0.8895147580260385,-0.19140915873468023,-0.12611504108762173
444,2026-06-01 22:00:00,22,0,0,0,2.0,hangout,0,0,6,hana,steady,23.0,drive,0,0,3.3,4.5,20.6,196,5.1403011679570065,2.1600545941355236,5.482943190844859,-0.2316244623584396,0.00010615548527859175,-0.0667482270057631,-0.3636454443654795,-0.10738024492039244
444,2026-06-01 22:00:00,22,0,0,0,2.0,hangout,0,0,6,maya,always early,6.8,walk,0,0,-1.7,-1.5,6.7,199,-0.9759777707874592,1.7976175912351526,-1.135993648796417,-0.5149769352885746,-0.3193156204147455,-0.24602164423326356,-0.5509181421662032,-0.23562648139733888
444,2026-06-01 22:00:00,22,0,0,0,2.0,hangout,0,0,6,omar,average,38.6,transit,0,0,4.3,5.5,29.0,206,6.073936183693641,3.1845906691801145,8.206838909626754,-0.13153074592531944,-0.1997308122395669,-0.08963731883111237,-0.19452929703521082,-0.050764441666886206
444,2026-06-01 22:00:00,22,0,0,0,2.0,hangout,0,0,6,priya,overbooked,36.0,transit,1,0,18.3,15.5,31.3,213,10.477066673208066,6.58139032292818,9.422019049488018,-0.10442273362829191,5.229266660389033,0.14176583110059227,-0.29895319785678787,0.09139025581463223
444,2026-06-01 22:00:00,22,0,0,0,2.0,hangout,0,0,6,sofia,morning struggler,31.4,transit,0,0,2.1,2.5,29.0,198,3.78867258502147,4.190672444511749,4.3253350242918485,-0.30206784635620654,0.07043436220145338,-0.8863634031198697,-0.1942669538804913,-0.1293546731787374
444,2026-06-01 22:00:00,22,0,0,0,2.0,hangout,0,0,6,zoe,forgets far-off plans,14.0,walk,0,0,2.6,3.5,13.4,201,6.155827838637662,4.799805590809032,6.230236525325046,-0.4003332186802355,-0.20339745919414742,0.027483763399582806,-0.5772530505122875,-1.9884711564708626
217,2026-06-02 08:00:00,8,1,0,1,24.0,hangout,0,0,4,ethan,improving,17.3,transit,1,0,5.1,5.5,17.1,197,12.287473543767366,4.291647293468497,9.010706726790676,-0.10518272505687243,0.9164177303119274,-0.1798420038319879,-0.2884415930600035,0.3332334906834582
217,2026-06-02 08:00:00,8,1,0,1,24.0,hangout,0,0,4,maya,always early,17.7,drive,1,0,-2.2,-2.5,15.1,200,-0.9796602154097157,1.7935004181767005,-1.3513314901170617,-0.5127340952045157,0.16897626760527695,0.379749632407159,-0.5483300764591333,-0.23505328813045956
217,2026-06-02 08:00:00,8,1,0,1,24.0,hangout,0,0,4,priya,overbooked,15.6,transit,0,0,2.7,2.5,20.1,214,10.512646830324238,6.587178501029071,11.67504195152121,-0.09421047918513459,-6.404937394449276,-0.5188634597960018,-0.29061913640031634,0.09999693588593495
217,2026-06-02 08:00:00,8,1,0,1,24.0,hangout,0,0,4,zoe,forgets far-off plans,26.8,transit,0,0,2.1,2.5,19.8,202,6.138500752855113,4.794338923885811,6.453857357958603,-0.40314358661737604,-0.20797525117182936,-0.5000283215064707,-0.5779566130652567,-1.9812293884387993
344,2026-06-02 14:00:00,14,1,0,0,6.0,food,0,1,2,jake,chronically late,32.4,transit,0,0,17.6,11.5,29.9,225,12.623570391872278,5.369942060059406,9.835305826249222,1.1731178255706567,0.13135642716001783,0.06401225608772876,-0.015023864711276147,-0.17456032687574918
344,2026-06-02 14:00:00,14,1,0,0,6.0,food,0,1,2,priya,overbooked,33.5,drive,1,0,13.8,15.5,27.9,215,10.476914500593747,6.593766596051284,10.321975571598214,0.7674381058523956,5.2501620794300035,0.17993981872788112,-0.2954167505781218,0.0907775688671908
147,2026-06-02 18:00:00,18,1,0,0,2.0,party,1,1,5,ethan,improving,33.0,transit,0,0,7.1,9.5,50.0,198,12.252037466042232,4.3121587446991985,9.114867847440639,0.8785544423932805,-0.16532385419147033,0.1932545304139115,1.9597622090913873,0.32257443413867115
147,2026-06-02 18:00:00,18,1,0,0,2.0,party,1,1,5,hana,steady,30.6,transit,0,0,9.6,7.5,26.0,197,5.131007948547391,2.1583356410236676,5.080287985299255,0.46818918971576906,-0.0030142660293854817,-0.06703405516456495,1.3345058910099663,-0.10927813884464399
147,2026-06-02 18:00:00,18,1,0,0,2.0,party,1,1,5,jake,chronically late,31.5,transit,0,0,11.9,14.5,42.9,226,12.645296993967847,5.367708580290939,11.041513426847956,1.221247380493569,0.13929273639047146,0.06542413492542032,0.9084231522038948,-0.16785653467142225
147,2026-06-02 18:00:00,18,1,0,0,2.0,party,1,1,5,marcus,party procrastinator,27.3,transit,0,0,17.0,17.5,38.2,227,6.94941209313178,5.642830033634545,4.514117740894794,1.6923646510653416,0.021713966671986995,0.03253795465661646,8.893234999902779,-0.2923961532064725
147,2026-06-02 18:00:00,18,1,0,0,2.0,party,1,1,5,priya,overbooked,31.5,transit,0,0,4.7,6.5,44.9,216,10.49214301179445,6.582162326832757,10.38346943194127,0.8070385519341396,-6.399535861204727,0.18056987026945492,2.098163132747615,0.09382778963633598
384,2026-06-02 19:00:00,19,1,0,0,6.0,study,0,1,3,maya,always early,5.0,walk,0,0,-1.9,-1.5,5.1,201,-0.9854305736300567,1.7904793192518305,-1.652980163894302,0.8022160953963974,-0.31279769174754246,-0.2393189178262275,-0.5465418858480696,-0.2354666999562255
384,2026-06-02 19:00:00,19,1,0,0,6.0,study,0,1,3,omar,average,23.1,transit,0,0,7.0,5.5,23.1,207,6.065572178453813,3.1792132158813056,8.433020622415373,0.3219808010326508,-0.20116090031884948,-0.09017083364830203,-0.1948349544309842,-0.05290633980935411
384,2026-06-02 19:00:00,19,1,0,0,6.0,study,0,1,3,priya,overbooked,7.1,walk,0,0,2.0,3.5,7.3,217,10.466222080325263,6.5790202462736955,10.69034916580722,0.6956373156262963,-6.368884353576488,0.1765774804670226,-0.2660591986413543,0.08669610869466204
472,2026-06-02 19:00:00,19,1,0,0,6.0,hangout,0,0,4,leo,rain hater,9.2,walk,0,0,2.0,2.5,9.2,195,5.939841357727492,4.926984720418765,6.297097530779283,-2.497179979136576,0.014930660034529808,-0.14246331171368443,-0.24836859188296145,-0.34543634661794353
472,2026-06-02 19:00:00,19,1,0,0,6.0,hangout,0,0,4,marcus,party procrastinator,24.0,transit,0,0,4.6,3.5,21.8,228,6.992567689036473,5.669474821553709,6.897876482581849,-0.48265897390252466,0.03676662031115541,0.03589975844162829,-2.300171718427043,-0.2808431375070306
472,2026-06-02 19:00:00,19,1,0,0,6.0,hangout,0,0,4,maya,always early,29.7,drive,1,0,-1.5,-2.5,37.4,202,-0.990008350021747,1.78675155780009,-1.5542881000062134,-0.5071617238783078,0.15404270528299746,-0.23837728409340275,-0.5441726768150251,-0.23514341816073026
472,2026-06-02 19:00:00,19,1,0,0,6.0,hangout,0,0,4,omar,average,11.0,walk,0,0,8.5,4.5,12.3,208,6.0698040917629035,3.1722503293981803,8.4485154547894,-0.13760151226097417,-0.19842445044474388,-0.08903988428180298,-0.1929475999606991,-0.05117083461015515
695,2026-06-02 19:00:00,19,1,0,0,168.0,study,0,0,4,hana,steady,24.3,drive,1,1,2.7,3.5,21.2,198,5.15287837649103,2.1765358802267647,5.815108107568865,-0.2544386951502666,-0.1753439786282085,-0.0645831310331495,-0.3846379486192735,0.15471312106011847
695,2026-06-02 19:00:00,19,1,0,0,168.0,study,0,0,4,leo,rain hater,26.1,drive,0,1,6.5,2.5,21.4,196,5.920071196157608,4.9223064873866225,6.062877484616459,-2.487618507543117,0.009044980935987823,-0.14298600875767065,-0.2500126877915738,1.1685732579512118
695,2026-06-02 19:00:00,19,1,0,0,168.0,study,0,0,4,marcus,party procrastinator,14.2,walk,0,1,2.6,3.5,14.4,229,6.982197907810595,5.659284192254021,7.18062797366017,-0.48266886263042075,0.033118417268800826,0.03504638874620625,-2.2905611207629475,1.2202685263905826
695,2026-06-02 19:00:00,19,1,0,0,168.0,study,0,0,4,omar,average,24.2,transit,0,1,4.0,4.5,21.1,209,6.081001450596632,3.1691683644241437,5.394571843027609,-0.1328001868589288,-0.19354631734523586,-0.08709835236712582,-0.189969666189314,0.07828441170914857
72,2026-06-02 22:00:00,22,1,0,0,48.0,study,0,0,6,ethan,improving,14.4,walk,0,0,7.6,6.5,14.8,199,12.226498800959229,4.317522083848744,8.721856800274066,-0.09125998564205595,-0.17457707303544545,0.1899880095923301,-0.2700935109900211,0.3147660443074134
72,2026-06-02 22:00:00,22,1,0,0,48.0,study,0,0,6,hana,steady,39.5,drive,0,0,4.2,4.5,44.2,199,5.140714487233742,2.177727347857399,4.9259184249239265,-0.2571383527852644,0.01682520189154424,-0.06517504746202984,-0.38507204678303975,-0.09006715950768651
72,2026-06-02 22:00:00,22,1,0,0,48.0,study,0,0,6,jake,chronically late,22.7,transit,0,0,20.1,11.5,18.1,227,12.6418351525676,5.356183483403902,11.44052432930503,-0.2178952872184965,0.13738613173500802,0.06508767203257548,-0.008126361662464276,-0.16759227212223315
72,2026-06-02 22:00:00,22,1,0,0,48.0,study,0,0,6,leo,rain hater,16.1,drive,1,0,3.9,3.5,15.4,197,5.922800769285563,4.909986059180054,6.477943076938732,-2.4700770597695896,-0.1370923558183179,-0.14189919495174053,-0.24800299486742894,-0.3511093875174893
72,2026-06-02 22:00:00,22,1,0,0,48.0,study,0,0,6,omar,average,20.6,drive,0,0,3.5,5.5,19.5,210,6.071189559979923,3.1647950430318694,5.763197017137121,-0.13509290664719842,-0.19526129926623526,-0.08765683003119307,-0.19036878208571473,-0.037919278804042555
72,2026-06-02 22:00:00,22,1,0,0,48.0,study,0,0,6,sofia,morning struggler,16.6,transit,1,0,4.6,2.5,11.4,199,3.779930173508252,4.181678030495475,2.1371229067166437,-0.30215455086910836,-0.47448197591659325,-0.8820045213448253,-0.19446708706905902,-0.12993220334812783
218,2026-06-03 19:00:00,19,2,0,0,6.0,food,0,0,3,jake,chronically late,28.7,drive,0,0,17.1,10.0,29.4,228,12.67386879801643,5.366342476859576,13.163962513718982,-0.20663485331984432,0.14961844452843565,0.06754373161864713,-0.002591241415041523,-0.15798995314968423
218,2026-06-03 19:00:00,19,2,0,0,6.0,food,0,0,3,maya,always early,16.4,transit,0,0,-0.2,-3.0,12.6,203,-0.9927335099142844,1.7824807142472399,-1.455066717118367,-0.5045394122705367,-0.30961273234101516,-0.2371300525187281,-0.5413320381170155,-0.23415605363735081
218,2026-06-03 19:00:00,19,2,0,0,6.0,food,0,0,3,zoe,forgets far-off plans,35.2,transit,0,0,1.9,2.0,47.1,203,6.118804951624177,4.79078538917178,5.033944271892622,-0.4064961568209613,-0.21314656707910817,0.04508177393314661,-0.5790738126877972,-1.974598740968898
446,2026-06-04 21:00:00,21,3,0,0,96.0,hangout,0,0,4,jake,chronically late,23.7,drive,0,1,8.8,10.5,20.4,229,12.692763818480149,5.362114088735874,14.140789662422899,-0.19955602126915828,0.15643511735749982,0.06888990466712563,0.0006862751100467079,1.126134595096337
446,2026-06-04 21:00:00,21,3,0,0,96.0,hangout,0,0,4,leo,rain hater,23.2,drive,0,1,0.4,2.5,32.1,198,5.912841051844115,4.899617813555077,6.746526014812604,-2.4575194488426733,0.01963822651576308,-0.1418915401986478,-0.2482365531892512,1.161919065027452
446,2026-06-04 21:00:00,21,3,0,0,96.0,hangout,0,0,4,omar,average,29.3,transit,0,1,4.8,4.5,16.6,211,6.0592904329831265,3.1621437678572093,5.63122583799518,-0.1382274681342368,-0.19777296455167281,-0.08860128063506778,-0.19124618081079348,0.054638610315187464
446,2026-06-04 21:00:00,21,3,0,0,96.0,hangout,0,0,4,priya,overbooked,8.6,walk,1,1,14.2,14.5,8.8,218,10.427832885759441,6.589275808245664,8.907952253074127,-0.05514095076619974,5.282001752564344,0.17187035535664386,-0.2713789043594552,0.07525965710271798
667,2026-06-05 14:00:00,14,4,0,0,24.0,study,0,0,2,maya,always early,16.1,transit,0,0,-3.4,-3.0,12.4,204,-0.9889571293690502,1.7794441065499236,-1.3539877512483003,-0.5001409181268828,-0.30620175298252206,-0.23550052860437876,-0.5375500530155599,-0.23167032959409517
667,2026-06-05 14:00:00,14,4,0,0,24.0,study,0,0,2,zoe,forgets far-off plans,29.7,transit,1,0,2.9,2.0,29.0,204,6.098602679243389,4.788018695619724,4.342457908355255,-0.4103019835610766,0.5576339279605547,0.042899953557721915,-0.5806200432188717,-1.9685242852902753
190,2026-06-05 15:00:00,15,4,0,0,96.0,hangout,0,1,5,hana,steady,20.5,drive,0,1,6.6,5.5,18.0,200,5.135969802555168,2.1731952857486143,4.667419943587191,0.533852109949672,0.015198048177142987,-0.06508975585684773,-0.38373539659766287,0.11668017729739955
190,2026-06-05 15:00:00,15,4,0,0,96.0,hangout,0,1,5,leo,rain hater,12.7,walk,0,1,12.6,12.5,12.5,199,5.885655929038282,4.902669968896396,4.567330265439509,6.769403700874288,0.011395818744165176,-0.1429468026526841,-0.25105437545388476,1.041045802378922
190,2026-06-05 15:00:00,15,4,0,0,96.0,hangout,0,1,5,maya,always early,22.5,transit,1,1,-0.4,-0.5,15.2,205,-1.0006009070294783,1.7818074628371745,-1.6001716877227081,0.783563085611603,0.15227324263038544,-0.23531193674050832,-0.5366380070546735,-0.007973657548125734
190,2026-06-05 15:00:00,15,4,0,0,96.0,hangout,0,1,5,omar,average,12.6,walk,1,1,8.7,6.5,12.5,212,6.053335527759491,3.1558188752253997,5.700953007931283,0.34424042930955245,0.5652544268327668,-0.08867885620774452,-0.19100908172408726,0.034246386726733746
190,2026-06-05 15:00:00,15,4,0,0,96.0,hangout,0,1,5,priya,overbooked,25.0,drive,0,1,11.3,4.5,27.3,219,10.444525935374148,6.578924379527005,8.3270074101069,0.5319266581632665,-6.368813879718553,0.1730596455815352,-0.2666884759084951,0.14074862281869294
634,2026-06-06 18:00:00,18,5,1,0,2.0,party,1,0,2,jake,chronically late,9.6,walk,0,0,18.0,12.0,10.0,230,12.6761014807702,5.356974165676014,14.407457565934342,-0.20353040206063433,0.1489307262698638,0.0672492314644213,0.8347701593398273,-0.1357796328773766
634,2026-06-06 18:00:00,18,5,1,0,2.0,party,1,0,2,marcus,party procrastinator,39.5,transit,0,0,20.6,15.0,44.7,230,6.963335523323395,5.654327950753227,6.532381578092399,-0.48482669376225385,0.0266458116014201,0.03358644792262755,8.90435177497491,-0.2632495562274313
483,2026-06-06 19:00:00,19,5,1,0,48.0,hangout,0,0,5,ethan,improving,5.4,walk,1,0,6.1,5.9,5.5,200,12.204110340676257,4.319780549981677,9.20117438305036,-0.09828406407257617,0.8623501706686039,0.18657317609537571,-0.27398944830342487,0.3072538705863561
483,2026-06-06 19:00:00,19,5,1,0,48.0,hangout,0,0,5,hana,steady,27.1,transit,0,0,4.2,4.0,27.3,201,5.1434107759156955,2.1703792925677967,5.240974507404483,-0.2642143453302159,0.017344410404165345,-0.0644568899384872,-0.38015315088892176,-0.09796323629098502
483,2026-06-06 19:00:00,19,5,1,0,48.0,hangout,0,0,5,marcus,party procrastinator,27.3,transit,0,0,4.5,4.0,24.1,231,7.021367033214548,5.712655414818739,8.834676295204158,-0.4674045454340643,0.04626891743390349,0.037856442866494255,-2.339655854334586,-0.24851146826032977
483,2026-06-06 19:00:00,19,5,1,0,48.0,hangout,0,0,5,omar,average,36.1,drive,0,0,6.7,5.0,36.8,213,6.065791834122171,3.1536760448443886,5.947369095463478,-0.15124716842989017,-0.2103273684126954,-0.08714703826911663,-0.18843971406719273,-0.04749382727649376
483,2026-06-06 19:00:00,19,5,1,0,48.0,hangout,0,0,5,priya,overbooked,25.7,transit,0,0,4.1,3.0,24.0,220,10.44863386594948,6.5641622019282195,9.556752533128423,-0.05397928868832125,-6.30258367828203,0.17234762839712836,-0.26490618899201834,0.05706651290159748
467,2026-06-06 21:00:00,21,5,1,0,24.0,food,0,1,3,marcus,party procrastinator,12.6,walk,0,0,10.0,4.5,13.1,232,7.010638025827899,5.7027268696650735,9.045896578807971,1.8044257767548908,0.042435252667321066,0.03692085867718742,-2.3301526605719634,-0.24965236190371876
467,2026-06-06 21:00:00,21,5,1,0,24.0,food,0,1,3,maya,always early,21.7,transit,0,0,-2.2,-1.5,21.7,206,-0.9975298003734021,1.7783331786633794,-1.3421513715352578,0.7773881521906797,-0.31130872830090994,-0.23403983739122536,-0.5333411885871893,-0.23632525320913955
467,2026-06-06 21:00:00,21,5,1,0,24.0,food,0,1,3,omar,average,5.7,walk,0,0,2.8,5.5,5.8,214,6.0685900096859,3.146615582423107,5.691025717053114,0.3714626697503407,-0.2081049216833879,-0.08628677561411102,-0.18692531871461338,-0.04624727684619323
577,2026-06-07 13:00:00,13,6,1,0,24.0,food,0,0,5,jake,chronically late,32.4,drive,0,0,13.5,11.0,37.0,231,12.698716792883758,5.356251777743085,14.471061940823931,-0.19549079307713768,0.15705985807216294,0.06882187362263181,-0.024113944276837884,-0.1289094703206981
577,2026-06-07 13:00:00,13,6,1,0,24.0,food,0,0,5,marcus,party procrastinator,31.8,drive,0,0,3.2,4.0,37.8,233,7.023097324035997,5.6938264138584165,8.049456378295998,-0.4797874978892267,0.046601497069969966,0.03786039427591348,-2.314726927040245,-0.24535373713153064
577,2026-06-07 13:00:00,13,6,1,0,24.0,food,0,0,5,omar,average,29.4,transit,0,0,15.6,5.0,22.8,215,6.053623468729851,3.1470612971475984,5.515320991065672,-0.13476562739860576,-0.2113669725458447,-0.08744466999891376,-0.18814594389062478,-0.050339553448641716
577,2026-06-07 13:00:00,13,6,1,0,24.0,food,0,0,5,priya,overbooked,24.3,transit,0,0,4.8,3.0,19.3,221,10.420341429737025,6.563490805962927,8.16295469421058,-0.061443056688775144,-6.276094245615052,0.16860908540088282,-0.26853780333351196,0.04977654389713315
577,2026-06-07 13:00:00,13,6,1,0,24.0,food,0,0,5,sofia,morning struggler,20.4,drive,1,0,0.9,2.0,18.7,200,3.783888600588134,4.171692672045725,2.581111028739467,-0.2991067416743878,-0.45496997553562224,-0.8770873479956567,-0.19244673351911334,-0.12828488380813052
416,2026-06-07 14:00:00,14,6,1,0,6.0,food,0,0,5,ethan,improving,18.2,transit,0,0,7.5,5.8,16.1,201,12.174297032423521,4.33130168114766,8.978370580692435,-0.10718077354227695,-0.15421942997678073,0.18284611946250884,-0.2791421484345271,0.2984764097065824
416,2026-06-07 14:00:00,14,6,1,0,6.0,food,0,0,5,hana,steady,21.2,drive,0,0,3.6,4.0,22.6,202,5.13867240907848,2.165919659130246,5.368192116879565,-0.26404018800450313,0.01577221941762552,-0.0643474755123652,-0.3788272809075943,-0.09858992731679894
416,2026-06-07 14:00:00,14,6,1,0,6.0,food,0,0,5,marcus,party procrastinator,23.2,transit,0,0,10.4,4.0,23.8,234,7.007134680666297,5.68712414136904,7.844895623047514,-0.48156124334333583,0.04086352484651279,0.03638599810950627,-2.306950797143969,-0.24786360287169362
416,2026-06-07 14:00:00,14,6,1,0,6.0,food,0,0,5,maya,always early,19.9,drive,0,0,-2.2,-2.0,22.0,207,-1.0032774118903522,1.7754147023064917,-1.3866506891115293,-0.4980583106988561,-0.31138326570111463,-0.23335399450280403,-0.5314280115132288,-0.2364645233726761
416,2026-06-07 14:00:00,14,6,1,0,6.0,food,0,0,5,zoe,forgets far-off plans,32.1,transit,0,0,10.6,3.0,20.3,205,6.083358041329739,4.781457193898642,4.209530868951354,-0.4125239547038335,-0.20400715952691773,0.041217418908265024,-0.5809488493837929,-1.9611018125474118
469,2026-06-07 16:00:00,16,6,1,0,2.0,study,0,0,6,hana,steady,8.0,walk,0,0,3.7,4.5,7.8,203,5.131221719457013,2.1631106723477136,4.508920491273432,-0.2650532768938838,0.013084704729515728,-0.06460892049127231,-0.3782962362357116,-0.1002026483080245
469,2026-06-07 16:00:00,16,6,1,0,2.0,study,0,0,6,jake,chronically late,20.0,drive,1,0,10.5,11.5,21.4,232,12.702084884586744,5.344879240573533,14.7005956813105,-0.19337988770602443,0.0241531505282353,0.06881387964165775,-0.02339350389289052,-0.12729317709762
469,2026-06-07 16:00:00,16,6,1,0,2.0,study,0,0,6,leo,rain hater,17.8,transit,1,0,2.7,3.5,12.8,200,5.918507890961261,4.913451714426428,5.319573683131789,-2.4828420503456354,-0.17172137147541822,-0.1399745263959229,-0.24451596027172506,-0.35720396792563935
469,2026-06-07 16:00:00,16,6,1,0,2.0,study,0,0,6,priya,overbooked,22.5,transit,1,0,14.9,15.5,24.4,222,10.395568800207306,6.559804047168281,8.170162514344943,-0.06806689964909296,5.30110713680873,0.16509074046750882,-0.2717022491816081,0.04323035655505336
469,2026-06-07 16:00:00,16,6,1,0,2.0,study,0,0,6,sofia,morning struggler,31.8,drive,1,0,0.7,2.5,35.2,201,3.7698743575099942,4.165981409456009,2.3771069592885694,-0.3012806270981039,-0.4847976594828025,-0.8737237329584553,-0.19430325528269554,-0.13051015183441939
469,2026-06-07 16:00:00,16,6,1,0,2.0,study,0,0,6,zoe,forgets far-off plans,35.7,transit,0,0,2.5,3.5,33.1,206,6.1047114580429325,4.780250302945292,4.615631845155123,-0.4033565653749651,-0.1951892249790914,0.04312385815105024,-0.5723921632715845,-1.9432617122678462
71,2026-06-08 15:00:00,15,0,0,0,24.0,party,1,0,2,omar,average,15.0,transit,0,0,6.4,6.0,13.4,216,6.096736815507347,3.206224655761021,7.256210518716385,-0.11931856652783956,-0.19683112719788554,-0.08203886438647601,1.0427193204105452,-0.03706047023414705
71,2026-06-08 15:00:00,15,0,0,0,24.0,party,1,0,2,sofia,morning struggler,22.5,drive,0,0,0.9,3.0,16.7,202,3.7549702233194373,4.16095752710813,2.2585629209484104,-0.3036074892794538,0.09161971899612853,-0.8704046563980228,0.5011068338858915,-0.13282821693888236
675,2026-06-08 19:00:00,19,0,0,0,48.0,hangout,0,0,4,ethan,improving,26.2,drive,0,0,6.4,5.3,27.2,202,12.151514616187766,4.3337088332904905,8.24328989033936,-0.11365478443189758,-0.1625376156445526,0.17987177283264444,-0.28257523781021376,0.29151212697562023
675,2026-06-08 19:00:00,19,0,0,0,48.0,hangout,0,0,4,leo,rain hater,7.5,walk,0,0,1.9,2.5,7.2,201,5.902735560926541,4.906361620072669,5.415067303121869,-2.4723247363805227,0.036479829164346,-0.14022958222282078,-0.24551755101097772,-0.35935947675195123
675,2026-06-08 19:00:00,19,0,0,0,48.0,hangout,0,0,4,omar,average,32.4,drive,1,0,7.9,4.5,28.8,217,6.098033898877781,3.19890295281209,7.485152542536508,-0.11809172538137602,0.5640447708276701,-0.08141542096410959,-0.1817575239064091,-0.03637578748127268
675,2026-06-08 19:00:00,19,0,0,0,48.0,hangout,0,0,4,priya,overbooked,13.8,walk,0,0,4.8,2.5,13.5,223,10.415190901538894,6.551757102067716,10.018625971868255,-0.06202631633178335,-6.264943715751327,0.166599358021557,-0.2665819954084636,0.04812068183580642
649,2026-06-10 17:00:00,17,2,0,0,24.0,hangout,0,1,2,hana,steady,33.5,drive,0,0,3.5,4.5,30.2,204,5.124152939885768,2.159976362238411,4.649757982824505,0.5606878307940413,0.010788608844794823,-0.0646566723759765,-0.3774818783947982,-0.10146535025510417
649,2026-06-10 17:00:00,17,2,0,0,24.0,hangout,0,1,2,maya,always early,18.8,transit,1,0,-1.7,-1.5,17.1,208,-1.0091644862153737,1.7725063088786999,-1.4883327103472497,0.7519677147412488,0.16770986873949456,-0.2324810816183478,-0.5293372757030792,-0.2363991751439023
241,2026-06-10 21:00:00,21,2,0,0,24.0,hangout,0,0,6,ethan,improving,39.7,drive,0,0,12.8,6.2,49.2,203,12.123653216815908,4.3425869695940404,8.421043776233116,-0.12167640884025666,-0.17286477625537877,0.1764409382566683,-0.2871314475437732,0.2834297255333915
241,2026-06-10 21:00:00,21,2,0,0,24.0,hangout,0,0,6,jake,chronically late,20.1,drive,0,0,10.5,11.5,21.8,233,12.692520458393734,5.335565631240905,13.326434416683924,-0.19487205897454984,0.16680094213787733,0.06802687326684165,-0.024585181620937036,-0.12884191236248377
241,2026-06-10 21:00:00,21,2,0,0,24.0,hangout,0,0,6,maya,always early,29.1,drive,0,0,-0.2,-1.5,28.4,209,-1.0125239761789289,1.7685980099537182,-1.7035782789082652,-0.4933816672621423,-0.30799564571349025,-0.23150928955421013,-0.5269467840433246,-0.23579543832922734
241,2026-06-10 21:00:00,21,2,0,0,24.0,hangout,0,0,6,priya,overbooked,39.3,drive,1,0,14.5,15.5,44.7,224,10.390479777719253,6.548127102515767,8.668708507919787,-0.06833552149741529,5.299773338597905,0.1633230606153262,-0.2695080661606859,0.0418859917384804
241,2026-06-10 21:00:00,21,2,0,0,24.0,hangout,0,0,6,sofia,morning struggler,11.9,walk,0,0,10.3,2.5,11.9,203,3.7409609091236016,4.155246494560976,2.383131688321029,-0.3053897974030111,0.08616686213844993,-0.8668248454402616,-0.18264774029149855,-0.13468361056895395
241,2026-06-10 21:00:00,21,2,0,0,24.0,hangout,0,0,6,zoe,forgets far-off plans,27.8,transit,0,0,3.2,3.5,32.4,207,6.087357873102402,4.775163775473294,4.596387963743544,-0.4058109492137758,-0.1995517279749981,0.041615810561799194,-0.5728619338709047,-1.9362526105845799
341,2026-06-11 19:00:00,19,3,0,0,96.0,hangout,0,0,2,ethan,improving,8.2,walk,0,1,4.3,4.7,8.7,204,12.126997245179064,4.332099238696839,9.236284927194019,-0.11999115736489507,-0.1704741575903519,0.17574627392809283,-0.2848421519267923,-0.5554122152791781
341,2026-06-11 19:00:00,19,3,0,0,96.0,hangout,0,0,2,hana,steady,11.3,walk,0,1,2.0,3.0,11.7,205,5.116392496392496,2.1575132754193995,4.547540713254999,-0.258174788174788,0.008022361984626691,-0.06496844345329134,-0.37706699649556796,0.1612467532467523
300,2026-06-12 09:00:00,9,4,0,1,96.0,study,0,0,4,ethan,improving,20.4,drive,1,1,7.2,5.2,20.8,205,12.089642469004371,4.3569159365641585,8.754183562572676,-0.13106447915760988,0.8571545523451825,-0.40289445084532716,-0.29165268417567525,-0.6956374131705179
300,2026-06-12 09:00:00,9,4,0,1,96.0,study,0,0,4,jake,chronically late,26.0,transit,1,1,9.2,10.5,22.5,234,12.683367859794632,5.326297065187025,12.38096224565561,-0.1966467940247245,0.009729844476412453,0.7280447348881651,-0.026075363164952847,1.0381098190317744
300,2026-06-12 09:00:00,9,4,0,1,96.0,study,0,0,4,leo,rain hater,16.7,transit,0,1,2.1,2.5,20.2,202,5.88321216662279,4.90215770170034,4.752346333320796,-2.4632374176925715,0.030467221235938702,1.6250778928853498,-0.24705882873692175,1.1639380638689953
300,2026-06-12 09:00:00,9,4,0,1,96.0,study,0,0,4,marcus,party procrastinator,19.0,transit,0,1,1.6,3.5,18.1,235,7.020937160378823,5.679302203389841,8.963124902965378,-0.475036718101018,0.04575511176267444,-0.4428990602735947,-2.2911695408819304,1.0639473135753974
485,2026-06-12 13:00:00,13,4,0,0,6.0,hangout,0,0,5,hana,steady,33.4,drive,0,0,3.8,4.0,36.2,206,5.101457054031962,2.162839930985578,3.8861305868662748,-0.2619202051774412,0.0029634789065378087,-0.06574205267437438,-0.378120205906054,-0.08868562815220482
485,2026-06-12 13:00:00,13,4,0,0,6.0,hangout,0,0,5,leo,rain hater,38.8,drive,0,0,3.9,3.0,34.3,203,5.864939607695884,4.897141384443757,4.489982745055967,-2.4539542698711747,0.024782466159817496,-0.12289567820861347,-0.24850103139980106,-0.34478992261419084
485,2026-06-12 13:00:00,13,4,0,0,6.0,hangout,0,0,5,marcus,party procrastinator,22.1,transit,0,0,3.5,4.0,30.4,236,6.998371113696033,5.678195716961059,6.242391746770295,-0.47841288001151927,0.03799766656744641,0.05974278748669892,-2.285147360795623,-0.2210251058142232
485,2026-06-12 13:00:00,13,4,0,0,6.0,hangout,0,0,5,maya,always early,20.3,transit,1,0,-2.0,-2.0,20.5,210,-1.0088026120895635,1.7657296963420583,-1.2453721748827324,-0.489026735839996,0.15306906108209983,-0.22991745321267554,-0.5233271882371813,-0.2333137429130403
485,2026-06-12 13:00:00,13,4,0,0,6.0,hangout,0,0,5,priya,overbooked,20.9,drive,1,0,13.7,15.0,15.9,225,10.408293210438018,6.539061192858698,9.130940917268004,-0.0629591558065492,5.2734235806642324,0.16454389358174737,-0.26486875791444753,0.04618267281831123
1,2026-06-12 15:00:00,15,4,0,0,24.0,study,0,1,4,ethan,improving,9.9,walk,1,0,6.8,6.7,10.0,206,12.066258386163598,4.360288564242622,8.9046452531896,0.9304972278905943,0.7889180502554343,0.19410534817730785,-0.29505786382940613,0.3414369429162729
1,2026-06-12 15:00:00,15,4,0,0,24.0,study,0,1,4,leo,rain hater,20.3,drive,0,0,13.2,12.0,18.4,204,5.855409184117318,4.887001365185966,4.987259766890662,6.795966635893156,0.02188987637406381,-0.12286121466713418,-0.24850623319522835,-0.3453064978487239
1,2026-06-12 15:00:00,15,4,0,0,24.0,study,0,1,4,maya,always early,28.3,drive,0,0,-1.4,-1.0,25.7,211,-1.0135161135161133,1.7624033171378466,-1.475290318147461,0.7301664605236031,-0.3000312650312653,-0.22910866542707353,-0.521255825019266,-0.23311730016932364
1,2026-06-12 15:00:00,15,4,0,0,24.0,study,0,1,4,priya,overbooked,33.2,transit,1,0,16.4,16.0,41.2,226,10.422426491257662,6.528063975884418,10.50640756893076,0.5582035569048536,5.244589912252248,0.1654238958610641,-0.26086582897622,0.04959537359042443
679,2026-06-12 17:00:00,17,4,0,0,48.0,food,0,0,3,ethan,improving,26.6,drive,1,0,6.5,4.7,28.2,207,12.04149851502446,4.365779572150712,8.797571004292703,-0.1134040481029821,0.7186167553620386,0.19051921378326675,-0.2990833027356352,0.33325718943026494
679,2026-06-12 17:00:00,17,4,0,0,48.0,food,0,0,3,jake,chronically late,16.7,drive,1,0,5.3,10.0,19.7,235,12.668740354938272,5.320135568070873,12.43392581569665,-0.1998908774133188,-0.02587131585811342,0.08123165294924561,-0.028339867978026234,-0.11642940819508851
679,2026-06-12 17:00:00,17,4,0,0,48.0,food,0,0,3,maya,always early,25.6,transit,0,0,-1.9,-3.0,24.5,212,-1.0152180406212663,1.7582946890664106,-1.3614908687489333,-0.48584917273089334,-0.29891916560920784,-0.22822795048322053,-0.518878698432778,-0.23234569617819534
109,2026-06-13 09:00:00,9,5,1,1,48.0,food,0,0,2,ethan,improving,27.8,transit,0,0,7.3,4.6,21.1,208,12.015364897041364,4.37286888078304,8.804389970583246,-0.12095990016132241,-0.11288578858605725,-0.5715236727810247,-0.3031355460008758,0.3250741000169626
109,2026-06-13 09:00:00,9,5,1,1,48.0,food,0,0,2,maya,always early,32.9,transit,0,0,-2.5,-3.0,34.1,213,-1.019391178578851,1.7548113862088424,-1.3198260510225288,-0.4842049412578613,-0.29849126520444713,0.3295433839341383,-0.5167628421280333,-0.23201999795197348
509,2026-06-13 17:00:00,17,5,1,0,48.0,food,0,0,2,hana,steady,29.2,transit,0,0,3.2,3.0,25.5,207,5.0950564294740515,2.1593711155226263,3.8271589798497296,-0.26230147917423885,0.0010633354164477637,-0.06568001873719975,-0.3771169823137672,-0.08978364545374795
509,2026-06-13 17:00:00,17,5,1,0,48.0,food,0,0,2,priya,overbooked,9.6,walk,0,0,1.4,2.0,8.8,227,10.44806880624353,6.5253762224454555,12.170876801783866,-0.08352640607478712,-6.290141032364118,0.16754027801449922,-0.2548332637996591,0.05582774128919432
301,2026-06-13 21:00:00,21,5,1,0,48.0,hangout,0,0,4,hana,steady,24.8,transit,0,0,4.1,3.5,24.7,208,5.0860599994367055,2.1579784685293073,3.7674457141247726,-0.2638568548003315,-0.001922345133102965,-0.06600875566962294,-0.37690101068848403,-0.0918665862799175
301,2026-06-13 21:00:00,21,5,1,0,48.0,hangout,0,0,4,marcus,party procrastinator,35.0,transit,0,0,2.6,3.5,24.3,237,6.983598263967018,5.670744830720402,6.095313789704862,-0.47942483886581844,0.033255743167226015,0.05858590848839906,-2.27690795269882,-0.22300830736784238
301,2026-06-13 21:00:00,21,5,1,0,48.0,hangout,0,0,4,maya,always early,14.8,walk,0,0,-2.5,-2.5,15.9,214,-1.0263434708674954,1.7529322351662118,-1.43609813453357,-0.48342729173332777,-0.299004488361569,-0.22061080181396986,-0.5150941870919621,-0.23235946864578572
301,2026-06-13 21:00:00,21,5,1,0,48.0,hangout,0,0,4,priya,overbooked,19.9,drive,1,0,15.7,14.5,13.4,228,10.409144978025832,6.538921208733347,10.23118427943595,-0.09384538184234259,5.262959792127827,0.16269560285849316,-0.2604037656984577,0.04606824129421483
637,2026-06-14 08:00:00,8,6,1,1,24.0,hangout,0,1,3,leo,rain hater,36.8,drive,1,0,13.0,11.5,28.4,205,5.890062731679499,4.902035901396905,5.082875066194142,6.773977858818703,-0.2070564585115493,1.2599581788803338,-0.24140513136553388,-0.33287522474298736
637,2026-06-14 08:00:00,8,6,1,1,24.0,hangout,0,1,3,marcus,party procrastinator,10.6,walk,0,0,4.2,4.5,11.0,238,6.965486311327962,5.665925117393941,5.0329960889508465,1.8683848956649767,0.027134288438920073,-0.6640425451890248,-2.2698932226580633,-0.2260463533347279
637,2026-06-14 08:00:00,8,6,1,1,24.0,hangout,0,1,3,priya,overbooked,27.3,transit,0,0,4.1,3.5,29.9,229,10.431680229285021,6.533678535618648,11.79476577979572,0.6540582543000788,-6.300293302682917,-0.7726193098752354,-0.2550378591055864,0.05143644335260866
642,2026-06-14 20:00:00,20,6,1,0,6.0,study,0,0,3,jake,chronically late,30.9,transit,0,0,11.2,10.0,23.3,236,12.637820221630967,5.331107774642614,10.610805777608848,-0.2077191575666575,0.20637001462279514,0.0785032345998058,-0.033110216354039324,-0.12388705526747046
642,2026-06-14 20:00:00,20,6,1,0,6.0,study,0,0,3,leo,rain hater,13.6,walk,0,0,2.5,2.0,14.4,206,5.923766224706462,4.915198319664485,6.563933207058989,-2.5078242555701817,-1.573304869051384e-05,-0.15217206908879977,-0.2348954700351671,-0.3212731823044841
642,2026-06-14 20:00:00,20,6,1,0,6.0,study,0,0,3,maya,always early,36.9,transit,1,0,-4.2,-3.0,38.5,215,-1.0331151208497114,1.751047959421025,-1.7666043202427748,-0.4827514006041491,0.1566302748784233,-0.22014750466131083,-0.5135458033831757,-0.23279208595395295
253,2026-06-15 08:00:00,8,0,0,1,2.0,study,0,0,4,hana,steady,30.3,transit,0,0,8.4,3.5,43.9,209,5.081257324879045,2.1537924490112164,3.8232163785368702,-0.2637180334765752,-0.0033046462017747302,0.2544065942030276,-0.37563561189359707,-0.092529428305264
253,2026-06-15 08:00:00,8,0,0,1,2.0,study,0,0,4,marcus,party procrastinator,31.0,drive,1,0,5.3,3.5,32.5,239,6.954053555426704,5.656880090812284,5.172586730121915,-0.4704481352382084,-0.06421052676325978,-0.7605401665700287,-2.2612381394612084,-0.22746807138148828
253,2026-06-15 08:00:00,8,0,0,1,2.0,study,0,0,4,sofia,morning struggler,14.1,walk,0,0,15.3,16.5,14.6,204,3.7717180264311754,4.170887683184953,3.5633480075517645,-0.29412167833443315,0.09788832056982377,9.663193856828567,-0.17422603704392614,-0.1267542403737978
253,2026-06-15 08:00:00,8,0,0,1,2.0,study,0,0,4,zoe,forgets far-off plans,11.0,walk,1,0,1.8,2.5,11.1,208,6.073188110441857,4.767799102733217,4.749482317269101,-0.4069249933627601,0.5137036851333079,-0.6381386076940005,-0.5722452663952131,-1.9280943424876842
692,2026-06-15 18:00:00,18,0,0,0,6.0,food,0,0,6,hana,steady,5.1,walk,0,0,3.5,4.5,5.0,210,5.0967284049347965,2.16108564301894,4.527636687124228,-0.2564573364585607,0.0019523391180937821,-0.0809678008522523,-0.37015261590883064,-0.08735774206690294
692,2026-06-15 18:00:00,18,0,0,0,6.0,food,0,0,6,jake,chronically late,29.5,transit,0,0,11.7,11.5,27.0,237,12.631804161409013,5.320809448977692,10.28051547468829,-0.20833563084561568,0.20281881463124485,0.07770694346783813,-0.03389411019078992,-0.12479889951702816
692,2026-06-15 18:00:00,18,0,0,0,6.0,food,0,0,6,marcus,party procrastinator,38.2,drive,0,0,3.8,4.5,46.1,240,6.947333090044822,5.646089954192488,4.442095168584235,-0.4698751837305588,0.029868329475092992,0.07466108222689893,-2.2516497627937007,-0.22794064940332248
692,2026-06-15 18:00:00,18,0,0,0,6.0,food,0,0,6,omar,average,8.3,walk,1,0,5.0,5.5,8.1,218,6.105365950946104,3.1939281267822204,7.372961700270316,-0.11398098162019465,0.5803160815489052,-0.07938141555717415,-0.17883382021143213,-0.03305441824877153
692,2026-06-15 18:00:00,18,0,0,0,6.0,food,0,0,6,priya,overbooked,38.7,transit,1,0,13.7,15.5,32.5,230,10.404666413025453,6.53308290255988,10.301333260864414,-0.060691375244022794,5.267480042013393,0.19081197616495338,-0.258473608784632,0.04467727643116426
692,2026-06-15 18:00:00,18,0,0,0,6.0,food,0,0,6,sofia,morning struggler,21.9,drive,0,0,2.0,2.5,19.8,205,3.8266505098141965,4.238529146741955,5.107614431375485,-0.27704781606972606,0.11751033444740244,-0.9128462040108078,-0.16149089089289204,-0.11466594493177551
264,2026-06-15 22:00:00,22,0,0,0,2.0,study,0,0,3,hana,steady,27.3,drive,0,0,3.7,3.0,22.8,211,5.089319463496418,2.158599574138466,4.739805560998976,-0.2575503442527012,-0.0005522070268293433,-0.0812081466615302,-0.3697250031788375,-0.08904536162887577
264,2026-06-15 22:00:00,22,0,0,0,2.0,study,0,0,3,maya,always early,39.1,transit,0,0,-3.3,-3.0,47.9,216,-1.0475429678044055,1.758685030553823,-2.0850122765155445,-0.484632859645429,-0.28561382999450946,-0.22044588506887264,-0.5133874763789559,-0.23525318297661735
264,2026-06-15 22:00:00,22,0,0,0,2.0,study,0,0,3,priya,overbooked,26.7,drive,1,0,11.6,14.0,26.3,231,10.418614424217063,6.52235077064591,10.30531840691916,-0.05641723208363025,5.239228223309894,0.1914918989215817,-0.2547457797239616,0.04784471042770555
327,2026-06-16 08:00:00,8,1,0,1,96.0,food,0,0,6,ethan,improving,31.7,transit,0,1,7.1,6.0,45.9,209,11.992865830239406,4.375153315035975,8.012247380068402,-0.1268156546297856,-0.12120354820543788,-0.7517072992300236,-0.30591427073551536,-0.7076488732348238
327,2026-06-16 08:00:00,8,1,0,1,96.0,food,0,0,6,hana,steady,24.3,drive,0,1,4.7,4.5,25.3,212,5.082826210466511,2.1554791220605725,4.72366463156186,-0.25819963959330483,-0.002620601717519655,0.4235144035519651,-0.3690123035855626,0.12725479055961664
327,2026-06-16 08:00:00,8,1,0,1,96.0,food,0,0,6,leo,rain hater,8.2,walk,1,1,2.5,3.5,8.1,207,5.907421168260533,4.908976984103285,6.644977476645868,-2.4977538359252964,-0.07924262235263857,1.6136479468208833,-0.23594720101956224,1.0391852034332718
327,2026-06-16 08:00:00,8,1,0,1,96.0,food,0,0,6,omar,average,5.8,walk,0,1,6.1,5.5,5.5,219,6.1003271771037175,3.1874712382456982,7.128664907743919,-0.11485254986232984,-0.19744421224441489,0.5432222092231784,-0.17860174333847123,0.04201197454087069
327,2026-06-16 08:00:00,8,1,0,1,96.0,food,0,0,6,sofia,morning struggler,7.8,walk,0,1,17.2,17.5,7.8,206,3.81788287995845,4.229982439379478,5.2622522514167,-0.27770883025553683,0.11369569219213416,9.740317967088153,-0.16232437209444894,0.1466958876035025
327,2026-06-16 08:00:00,8,1,0,1,96.0,food,0,0,6,zoe,forgets far-off plans,34.5,drive,0,1,12.7,12.5,34.7,209,6.053146204071182,4.765428506736756,4.729470344020338,-0.4104930432357303,-0.18298737061219494,-0.8048596530533869,-0.573678797176516,6.762806525519564
139,2026-06-16 20:00:00,20,1,0,0,6.0,party,1,0,5,ethan,improving,24.8,drive,0,0,11.1,7.5,19.7,210,11.97020417672724,4.378358341742653,8.405772621922068,-0.1333717163461845,-0.1302624826776544,0.23106360551334681,2.0285713453636642,0.34031298738432625
139,2026-06-16 20:00:00,20,1,0,0,6.0,party,1,0,5,hana,steady,24.7,transit,0,0,5.6,6.0,37.5,213,5.08116466970806,2.1505393719877026,4.937475619916588,-0.25734867368037495,-0.003285487980274837,-0.07966553564658785,1.4564809140054473,-0.08873295421952054
139,2026-06-16 20:00:00,20,1,0,0,6.0,party,1,0,5,leo,rain hater,12.3,walk,0,0,3.2,5.0,12.3,208,5.891520647870221,4.9027534368907215,6.69757732796292,-2.4880356276242774,0.010633588511411496,-0.13700520886847478,1.3759829121074034,-0.30833956361370607
139,2026-06-16 20:00:00,20,1,0,0,6.0,party,1,0,5,omar,average,24.3,transit,0,0,6.0,7.0,26.9,220,6.100417324428253,3.180218948749201,7.600119235550929,-0.11427809539853495,-0.19640540087316083,-0.07953340878679072,1.0157790182214654,-0.03430384068734238
139,2026-06-16 20:00:00,20,1,0,0,6.0,party,1,0,5,priya,overbooked,35.0,transit,0,0,5.2,5.0,32.0,232,10.423602945132307,6.508681205473407,9.621029412894943,-0.054724560340448036,-6.292880586561366,0.19115859030650917,1.9380085750249592,0.048797130383904985
633,2026-06-17 14:00:00,14,2,0,0,2.0,hangout,0,1,5,ethan,improving,14.7,walk,0,0,6.1,7.0,13.4,211,11.966140811415688,4.368501453127897,8.96175451754734,0.9042498311706986,-0.13110401104744085,0.22949086726309886,-0.30541467776525266,0.3374224883418151
633,2026-06-17 14:00:00,14,2,0,0,2.0,hangout,0,1,5,hana,steady,30.9,transit,0,0,5.0,5.5,36.7,214,5.083499613085791,2.145850004570966,5.152428460881654,0.5608647609045319,-0.0024430769820469322,-0.07902401276662552,-0.36974279305612434,-0.08746764758911052
633,2026-06-17 14:00:00,14,2,0,0,2.0,hangout,0,1,5,jake,chronically late,38.2,transit,0,0,20.5,12.5,53.0,238,12.627927634838635,5.310056505518697,10.450836467096753,1.202592333129667,0.20013849115110283,0.07707077820607466,-0.034344435903761905,-0.12516025958636234
633,2026-06-17 14:00:00,14,2,0,0,2.0,hangout,0,1,5,omar,average,24.8,transit,0,0,9.9,6.5,15.5,221,6.099939890556585,3.173020583298958,6.228554254444738,0.2790022051062726,-0.1953961436657723,-0.07916839561560352,-0.1773283355174744,-0.034211241945444115
633,2026-06-17 14:00:00,14,2,0,0,2.0,hangout,0,1,5,zoe,forgets far-off plans,39.4,drive,0,0,4.5,4.5,29.1,210,6.084122861701339,4.776169135403113,6.138320817628954,1.243732320818399,-0.1711129579681696,0.030051079547438242,-0.5632205341254588,-1.9524233628211833
671,2026-06-17 17:00:00,17,2,0,0,96.0,hangout,0,1,2,jake,chronically late,24.8,transit,1,1,9.2,11.5,26.3,239,12.660298106505358,5.322505022575472,11.888656601858672,1.2880034544002772,-0.11999962688693167,0.0794463936366796,-0.028835709639036367,0.97369228090081
671,2026-06-17 17:00:00,17,2,0,0,96.0,hangout,0,1,2,maya,always early,29.0,drive,0,1,-1.0,-1.5,38.6,217,-1.0576002793364534,1.7602146046902238,-2.359314365524701,0.7507932372893961,-0.28778154731010575,-0.2204968148221984,-0.5126497279379334,0.05576691690557278
48,2026-06-18 12:00:00,12,3,0,0,6.0,food,0,1,4,ethan,improving,20.1,drive,0,0,5.6,6.5,15.3,212,11.93917113303947,4.377447949638898,8.854048895154135,0.8033447126123328,-0.14176180185230614,0.2253081452865171,-0.3099122619610313,0.32878311227062973
48,2026-06-18 12:00:00,12,3,0,0,6.0,food,0,1,4,hana,steady,28.1,drive,0,0,4.4,5.0,31.5,215,5.083182435770752,2.1408557095892036,4.666623553077358,0.5504161005434787,-0.00261490808522602,-0.0787362601452486,-0.3678785652335028,-0.08713670063286827
48,2026-06-18 12:00:00,12,3,0,0,6.0,food,0,1,4,maya,always early,18.3,transit,1,0,0.2,-1.0,18.7,218,-1.057398493858452,1.7562479996984321,-2.230685283959558,0.7386572443878958,0.12535022822470565,-0.21935026203184882,-0.5098916225627514,-0.23694224619346027
48,2026-06-18 12:00:00,12,3,0,0,6.0,food,0,1,4,omar,average,18.7,transit,0,0,11.9,6.0,15.3,222,6.116740686650067,3.1761711005796673,6.733354481900018,0.3243576484059725,-0.18914914182944287,-0.07691518937482478,-0.1738221694838149,-0.029122231715708047
118,2026-06-19 20:00:00,20,4,0,0,168.0,food,0,0,2,hana,steady,5.4,walk,1,1,2.4,3.0,5.2,216,5.080035675419145,2.136338015128552,4.794295907262613,-0.25154974586098877,-0.14967534725672138,-0.07858553833172621,-0.36652119770511504,0.11996775490961831
118,2026-06-19 20:00:00,20,4,0,0,168.0,food,0,0,2,leo,rain hater,38.9,transit,0,1,2.1,2.0,31.4,209,5.878915347045004,4.894473606975507,6.59397581344143,-2.477085677882117,0.006680920830594239,-0.13735803647458322,-0.2249757875993703,0.9740351985718325
134,2026-06-19 21:00:00,21,4,0,0,96.0,party,1,0,5,ethan,improving,18.7,transit,1,1,5.5,7.4,23.8,213,11.909940288240803,4.389419088430216,8.71712579664023,-0.07928730347173207,0.7453582184441068,0.2211527537552378,2.010784137154417,-0.7292652554861654
134,2026-06-19 21:00:00,21,4,0,0,96.0,party,1,0,5,marcus,party procrastinator,16.9,transit,1,1,13.2,16.0,16.7,241,6.934418629416647,5.637998347031825,4.752691036976185,-0.4707397693810531,-0.0713695318438976,0.07328612339675811,9.025023233525019,1.0032854800957631
134,2026-06-19 21:00:00,21,4,0,0,96.0,party,1,0,5,maya,always early,28.5,transit,0,1,1.4,0.0,26.3,219,-1.0519331123370759,1.7549190977348987,-1.843409460667736,-0.49077080273166174,-0.2911974030947637,-0.21758451055564265,1.673085524860351,0.050715447812884396
134,2026-06-19 21:00:00,21,4,0,0,96.0,party,1,0,5,omar,average,5.9,walk,1,1,13.7,7.0,5.7,223,6.141960451037259,3.192651529518377,7.31198870029636,-0.1545477943982574,0.5163995899661273,-0.07349249766316213,0.9458458694373135,0.0035075160417274986
134,2026-06-19 21:00:00,21,4,0,0,96.0,party,1,0,5,priya,overbooked,23.4,drive,0,1,3.6,5.0,24.6,233,10.401541944691155,6.5039339175372435,10.157583412768902,-0.060448735620337146,-6.262021671998901,0.187990976420517,1.7635312910779195,0.1943667728291807
394,2026-06-20 21:00:00,21,5,1,0,96.0,party,1,1,2,hana,steady,28.1,transit,0,1,6.6,6.5,17.1,217,5.067900076732884,2.138887557554242,4.605114307637967,0.5442228803763687,0.008214631406318063,-0.07924863258065074,1.4452584692101507,0.07812823239285915
394,2026-06-20 21:00:00,21,5,1,0,96.0,party,1,1,2,priya,overbooked,8.6,walk,1,1,17.8,17.5,7.8,234,10.37311220516611,6.5055084915351244,8.420889201476031,0.5752946066420144,5.252750190549044,0.184003981314941,1.5628236113031164,0.07408698287202675
650,2026-06-21 21:00:00,21,6,1,0,24.0,study,0,0,4,ethan,improving,6.3,walk,0,0,5.1,4.9,6.2,214,11.88081184377435,4.401724827484767,8.45166052679267,-0.08848013242007902,-0.12473503346306458,0.216733003843828,-0.28628404586845946,0.34826111275565985
650,2026-06-21 21:00:00,21,6,1,0,24.0,study,0,0,4,hana,steady,14.1,walk,0,0,3.6,3.5,13.0,218,5.074877999042972,2.1366242242141444,4.878536571155135,-0.2611768544934847,0.010352351806238502,-0.07834981724768575,-0.37394041842353687,-0.08249644734633499
650,2026-06-21 21:00:00,21,6,1,0,24.0,study,0,0,4,maya,always early,21.3,drive,0,0,-3.3,-2.5,20.5,220,-1.0408986942818552,1.7598602968596144,-1.2831139126519588,-0.48427378215913475,-0.28547551812179295,-0.2155821357248877,-0.5168564267047904,-0.24468182500375213
650,2026-06-21 21:00:00,21,6,1,0,24.0,study,0,0,4,priya,overbooked,7.1,walk,1,0,20.1,14.5,7.5,235,10.40415747411076,6.509269276173241,10.386902135460216,-0.0982894774062899,5.238959469374825,0.1864343239460453,-0.23366821503040036,0.0408465430859426
304,2026-06-22 15:00:00,15,0,0,0,48.0,party,1,0,4,hana,steady,16.8,drive,0,0,3.8,5.5,13.4,219,5.068273475120385,2.1339301215362214,4.590935278605825,-0.2620377423323488,0.008129823574974715,-0.07855267809370936,1.446997176679659,-0.08403709011694449
304,2026-06-22 15:00:00,15,0,0,0,48.0,party,1,0,4,leo,rain hater,29.0,drive,1,0,7.8,4.5,20.8,210,5.861363992683564,4.889644200569533,5.0032468550524465,-2.4681120176007374,-0.1016174549255302,-0.13817768744505177,1.2655300060970296,-0.2930885811340467
304,2026-06-22 15:00:00,15,0,0,0,48.0,party,1,0,4,omar,average,10.1,walk,0,0,9.2,6.5,9.5,224,6.175079731122123,3.225290900847439,8.56430849460632,-0.1426488816614908,-0.2122965926074576,-0.06948259466683382,1.1181141675327444,-0.05354973859095313
304,2026-06-22 15:00:00,15,0,0,0,48.0,party,1,0,4,priya,overbooked,13.9,walk,0,0,6.0,4.5,13.6,236,10.444370366916873,6.525457448184946,11.312677247690536,-0.08644405527841315,-6.30780807751156,0.18996229900467831,1.6510617314058038,0.05066441396934174
164,2026-06-22 18:00:00,18,0,0,0,48.0,party,1,0,6,leo,rain hater,31.5,transit,0,0,4.3,5.5,26.1,211,5.8703317381984945,4.879906005875155,4.26295192519957,-2.4497694149408713,-0.007524245990206069,-0.1367451759877456,1.2797217679625534,-0.2887430908827495
164,2026-06-22 18:00:00,18,0,0,0,48.0,party,1,0,6,marcus,party procrastinator,6.1,walk,0,0,14.6,16.5,6.2,242,6.959885244740384,5.640670130205497,6.145681498497253,-0.46188811362187554,0.0007500011303713805,0.07517720644447223,8.94794664199887,-0.25449590050655235
164,2026-06-22 18:00:00,18,0,0,0,48.0,party,1,0,6,maya,always early,11.5,walk,0,0,2.3,0.5,12.2,221,-1.0509218785359522,1.761409963082273,-1.157406251010272,-0.4848607342121858,-0.28749841546809374,-0.21552864238157055,1.6938493954059588,-0.2460649136887978
164,2026-06-22 18:00:00,18,0,0,0,48.0,party,1,0,6,priya,overbooked,11.9,walk,0,0,4.3,5.5,11.5,237,10.425998576243282,6.518263802650487,10.507428164640938,-0.09112814680692871,-6.273476117853945,0.1871404052868364,1.5147512457871297,0.04587007467195292
164,2026-06-22 18:00:00,18,0,0,0,48.0,party,1,0,6,sofia,morning struggler,29.0,transit,0,0,7.2,4.5,33.8,207,3.881092714390919,4.321670116771253,7.637455061254549,-0.25870763455589163,0.13592277977231726,-0.970512495436374,0.3032615901342015,-0.17715157711743057
164,2026-06-22 18:00:00,18,0,0,0,48.0,party,1,0,6,zoe,forgets far-off plans,38.6,drive,0,0,6.1,5.5,32.5,211,6.076813219679975,4.766050257562677,5.264803777051421,-0.39170040252968086,-0.1726420849336341,0.029107110812025105,2.298997877900975,-1.9431849284102087
346,2026-06-23 17:00:00,17,1,0,0,2.0,hangout,0,1,3,marcus,party procrastinator,21.6,transit,0,0,5.4,4.5,21.5,243,6.99066987803998,5.6502514991899515,7.868762822297137,1.7565099179254036,0.0111996954531417,0.07766352450398539,-2.298364657193214,-0.24601939320973631
346,2026-06-23 17:00:00,17,1,0,0,2.0,hangout,0,1,3,maya,always early,29.3,transit,0,0,-1.9,-1.5,33.7,222,-1.036184450423282,1.7732672977703543,-0.3531955572637949,0.7280332258111395,-0.2802707108318445,-0.21301423323603785,-0.5303843816388536,-0.2406338037092257
346,2026-06-23 17:00:00,17,1,0,0,2.0,hangout,0,1,3,sofia,morning struggler,15.3,drive,0,0,0.7,2.5,12.6,208,3.896648496497254,4.3176460377956305,8.541899570427786,0.6029949605769218,0.14074676901828553,-0.9642322840848223,-0.16322256084090636,-0.17285270492788607
411,2026-06-23 18:00:00,18,1,0,0,24.0,study,0,0,5,ethan,improving,21.4,drive,0,0,11.7,5.3,17.4,215,11.849770086928261,4.416483554544366,8.157077167693789,-0.09771802554801923,-0.13680267911407462,0.21253952112415853,-0.29157964739470366,0.33883463770863287
411,2026-06-23 18:00:00,18,1,0,0,24.0,study,0,0,5,leo,rain hater,13.0,walk,0,0,2.1,3.0,12.8,212,5.862900548959529,4.869536148132674,4.517971585417008,-2.437202361491251,-0.00956029603173203,-0.13648834044832014,-0.22808737661848877,-0.2889790213734962
411,2026-06-23 18:00:00,18,1,0,0,24.0,study,0,0,5,marcus,party procrastinator,26.6,drive,0,0,2.7,4.0,20.2,244,6.9841342133502735,5.6395796003840095,8.03832406095722,-0.4452254020729036,0.009132476474733586,0.07689870968299406,-2.2884873268812074,-0.24616979069614153
411,2026-06-23 18:00:00,18,1,0,0,24.0,study,0,0,5,priya,overbooked,9.9,walk,0,0,1.7,3.0,9.6,238,10.4006148935153,6.51691036873947,10.371604255290086,-0.0975062622391345,-6.247908871483367,0.18377383178637885,-0.1822425530922267,0.03960156109563684
411,2026-06-23 18:00:00,18,1,0,0,24.0,study,0,0,5,zoe,forgets far-off plans,8.0,walk,0,0,3.8,3.0,8.0,212,6.076725433752157,4.754797164455672,5.779064409643473,-0.3891746857006231,-0.17137011757784926,0.029163258629738564,-0.5617331032004209,-1.9317333691928456
593,2026-06-25 12:00:00,12,3,0,0,24.0,hangout,0,0,6,ethan,improving,11.9,walk,1,0,5.0,5.7,12.2,216,11.848967829526956,4.406285235876585,8.242562237007702,-0.09724362398523034,0.6949849935720724,0.211546087863411,-0.2900284863332878,0.3369152596864957
593,2026-06-25 12:00:00,12,3,0,0,24.0,hangout,0,0,6,leo,rain hater,34.2,drive,0,0,3.1,3.5,39.5,213,5.845513258373655,4.8648112052096435,4.455860930963902,-2.4283764929683933,-0.01476286842148955,-0.13712701423837093,-0.22966212595549607,-0.29217472489464846
593,2026-06-25 12:00:00,12,3,0,0,24.0,hangout,0,0,6,marcus,party procrastinator,30.7,drive,1,0,2.8,4.5,25.6,245,6.966887561301828,5.634690019142881,7.661967874657665,-0.44741014641811994,-0.0022869705751231706,0.0751399506918009,-2.2814962420579405,-0.24884679895154083
593,2026-06-25 12:00:00,12,3,0,0,24.0,hangout,0,0,6,maya,always early,35.3,transit,0,0,-2.2,-1.5,30.0,223,-1.0402548669936096,1.7698797731228233,-0.48292996199817423,-0.4730472967923329,-0.27975262909443765,-0.21210963458642862,-0.5281189816541865,-0.24007996543791
593,2026-06-25 12:00:00,12,3,0,0,24.0,hangout,0,0,6,omar,average,30.4,drive,0,0,4.3,5.5,33.7,225,6.187921262284596,3.2244652422945164,9.010834646367028,-0.13712804460605632,-0.20669441138279154,-0.06735440772808943,-0.2135948627252775,-0.049028409735297984
593,2026-06-25 12:00:00,12,3,0,0,24.0,hangout,0,0,6,priya,overbooked,33.3,transit,1,0,14.3,15.5,32.0,239,10.36484381280925,6.527881468205982,10.089955375088357,-0.10677089453209021,5.3095989744263825,0.17926382747539904,-0.1882850673090264,0.03077728251098044
61,2026-06-25 14:00:00,14,3,0,0,24.0,study,0,0,5,ethan,improving,29.2,drive,0,0,6.1,5.2,30.2,217,11.817977559596057,4.421352772504435,8.076565017027445,-0.1064084444915192,-0.10609147281630626,0.2073389662477485,-0.2953295174448112,0.32757127445878
61,2026-06-25 14:00:00,14,3,0,0,24.0,study,0,0,5,hana,steady,5.2,walk,0,0,2.5,4.0,5.2,220,5.062182303245886,2.1306738060455417,4.417766372355968,-0.26211735374451983,0.0066668962698903655,-0.07824433397465658,-0.3674715464746061,-0.08484757872185522
61,2026-06-25 14:00:00,14,3,0,0,24.0,study,0,0,5,leo,rain hater,19.4,transit,0,0,1.3,3.0,18.5,214,5.832835699681847,4.856979336476377,4.437953057051956,-2.417991250896249,-0.018425299106354487,-0.13735657650112554,-0.2304181033359658,-0.2939611106105291
61,2026-06-25 14:00:00,14,3,0,0,24.0,study,0,0,5,marcus,party procrastinator,18.8,drive,0,0,6.7,4.0,16.2,246,6.950163419244322,5.629478879454739,7.5143324054983776,-0.44942047788362327,0.019736146704483204,0.073457079037472,-2.2744241197530393,-0.2513614139740259
61,2026-06-25 14:00:00,14,3,0,0,24.0,study,0,0,5,priya,overbooked,12.3,walk,1,0,16.2,15.0,11.9,240,10.380779666246221,6.51901572112096,9.594508476070349,-0.10167814414810472,5.284212292375903,0.1802995299096679,-0.18411029624033048,0.03466261400865989
137,2026-06-25 18:00:00,18,3,0,0,24.0,food,0,1,6,ethan,improving,33.8,transit,0,0,4.0,7.2,28.9,218,11.792321572809273,4.428770303003752,8.140663306516936,0.8069803883552069,-0.11631152365898245,0.20360856245308767,-0.29951722945418346,0.31949049202158264
137,2026-06-25 18:00:00,18,3,0,0,24.0,food,0,1,6,hana,steady,26.7,drive,0,0,7.2,6.0,34.4,221,5.050830578479948,2.1325723208920473,4.143094450994271,0.5758493068813388,0.002928920901658749,-0.07887702710070332,-0.36809572266931134,-0.087812765528537
137,2026-06-25 18:00:00,18,3,0,0,24.0,food,0,1,6,jake,chronically late,25.9,drive,1,0,15.0,13.0,21.3,240,12.64566412545497,5.316411942043242,11.884475464415706,1.2209175800920615,-0.15212548672517912,0.07837205118535628,-0.03057851504714293,-0.10164208143826414
137,2026-06-25 18:00:00,18,3,0,0,24.0,food,0,1,6,leo,rain hater,24.7,transit,0,0,13.3,13.0,24.3,215,5.812216866983946,4.85537274124891,4.317776247709699,6.850905276721567,-0.024652423176272364,-0.13836549998913927,-0.23262575644032069,-0.29815352792726113
137,2026-06-25 18:00:00,18,3,0,0,24.0,food,0,1,6,omar,average,35.1,drive,0,0,7.7,7.0,36.1,226,6.179600479378651,3.2197240676028884,8.765600136965329,0.3593487137890303,-0.20794491050702213,-0.06781744920462618,-0.21376878434452795,-0.05104002664846874
137,2026-06-25 18:00:00,18,3,0,0,24.0,food,0,1,6,priya,overbooked,23.5,drive,1,0,17.1,17.0,25.0,241,10.404421588359627,6.5159534333172875,9.044120453817035,0.6737655957477475,5.26530383150847,0.18201941578926295,-0.1786020267320172,0.04024231234234321
227,2026-06-25 19:00:00,19,3,0,0,2.0,food,0,0,2,ethan,improving,36.8,transit,0,0,5.0,4.2,47.2,219,11.75776311630847,4.450675913385127,7.916503747516706,-0.08037111872729952,-0.13050339219950935,0.19870459181492173,-0.30595126827883057,0.3090239248955644
227,2026-06-25 19:00:00,19,3,0,0,2.0,food,0,0,2,hana,steady,31.6,transit,0,0,2.8,3.0,26.9,222,5.060523956181046,2.1328118655947104,4.831578273194585,-0.27411792197450513,0.005776728281269072,-0.07788254875895628,-0.3642137986101188,-0.08466654168157817
454,2026-06-27 13:00:00,13,5,1,0,2.0,study,0,0,2,ethan,improving,21.2,transit,0,0,2.4,4.2,30.0,220,11.727670301601334,4.464526480402471,7.8936200861718095,-0.08951885615301869,-0.14224837871240226,0.19462946526408054,-0.31097694251619146,0.3001045714149182
454,2026-06-27 13:00:00,13,5,1,0,2.0,study,0,0,2,priya,overbooked,17.3,transit,0,0,3.6,2.0,14.4,242,10.431683473118627,6.516337705574715,10.637623849462466,-0.12123465400394018,-6.299308098201873,0.18392362059011447,-0.17263884105420324,0.04643680947050122
436,2026-06-27 15:00:00,15,5,1,0,6.0,food,0,1,5,hana,steady,13.7,walk,0,0,4.6,5.5,13.2,223,5.0504769543115735,2.1331867316590274,4.285850558374736,0.6011482007925197,0.0026615955268232128,-0.0782695488370031,-0.36441177130337365,-0.08705581033638943
436,2026-06-27 15:00:00,15,5,1,0,6.0,food,0,1,5,leo,rain hater,30.9,drive,0,0,15.7,12.5,31.2,216,5.846193418927777,4.870888029629498,5.113198119693651,6.830602633523728,-0.014222510866281013,-0.13504046632184963,-0.22593070194510378,-0.2869265604355107
436,2026-06-27 15:00:00,15,5,1,0,6.0,food,0,1,5,marcus,party procrastinator,30.9,transit,0,0,5.2,5.5,29.5,247,6.949241053900948,5.618094410520395,6.5854974439717,1.7308760266557446,0.01922876521105632,0.07298862944441087,-2.2636498086838523,-0.2504553827549918
436,2026-06-27 15:00:00,15,5,1,0,6.0,food,0,1,5,priya,overbooked,31.1,drive,0,0,7.1,4.5,39.0,243,10.404067522512252,6.517924303672415,10.529733577860643,0.7835749795343165,-6.27757333292838,0.18030076400548545,-0.17708479792469767,0.039659622647363335
436,2026-06-27 15:00:00,15,5,1,0,6.0,food,0,1,5,sofia,morning struggler,27.7,drive,1,0,8.5,3.5,35.2,209,3.8813492784254153,4.3126990070005355,7.1660997938358335,0.5375412714105652,-0.6312329613197765,-0.9604201918974198,-0.16520068735804294,-0.1746821712865918
391,2026-06-27 22:00:00,22,5,1,0,2.0,food,0,0,3,jake,chronically late,40.0,transit,0,0,6.5,10.0,36.3,241,12.655380938560377,5.307313344663949,13.272965982445822,-0.23508300823157136,0.21680496365884494,0.07871821595391815,-0.028976730686880003,-0.09864538174412374
391,2026-06-27 22:00:00,22,5,1,0,2.0,food,0,0,3,omar,average,23.8,transit,1,0,1.5,4.0,20.1,227,6.186309098645918,3.2142331295040942,8.45323117104169,-0.14545290941863076,0.6017542137331819,-0.06691217144765638,-0.21176946567434296,-0.04897824895613834
391,2026-06-27 22:00:00,22,5,1,0,2.0,food,0,0,3,zoe,forgets far-off plans,25.2,transit,0,0,0.3,2.0,27.7,213,6.066163811402994,4.746133133133561,5.861761088972285,-0.3899601911865327,-0.17380947973422955,0.02804816412678246,-0.5609925944195782,-1.9234579547534825
294,2026-06-28 16:00:00,16,6,1,0,168.0,party,1,0,6,jake,chronically late,5.3,walk,0,1,13.1,13.5,5.1,242,12.630350829674402,5.311614032561057,12.594385951335543,-0.24153961015163006,0.20533318239510656,0.07633776579272045,0.9988645633359301,0.9187557286287849
294,2026-06-28 16:00:00,16,6,1,0,168.0,party,1,0,6,leo,rain hater,28.5,transit,1,1,6.9,5.5,33.8,217,5.890525472655754,4.9054801477147665,6.754435849330215,-2.4866175243726474,-0.08953250353728581,-0.13075105664014064,1.1736191324467082,0.8685270746098217
294,2026-06-28 16:00:00,16,6,1,0,168.0,party,1,0,6,marcus,party procrastinator,39.2,drive,0,1,17.0,16.5,31.8,248,6.942279268496353,5.60785412908918,5.240651219570387,-0.4407528158371292,0.016847137423241954,0.07211480889808453,8.93870912270522,1.1058748219720176
294,2026-06-28 16:00:00,16,6,1,0,168.0,party,1,0,6,maya,always early,37.0,drive,1,1,-0.3,0.5,35.6,224,-1.0454294544559934,1.767139047428478,-0.8272655584159982,-0.47196794366055816,0.1323001326737716,-0.21150550926363088,1.7338849335835618,0.09288650901039419
294,2026-06-28 16:00:00,16,6,1,0,168.0,party,1,0,6,omar,average,35.9,drive,1,1,7.7,7.5,33.7,228,6.16608006407544,3.2219980075035792,6.961737161164412,-0.15130253418567907,0.5274357310188966,-0.06874174482134077,1.1818728865238892,0.12151994185747039
294,2026-06-28 16:00:00,16,6,1,0,168.0,party,1,0,6,sofia,morning struggler,15.5,drive,0,1,3.3,4.5,15.0,210,3.902775139207337,4.314515814320089,6.200792896916381,-0.25883434566326224,0.11408123157550021,-0.9536965466526994,0.3616832119730904,0.4212742212146803
445,2026-06-29 09:00:00,9,0,0,1,2.0,hangout,0,0,3,ethan,improving,35.6,drive,0,0,3.2,4.1,30.6,221,11.686331939987726,4.499228428128057,6.55323769713935,-0.1021510274166495,-0.15853034673656907,-0.7030746808996078,-0.31843956062297174,0.2885694562485046
445,2026-06-29 09:00:00,9,0,0,1,2.0,hangout,0,0,3,leo,rain hater,7.9,walk,1,0,2.6,2.0,8.1,218,5.895116674606392,4.894712706800502,7.441461907030399,-2.470262011671677,-0.07334661214283766,1.3269764649837237,-0.2219085547446893,-0.2771755256062107
445,2026-06-29 09:00:00,9,0,0,1,2.0,hangout,0,0,3,zoe,forgets far-off plans,33.6,drive,0,0,0.3,2.0,37.6,214,6.039776339896006,4.751226862075505,5.639936097113144,-0.3955967951315884,-0.18169920397097705,-0.43982959230171836,-0.564091910617111,-1.919782730184692
359,2026-06-29 16:00:00,16,0,0,0,168.0,study,0,1,5,hana,steady,39.7,drive,0,1,6.8,5.5,26.7,224,5.048381063235499,2.1285952104975387,4.4281088752101425,0.5866487073297755,0.0021381758389509287,-0.07795359664862644,-0.3628213495382342,0.12276533150852842
359,2026-06-29 16:00:00,16,0,0,0,168.0,study,0,1,5,jake,chronically late,34.9,drive,0,1,10.4,12.5,34.2,243,12.632174449519875,5.300720986288453,12.794906985577105,1.2521734212734508,0.20503712728235612,0.07624131119943378,-0.034670411336543694,0.908932318618298
359,2026-06-29 16:00:00,16,0,0,0,168.0,study,0,1,5,leo,rain hater,37.3,transit,0,1,16.0,12.5,41.5,219,5.880264569111291,4.888507404022827,7.3657898768889405,6.8497574783146495,0.009398205863170972,-0.11532938974846374,-0.2231149627564104,0.8805456827623654
359,2026-06-29 16:00:00,16,0,0,0,168.0,study,0,1,5,omar,average,35.0,drive,0,1,9.4,6.5,43.9,229,6.172560955046707,3.21657764278149,6.106445987156202,0.38515245787385055,-0.19155098391282088,-0.06761767702236376,-0.22029230418771828,0.14130822268481147
359,2026-06-29 16:00:00,16,0,0,0,168.0,study,0,1,5,priya,overbooked,8.6,walk,0,1,3.6,4.5,8.4,244,10.39067977301578,6.5081311162403415,11.297337078004508,0.7227737781463457,-6.238911087232484,0.17824804813673545,-0.17869198491681892,0.20836918341440303
334,2026-06-30 18:00:00,18,1,0,0,2.0,study,0,0,6,ethan,improving,14.8,walk,0,0,4.4,5.6,14.0,222,11.648922188691172,4.5258341846513614,6.285406339626049,-0.11344144469426354,-0.1730404146457083,0.2259324091244057,-0.3250031837256131,0.2780543404182172
334,2026-06-30 18:00:00,18,1,0,0,2.0,study,0,0,6,hana,steady,15.0,walk,0,0,5.6,4.5,14.2,225,5.0561101601430245,2.127202022480339,4.858888617183721,-0.2815186848447002,0.004454731995824801,-0.07703353606563912,-0.35933645805596637,-0.09455154458349568
334,2026-06-30 18:00:00,18,1,0,0,2.0,study,0,0,6,leo,rain hater,16.2,drive,0,0,2.2,3.5,19.9,220,5.925357052590647,4.924865627230959,9.478673443597328,-2.504488500738853,0.023367434626227812,-0.11107976361445271,-0.21456118831169668,-0.32352118032686494
334,2026-06-30 18:00:00,18,1,0,0,2.0,study,0,0,6,maya,always early,22.2,transit,0,0,-1.0,-1.5,20.7,225,-1.0421507094221918,1.7642737113030567,-1.069185916977769,-0.46819645370415675,-0.28305837564863245,-0.2102359893960839,-0.52947748117228,-0.24323382072515032
334,2026-06-30 18:00:00,18,1,0,0,2.0,study,0,0,6,omar,average,21.1,drive,0,0,7.8,5.5,26.0,230,6.186405688650621,3.216659288054197,6.138973053900178,-0.16164575321345254,-0.18622970819318674,-0.06588703845037447,-0.21698115965914244,-0.07427509928511444
334,2026-06-30 18:00:00,18,1,0,0,2.0,study,0,0,6,sofia,morning struggler,9.2,walk,0,0,9.5,2.5,9.7,211,3.9000247075597034,4.304434996987633,6.385721345017056,-0.258163524200409,0.1123217340316458,-0.9492851827429618,-0.15693010237849592,-0.16650754526410694
98,2026-06-30 19:00:00,19,1,0,0,168.0,food,0,0,2,jake,chronically late,5.4,walk,0,1,10.4,10.0,5.7,244,12.623203634783462,5.291979674752142,11.349486752795274,-0.23089265978907214,0.20021868840496992,0.0751554172418274,-0.03603304412024677,0.8610109754650637
98,2026-06-30 19:00:00,19,1,0,0,168.0,food,0,0,2,marcus,party procrastinator,16.9,transit,0,1,3.0,3.0,20.7,249,6.981801988429457,5.6326033541187615,6.909086282408416,-0.4280995009067876,0.030100124674395268,0.07537872561317904,-2.2929232993899076,1.253075765491917
680,2026-07-01 18:00:00,18,2,0,0,48.0,food,0,0,2,jake,chronically late,10.0,walk,0,0,8.6,10.0,9.1,245,12.614308108108107,5.283278076975559,11.518373745173745,-0.2324960434661456,0.1954794086904581,0.07408142610695734,-0.03737443590379108,-0.08919931749931642
680,2026-07-01 18:00:00,18,2,0,0,48.0,food,0,0,2,maya,always early,36.9,transit,0,0,-2.4,-3.0,42.9,226,-1.042090792090792,1.7604254642048192,-0.7405973691687977,-0.4653549690481509,-0.28122580070254477,-0.20912062167876133,-0.526648874376147,-0.2417494995873375
400,2026-07-01 19:00:00,19,2,0,0,24.0,hangout,0,0,6,jake,chronically late,40.0,drive,0,0,20.5,11.5,42.4,246,12.598249684190067,5.279079106990133,10.599499909768591,-0.2362432820313476,0.1879659664744917,0.0724759447122647,-0.039842157153763935,-0.09326853634609655
400,2026-07-01 19:00:00,19,2,0,0,24.0,hangout,0,0,6,leo,rain hater,15.7,drive,0,0,2.3,3.5,13.0,221,5.908675534211094,4.919995458964389,7.888193009774598,-2.4954791949695903,0.01827547528353879,-0.11175826814980194,-0.21603221264010752,-0.32631029582530857
400,2026-07-01 19:00:00,19,2,0,0,24.0,hangout,0,0,6,marcus,party procrastinator,39.6,transit,0,0,3.0,4.5,47.0,250,6.966120277379245,5.6269495679275465,6.9474629363940705,-0.4300493968603316,0.024805883579197108,0.073756715871367,-2.285779207877331,-0.2740697945845012
400,2026-07-01 19:00:00,19,2,0,0,24.0,hangout,0,0,6,omar,average,35.4,drive,0,0,5.9,5.5,50.4,231,6.1930536895411334,3.2114689364676043,6.640872482726038,-0.15824664260943422,-0.18286096578317945,-0.06464231420608346,-0.21458151261052372,-0.0716198060400215
400,2026-07-01 19:00:00,19,2,0,0,24.0,hangout,0,0,6,sofia,morning struggler,7.1,walk,0,0,3.2,2.5,6.9,212,3.925625210745195,4.311809559012701,5.293035774498627,-0.24916205436527594,0.12117310860281671,-0.9421540045994798,-0.1501959467137337,-0.15989774597073625
400,2026-07-01 19:00:00,19,2,0,0,24.0,hangout,0,0,6,zoe,forgets far-off plans,29.6,drive,1,0,1.5,3.5,25.0,215,6.013457594235033,4.756118282183039,3.860987884067152,-0.40092991810107304,0.48421412455751334,0.05091328247026361,-0.5669340339538502,-1.9159161853079008
460,2026-07-02 13:00:00,13,3,0,0,48.0,food,0,0,2,leo,rain hater,18.2,transit,0,0,1.0,2.0,15.6,222,5.892733191210859,4.914776165247428,5.969352340345959,-2.4865129224620035,0.013276220970237063,-0.11252914468724118,-0.21753888992415416,-0.3290461581216686
460,2026-07-02 13:00:00,13,3,0,0,48.0,food,0,0,2,maya,always early,26.7,drive,0,0,-2.4,-3.0,29.5,227,-1.048058472392822,1.7582904540738618,-1.4137309921122347,-0.4645985466013256,-0.28165420021968735,-0.20860954780145669,-0.5250083233959424,-0.24194309944569503
322,2026-07-02 19:00:00,19,3,0,0,24.0,party,1,0,2,marcus,party procrastinator,37.2,drive,0,0,13.1,15.0,41.6,251,6.950459628634984,5.621290566799293,6.9715598938957095,-0.4318494926776175,0.019705157809786655,0.07225828029491144,8.952413921236243,-0.276278120847425
322,2026-07-02 19:00:00,19,3,0,0,24.0,party,1,0,2,zoe,forgets far-off plans,6.1,walk,0,0,5.6,4.0,5.9,216,5.9928401128079445,4.7548923437102495,3.4265257465165555,-0.40454010956633724,-0.16924368087913688,0.04865106642754391,2.320280830541818,-1.91055649380207
275,2026-07-03 14:00:00,14,4,0,0,2.0,party,1,0,3,maya,always early,29.2,transit,1,0,-1.4,-1.0,31.9,228,-1.0539547885903169,1.7561563435835228,-1.486844225311519,-0.46385293019031026,0.1497395707316982,-0.2081179023910269,1.7152765269336963,-0.2421402592329538
275,2026-07-03 14:00:00,14,4,0,0,2.0,party,1,0,3,omar,average,28.8,drive,0,0,5.6,6.0,28.4,232,6.191681579149606,3.204592238488723,6.383337594042745,-0.15765722613442268,-0.18212501449880314,-0.0643494328388341,1.1699872178717667,-0.07147508508644407
275,2026-07-03 14:00:00,14,4,0,0,2.0,party,1,0,3,sofia,morning struggler,16.8,transit,1,0,3.4,3.0,24.1,213,3.922149239717689,4.301910187769867,4.720614068490768,-0.2485242615648815,-0.5795942194026309,-0.9377065753343303,0.32061941524702187,-0.15959083646449068
349,2026-07-03 21:00:00,21,4,0,0,24.0,food,0,1,5,ethan,improving,15.5,drive,0,0,5.0,6.5,14.9,223,11.616668946076755,4.54234883031873,6.03333398459336,0.8133907812515275,-0.18464867498352255,0.22182317168697807,-0.3298451516768406,0.26941267482954245
349,2026-07-03 21:00:00,21,4,0,0,24.0,food,0,1,5,jake,chronically late,33.9,drive,1,0,9.0,12.5,38.0,247,12.62936714168849,5.291523499995746,12.608390611910997,1.197630165007288,-0.10305855103386286,0.07504988661717427,-0.03415425210466161,-0.08363296314627888
349,2026-07-03 21:00:00,21,4,0,0,24.0,food,0,1,5,marcus,party procrastinator,36.8,drive,0,0,4.7,5.5,36.3,252,6.97432108834825,5.623422709347218,7.8926631680995,1.6436716050173272,0.027565233691045243,0.07410880975026135,-2.301861446801417,-0.2692663456985267
349,2026-07-03 21:00:00,21,4,0,0,24.0,food,0,1,5,maya,always early,6.1,walk,0,0,0.4,-0.5,6.1,229,-1.0555533345918795,1.7523547917106712,-1.3730152384548227,0.7192572233758895,-0.2805257842182318,-0.20718871436664998,-0.5218354987729175,-0.24113691366854284
349,2026-07-03 21:00:00,21,4,0,0,24.0,food,0,1,5,zoe,forgets far-off plans,29.9,transit,0,0,3.7,4.5,47.9,217,5.9909933320067585,4.743991036519291,3.3545695234305026,1.2735252576092746,-0.16877459437342246,0.048299188286088146,-0.5666492518972834,-1.9002350923436468
260,2026-07-04 16:00:00,16,5,1,0,2.0,study,0,0,3,leo,rain hater,31.3,drive,0,0,3.0,2.0,29.3,223,5.87094686803439,4.91453294593654,5.120270533724112,-2.479349575358972,0.006888718146350392,-0.11348298738242768,-0.2196731963335301,-0.33307540759145127
260,2026-07-04 16:00:00,16,5,1,0,2.0,study,0,0,3,maya,always early,25.9,transit,0,0,-1.3,-3.0,37.6,230,-1.049464315268762,1.7518187146716193,-1.2712755186482174,-0.4675598276158408,-0.2765203794532025,-0.20554628553646115,-0.5179352945637943,-0.23808765074363913
260,2026-07-04 16:00:00,16,5,1,0,2.0,study,0,0,3,omar,average,34.9,drive,1,0,2.2,4.0,33.0,233,6.188974310553955,3.1979309447740314,6.9682783744439885,-0.15740908224203132,0.5238683024248338,-0.06411188337235707,-0.21097976198984902,-0.07162205626106832
343,2026-07-04 17:00:00,17,5,1,0,24.0,party,1,0,4,jake,chronically late,25.9,transit,0,0,13.1,12.5,30.9,248,12.614782813403593,5.286178980643828,12.018509375258171,-0.21083427224533935,0.21403638914841494,0.07376304402085232,0.9980256748941905,-0.08705189764728516
343,2026-07-04 17:00:00,17,5,1,0,24.0,party,1,0,4,marcus,party procrastinator,37.8,transit,1,0,12.6,15.5,34.8,253,6.965271518570192,5.61411640876224,7.81864900530577,-0.4146640301430251,-0.06486601714171503,0.07326714916886168,8.887068436852974,-0.2698426096835682
343,2026-07-04 17:00:00,17,5,1,0,24.0,party,1,0,4,maya,always early,29.7,transit,1,0,-0.3,-0.5,21.4,231,-1.0506777466478425,1.748030506591429,-1.3144793561850976,-0.4651744129812643,0.13908715075185452,-0.20456492941233573,1.6595652150263243,-0.236971667737627
343,2026-07-04 17:00:00,17,5,1,0,24.0,party,1,0,4,zoe,forgets far-off plans,35.8,drive,0,0,4.6,4.5,44.9,218,5.9804486627404,4.7355858448025,3.337271046497257,-0.39243584380496,-0.17102370207156437,0.04723213004456106,2.269602321661919,-1.8921679738370365
337,2026-07-04 20:00:00,20,5,1,0,168.0,study,0,0,5,jake,chronically late,28.1,drive,1,1,25.3,11.0,33.7,249,12.616715914603738,5.275604976762456,12.40477597560107,-0.20918505382699415,-0.1382681869634883,0.07359194971851579,-0.038057183504104586,0.812820569133434
337,2026-07-04 20:00:00,20,5,1,0,168.0,study,0,0,5,maya,always early,23.8,transit,0,1,-1.8,-2.0,24.4,232,-1.0474858974289054,1.7453028519956943,-1.0135673992654015,-0.4615606743232743,-0.2782949519298703,-0.20336219979799286,-0.518540981220325,0.10753629964175793
337,2026-07-04 20:00:00,20,5,1,0,168.0,study,0,0,5,omar,average,18.2,transit,0,1,4.6,5.0,21.0,234,6.172158336022384,3.201608551808804,6.177759524577824,-0.16199007547532318,-0.16534324585961713,-0.06551837384005577,-0.21273145294492313,0.19678437255104253
337,2026-07-04 20:00:00,20,5,1,0,168.0,study,0,0,5,priya,overbooked,19.1,transit,0,1,2.6,3.0,24.1,245,10.362983369237396,6.509559100543233,9.760852391210685,-0.08816055688291513,-6.21716512056337,0.17517644394956022,-0.1825398325729708,0.0933149676863465
337,2026-07-04 20:00:00,20,5,1,0,168.0,study,0,0,5,sofia,morning struggler,30.3,transit,0,1,1.2,2.0,52.3,214,3.9193874078052486,4.291958672880732,5.105539259372928,-0.24740491043938473,0.12205733023759446,-0.9329945095575489,-0.1472729977559255,0.3805340547338858
557,2026-07-05 10:00:00,10,6,1,0,48.0,party,1,0,3,hana,steady,20.0,transit,1,0,7.8,5.0,19.4,226,5.0577533100319,2.122844504810625,5.302215231437685,-0.2782868389783344,-0.17373986178348666,-0.07577742731226955,1.3931482376462272,-0.09262200312494162
557,2026-07-05 10:00:00,10,6,1,0,48.0,party,1,0,3,leo,rain hater,30.1,transit,0,0,5.5,4.0,29.1,224,5.858257705752703,4.907228551835443,5.173787915929344,-2.4692907200373075,0.003146140776700612,-0.11385359219361302,1.1960237648158891,-0.3346791973529042
557,2026-07-05 10:00:00,10,6,1,0,48.0,party,1,0,3,omar,average,37.0,transit,0,0,4.0,6.0,41.9,235,6.165587560905705,3.1963988904559617,5.490167874544487,-0.16326181196804956,-0.16651262647275633,-0.06591363418838103,1.1435218225534207,-0.06969427471140399
603,2026-07-05 13:00:00,13,6,1,0,6.0,food,0,0,6,ethan,improving,26.9,drive,0,0,4.0,5.4,27.8,224,11.587485492396047,4.5543107768119775,6.167852997827443,-0.09405369882553671,-0.19509135105881725,0.21790515908253383,-0.334165557698233,0.2613897851805689
603,2026-07-05 13:00:00,13,6,1,0,6.0,food,0,0,6,hana,steady,6.3,walk,0,0,3.3,4.5,6.3,227,5.0695438696495465,2.126157773194674,5.3912982484712995,-0.2721734083225238,-0.005590130273860794,-0.07437084511630054,-0.3677422149954124,-0.08851244465917407
603,2026-07-05 13:00:00,13,6,1,0,6.0,food,0,0,6,jake,chronically late,34.6,drive,0,0,13.2,11.5,42.8,250,12.666408540230176,5.324460325704381,14.547545297208623,-0.1925093346688076,0.1652873440152085,0.07747497102461942,-0.029327266801569607,-0.13456674467992435
603,2026-07-05 13:00:00,13,6,1,0,6.0,food,0,0,6,marcus,party procrastinator,23.4,drive,0,0,4.6,4.5,24.1,254,6.9870045473308675,5.614143203749601,7.196287013523104,-0.40693266820811935,0.0035763755815301224,0.07486797421915092,-2.314109701700942,-0.2634764037016408
603,2026-07-05 13:00:00,13,6,1,0,6.0,food,0,0,6,omar,average,30.2,drive,1,0,4.0,5.5,29.4,236,6.1565733516958305,3.1926798365833045,4.944735243341666,-0.16531461246080692,0.4770345594648324,-0.066560438369347,-0.20402374998061923,-0.07200791911128412
603,2026-07-05 13:00:00,13,6,1,0,6.0,food,0,0,6,sofia,morning struggler,10.9,walk,0,0,2.3,2.5,12.0,215,3.906973535266794,4.2857643284312115,4.0591352957905125,-0.2493890598330779,0.11687414762007853,-0.9295104063956154,-0.14917534137367516,-0.1467850613406645
29,2026-07-05 17:00:00,17,6,1,0,6.0,party,1,0,3,marcus,party procrastinator,5.3,walk,1,0,17.2,15.0,4.9,255,6.977745017295339,5.6051152558989195,7.4222128620843835,-0.4073225168835455,0.009962938560368784,0.0738481183049764,8.816595438822421,-0.26430908666056396
29,2026-07-05 17:00:00,17,6,1,0,6.0,party,1,0,3,maya,always early,29.9,drive,1,0,-1.2,-1.0,31.2,233,-1.0507827542151764,1.7419701546022923,-0.9287950726329075,-0.45995303573578994,0.14845072738069331,-0.20261325376264283,1.6369349099382793,-0.23169846971715802
29,2026-07-05 17:00:00,17,6,1,0,6.0,party,1,0,3,priya,overbooked,26.7,drive,1,0,19.1,16.0,22.9,246,10.331927109548957,6.5154155531929465,7.809122031299703,-0.09645155403265093,5.34548034043482,0.17134718160511397,1.4109908306399408,0.09372964922053129
589,2026-07-06 09:00:00,9,0,0,1,6.0,party,1,0,2,hana,steady,12.7,walk,1,0,7.8,5.0,12.3,228,5.0619956897975955,2.1245709559088133,5.460570197085027,-0.2734987045433295,-0.12734088895297457,0.39642422857019355,1.420049274952131,-0.09035646330039349
589,2026-07-06 09:00:00,9,0,0,1,6.0,party,1,0,2,marcus,party procrastinator,26.0,drive,0,0,14.0,15.0,20.8,256,7.01703063495341,5.6303586535952785,9.46200875284383,-0.3953000511867417,-0.03770825719076054,-0.8510709599645025,8.805918528881719,-0.25413640729245124
146,2026-07-06 15:00:00,15,0,0,0,48.0,food,0,0,5,ethan,improving,24.0,drive,0,0,3.4,4.9,22.0,225,11.554619100706056,4.572906664040356,6.015605457344587,-0.10420845180981786,-0.20747481625377873,0.21317851959361533,-0.3397325955064172,0.2520814019441051
146,2026-07-06 15:00:00,15,0,0,0,48.0,food,0,0,5,hana,steady,5.9,walk,0,0,4.2,4.0,5.3,229,5.0737709109503975,2.127818955765347,5.9210774031286855,-0.26762806868170674,-0.019499496757330093,-0.08624189471865229,-0.37908609365786106,-0.08644017967457174
146,2026-07-06 15:00:00,15,0,0,0,48.0,food,0,0,5,marcus,party procrastinator,8.3,walk,0,0,2.0,4.0,8.9,257,7.043749592222875,5.636167711366525,9.598214169206534,-0.38658568674592164,-0.02865585241730262,0.05061264435310164,-2.3698507924080454,-0.2468890025403203
146,2026-07-06 15:00:00,15,0,0,0,48.0,food,0,0,5,omar,average,11.0,walk,0,0,2.4,5.0,11.8,237,6.147778484142122,3.188962151890246,4.670793852612035,-0.16746185822432214,-0.15986996852334912,-0.06733502037211903,-0.20473613928159562,-0.07441589245417113
146,2026-07-06 15:00:00,15,0,0,0,48.0,food,0,0,5,sofia,morning struggler,18.3,transit,1,0,0.1,2.0,26.5,216,3.8998298333139965,4.2771083080037915,3.91423709523257,-0.250117126158234,-0.5581773472044969,-0.9257954623208722,-0.1501047026838891,-0.14768387005286776
270,2026-07-06 18:00:00,18,0,0,0,96.0,food,0,1,6,ethan,improving,5.2,walk,1,1,6.7,6.9,5.2,226,11.519114077109812,4.595592518146277,6.148318307745661,0.7720362805314007,0.8896443109129688,0.2085646570946409,-0.3454255699678086,-0.508101401875388
270,2026-07-06 18:00:00,18,0,0,0,96.0,food,0,1,6,leo,rain hater,33.4,transit,1,1,13.0,13.0,36.4,225,5.856588486140725,4.89636265097639,3.6733109960402075,6.925099094690482,-0.09689862376429481,-0.11334912010061693,-0.21886240439593152,1.0796219452189595
270,2026-07-06 18:00:00,18,0,0,0,96.0,food,0,1,6,maya,always early,18.7,transit,0,1,-1.0,0.0,9.9,234,-1.0514002016218964,1.7382444880429937,-0.9004000576062562,0.7275149391938722,-0.277170425542564,-0.20177020648621768,-0.5158756654131254,0.09453479761979111
270,2026-07-06 18:00:00,18,0,0,0,96.0,food,0,1,6,omar,average,36.7,drive,0,1,19.3,7.0,43.1,238,6.132161941614679,3.1914051345097794,4.209189126175622,0.4688349388455402,-0.16375337933769263,-0.06849761256077969,-0.20628132688447387,0.20223822870239783
270,2026-07-06 18:00:00,18,0,0,0,96.0,food,0,1,6,priya,overbooked,16.1,transit,0,1,3.6,5.0,17.1,247,10.366727586557008,6.525622068594224,8.10477931044486,0.6128099210357121,-6.233961450379359,0.17418931444206898,-0.22145485198591608,-0.06410723493377013
270,2026-07-06 18:00:00,18,0,0,0,96.0,food,0,1,6,zoe,forgets far-off plans,36.6,transit,0,1,14.4,14.0,46.0,219,5.974175677733781,4.725652556109671,3.949764479352509,1.2215012729958215,-0.17200679826788168,0.04645658501341199,-0.5596600343171021,6.831352452647215
252,2026-07-07 17:00:00,17,1,0,0,24.0,study,0,0,5,ethan,improving,6.4,walk,0,0,3.3,4.8,6.1,227,11.49848010384429,4.59703486292455,6.642422886812654,-0.09461194451903054,-0.20031105313463904,0.20522270232029527,-0.3482626652841798,0.26273665280084835
252,2026-07-07 17:00:00,17,1,0,0,24.0,study,0,0,5,maya,always early,25.1,transit,1,0,-1.3,-2.0,25.2,235,-1.0510525662838508,1.734601084830398,-1.1003007332239574,-0.45799258580040725,0.14425759865072751,-0.20097985707069932,-0.5134340162231061,-0.2310060942964578
252,2026-07-07 17:00:00,17,1,0,0,24.0,study,0,0,5,omar,average,10.2,walk,0,0,14.9,5.0,9.9,239,6.186259770868345,3.2964372943838463,6.66750279167667,-0.2240603117542177,-0.14588252825278047,-0.0625651092934918,-0.19601779514031747,-0.131122080531477
252,2026-07-07 17:00:00,17,1,0,0,24.0,study,0,0,5,sofia,morning struggler,6.6,walk,1,0,4.7,2.0,7.2,217,3.8826458742877286,4.274720898566915,2.566470249796494,-0.2533580688302077,-0.5955437534444723,-0.9227739634196008,-0.15300485616171455,-0.15048956748859155
252,2026-07-07 17:00:00,17,1,0,0,24.0,study,0,0,5,zoe,forgets far-off plans,12.4,walk,0,0,4.9,3.0,12.8,220,6.011766151519448,4.748999785948842,5.974790329005557,-0.42847734039673746,-0.15851713548690594,0.05005515019976858,-0.5476643636405445,-1.919772647310575
556,2026-07-08 08:00:00,8,2,0,1,48.0,food,0,0,6,ethan,improving,36.8,transit,0,0,5.4,5.3,70.3,228,11.46322383905215,4.619627889171442,6.475206811157757,-0.10535651018959058,-0.2134243171867034,-0.8668708305625525,-0.35395792479061505,0.2530059484231657
556,2026-07-08 08:00:00,8,2,0,1,48.0,food,0,0,6,jake,chronically late,38.1,transit,0,0,11.0,11.5,31.0,251,12.66848107226231,5.313908110126353,15.205280306360661,-0.19088104532104566,0.16526165942045346,0.5286391958032652,-0.028829030283333168,-0.13329680939870414
556,2026-07-08 08:00:00,8,2,0,1,48.0,food,0,0,6,leo,rain hater,19.5,transit,0,0,8.2,3.5,23.8,226,5.887580755407581,4.908607712318008,5.2250230729735945,-2.4856387796774775,-0.027370178868482142,1.0756361210945249,-0.2126406376994714,-0.36332991509589796
556,2026-07-08 08:00:00,8,2,0,1,48.0,food,0,0,6,marcus,party procrastinator,7.3,walk,0,0,8.4,4.5,7.6,258,7.024453058932134,5.633972069292451,9.206986588266323,-0.3896067429947614,-0.034790047515911304,-0.5007137273566489,-2.363684029099619,-0.25003899794745266
556,2026-07-08 08:00:00,8,2,0,1,48.0,food,0,0,6,priya,overbooked,20.7,drive,1,0,21.9,15.5,21.1,248,10.340044088929453,6.526855379778472,8.097155453979843,-0.06004298670621644,5.362100342818023,-0.9317015704024829,-0.2256912165005307,0.12791814623873599
556,2026-07-08 08:00:00,8,2,0,1,48.0,food,0,0,6,zoe,forgets far-off plans,26.3,transit,0,0,3.8,3.5,26.1,221,6.0067750199077485,4.738811262324212,6.4590785771165,-0.42748758996685154,-0.15918036615318965,-0.6552352426559871,-0.5458402075446376,-1.9104552679765954
586,2026-07-08 17:00:00,17,2,0,0,6.0,study,0,0,3,jake,chronically late,32.5,transit,1,0,12.0,10.0,32.6,252,12.662135069864291,5.304541164557996,13.846324305675513,-0.19208169311768408,-0.011994604741643045,0.08355237971795582,-0.02994455491196213,-0.13463175932839988
586,2026-07-08 17:00:00,17,2,0,0,6.0,study,0,0,3,marcus,party procrastinator,24.8,drive,1,0,1.6,3.0,28.6,259,7.029805730890617,5.623728602988285,8.608515923111606,-0.386585970823079,0.11420962216092168,0.043564304290087286,-2.351272576860177,-0.24784669593877684
586,2026-07-08 17:00:00,17,2,0,0,6.0,study,0,0,3,sofia,morning struggler,24.7,drive,1,0,0.4,1.0,29.1,218,3.88640678455212,4.265324713059492,2.781830509872034,-0.2510322933635134,-0.5762126890237234,-0.918159003967546,-0.15147612186356074,-0.14900234879275498
122,2026-07-08 19:00:00,19,2,0,0,48.0,study,0,1,6,ethan,improving,37.2,transit,0,0,12.9,6.8,35.4,229,11.437414394391139,4.6274194549609176,6.524975541254611,0.750293743056373,-0.2227845592619886,0.22578128919935203,-0.35778458742689523,0.24542017541174133
122,2026-07-08 19:00:00,19,2,0,0,48.0,study,0,1,6,jake,chronically late,13.6,walk,0,0,32.2,13.0,13.2,253,12.659515380959405,5.294272430116876,14.274147251702686,1.0920584400857063,0.16412750562552425,0.08303658972157457,-0.030192816938084732,-0.1346491521555162
122,2026-07-08 19:00:00,19,2,0,0,48.0,study,0,1,6,marcus,party procrastinator,12.5,walk,0,0,10.5,6.0,13.0,260,7.009264031273685,5.622970784539698,8.174075437506767,1.5406690624784671,-0.012995119608492978,0.04153078717315051,-2.3456662840606874,-0.25132621238110087
122,2026-07-08 19:00:00,19,2,0,0,48.0,study,0,1,6,omar,average,11.5,walk,0,0,6.9,7.0,11.1,240,6.221857013418475,3.3372517593905857,8.14910200383385,0.5911959715346287,-0.13391340780220062,-0.05854159276762427,-0.18894957178893357,-0.11972532036070316
122,2026-07-08 19:00:00,19,2,0,0,48.0,study,0,1,6,sofia,morning struggler,32.4,drive,0,0,3.3,4.0,33.4,219,3.870781108426457,4.261812894074099,2.348794602407559,0.6303190046782827,0.14159181652614716,-0.9150753949566357,-0.15400501511724318,-0.15144827487020196
122,2026-07-08 19:00:00,19,2,0,0,48.0,study,0,1,6,zoe,forgets far-off plans,31.8,drive,0,0,3.9,5.0,31.2,222,5.997158450605843,4.730396349418891,6.1991881287445265,1.3340599244502531,-0.1616079204160208,0.05875443098759714,-0.545362770108361,-1.9027310206441435
238,2026-07-08 20:00:00,20,2,0,0,2.0,food,0,0,3,ethan,improving,24.4,drive,1,0,1.5,3.8,29.3,230,11.443895833520283,4.618218402136246,7.798255952434366,-0.11947882154458433,0.87667632832901,0.2251758292926862,-0.35490856499704293,0.24537983229209637
238,2026-07-08 20:00:00,20,2,0,0,2.0,food,0,0,3,jake,chronically late,7.3,walk,0,0,9.3,10.0,7.3,254,12.73519506130219,5.4220585645525965,17.02434144608634,-0.26566284584691324,0.19408822910695633,0.08898590703736353,-0.017602250211433912,-0.11298158894048704
238,2026-07-08 20:00:00,20,2,0,0,2.0,food,0,0,3,omar,average,20.0,transit,0,0,3.8,4.0,32.3,241,6.224859840964499,3.3306168691683147,8.564245668846999,-0.2140922920026762,-0.1325860231382041,-0.058232972220788604,-0.18783040542794538,-0.118516321768527
223,2026-07-09 08:00:00,8,3,0,1,6.0,food,0,0,4,ethan,improving,7.2,walk,0,0,4.8,4.3,7.5,231,11.401707766338724,4.65515120195146,7.51477364752535,-0.13243008045029647,-0.17826601878496184,-1.034685315018157,-0.3619663651744336,0.23423345843919385
223,2026-07-09 08:00:00,8,3,0,1,6.0,food,0,0,4,marcus,party procrastinator,34.9,transit,0,0,4.5,3.5,65.1,261,7.022567792691502,5.616322283943717,7.220733655054715,-0.4029731928614675,-0.008711443117818796,-0.41766175080204526,-2.331386302208055,-0.24739657566228246
223,2026-07-09 08:00:00,8,3,0,1,6.0,food,0,0,4,maya,always early,36.6,transit,0,0,-1.8,-2.5,48.5,236,-1.0518546354525338,1.7309302325570175,-1.100529895843581,-0.4560761970325895,-0.2748828543073689,0.2680797222495497,-0.5113613312658207,-0.23031776442965635
223,2026-07-09 08:00:00,8,3,0,1,6.0,food,0,0,4,sofia,morning struggler,36.5,transit,1,0,17.6,16.5,51.1,220,3.868457923804175,4.252250643740334,2.648130835372622,-0.25155631480961427,-0.6058818981054315,9.906113721696984,-0.15394845492046727,-0.15139324159880285
243,2026-07-09 15:00:00,15,3,0,0,24.0,study,0,0,4,hana,steady,32.7,drive,1,0,5.1,3.5,28.8,230,5.070205429200293,2.123899514887268,5.548630122628656,-0.267628131223141,-0.08628971486128378,-0.08633712399119542,-0.3781488797336179,-0.08722690408677103
243,2026-07-09 15:00:00,15,3,0,0,24.0,study,0,0,4,leo,rain hater,7.6,walk,0,0,4.1,2.5,8.4,227,5.897837395957194,4.90022065540093,6.0708106845591985,-2.4681848989298456,-0.024416473416940754,-0.12036406118753362,-0.21020593300258383,-0.3587657275887919
243,2026-07-09 15:00:00,15,3,0,0,24.0,study,0,0,4,omar,average,26.6,drive,0,0,3.8,4.5,23.9,242,6.21497277676951,3.327327972058847,8.532849364791288,-0.21616397315126967,-0.13489536070780606,-0.058942672015793285,-0.18857806103068508,-0.12077244747132898
243,2026-07-09 15:00:00,15,3,0,0,24.0,study,0,0,4,zoe,forgets far-off plans,24.8,drive,0,0,0.9,2.5,23.6,223,5.988150332728373,4.721820591271247,6.225185809350963,-0.4193820649551041,-0.16391746607899105,0.05728181805087296,-0.5448484621770868,-1.8950314711784175
22,2026-07-10 20:00:00,20,4,0,0,48.0,food,0,0,5,ethan,improving,18.7,transit,1,0,5.1,4.7,20.0,232,11.373713186451125,4.665801960754419,7.2353466247003215,-0.1405516239797855,0.7872663268668099,0.24687928328276953,-0.36587035678984847,0.22663663973385084
22,2026-07-10 20:00:00,20,4,0,0,48.0,food,0,0,5,hana,steady,24.5,drive,0,0,3.8,4.0,30.2,231,5.070211971139478,2.1193020820114197,5.477203420325565,-0.26594458559574274,-0.020758601770983987,-0.0858180351408464,-0.3760739106512254,-0.08660412245293259
22,2026-07-10 20:00:00,20,4,0,0,48.0,food,0,0,5,leo,rain hater,13.1,walk,0,0,2.2,3.0,13.9,228,5.89000010810694,4.8908727595027495,6.5114286023162675,-2.456761468672084,-0.026538566675429642,-0.12036540244239813,-0.21034324271216143,-0.35891902410404963
22,2026-07-10 20:00:00,20,4,0,0,48.0,food,0,0,5,maya,always early,10.7,walk,1,0,-0.9,-2.0,11.6,237,-1.0550825405416657,1.7276850358131872,-1.3157378687261903,-0.4545142848783792,0.14220882432536675,-0.19725262702592672,-0.5093612104423553,-0.22984226720425371
22,2026-07-10 20:00:00,20,4,0,0,48.0,food,0,0,5,sofia,morning struggler,21.4,transit,1,0,1.3,2.0,24.0,221,3.9290709079155612,4.342525237657469,4.851163116547304,-0.23324021985159504,-0.43773724323465846,-0.9703664053703833,-0.13988483139146757,-0.13773397315337332
306,2026-07-11 09:00:00,9,5,1,1,2.0,food,0,0,2,jake,chronically late,32.2,transit,0,0,7.7,10.0,34.3,255,12.721625149044504,5.4159662576176055,14.734750042584144,-0.26811957604835435,0.18799254108965613,0.38352369596609037,-0.019386709638236965,-0.11578879278738974
306,2026-07-11 09:00:00,9,5,1,1,2.0,food,0,0,2,zoe,forgets far-off plans,6.0,walk,0,0,3.7,2.0,6.3,224,5.965600605902058,4.723373275746987,5.690171601686302,-0.42354472305563196,-0.1699869523252957,-0.6904700394016103,-0.5469339232062351,-1.8904484155242844
619,2026-07-12 22:00:00,22,6,1,0,2.0,food,0,0,4,ethan,improving,26.4,transit,0,0,5.4,4.2,32.4,233,11.34713374675948,4.674372959767173,7.484895356216995,-0.1480268514671046,-0.16262404481880033,0.24293812816619464,-0.36934435007391997,0.21954477473187595
619,2026-07-12 22:00:00,22,6,1,0,2.0,food,0,0,4,leo,rain hater,39.0,transit,0,0,5.8,2.5,61.7,229,5.87400782790067,4.886176045528418,6.392573665114477,-2.448188397733985,-0.03100214954272751,-0.12096219544838238,-0.21171495404943386,-0.3612656819893614
619,2026-07-12 22:00:00,22,6,1,0,2.0,food,0,0,4,maya,always early,35.4,transit,0,0,-2.0,-2.5,40.4,238,-1.0546591286882436,1.7241770577221052,-1.1870454653394982,-0.4516489124055265,-0.2748006235097522,-0.1961076661942398,-0.5065645217631631,-0.22828084897042955
619,2026-07-12 22:00:00,22,6,1,0,2.0,food,0,0,4,sofia,morning struggler,37.4,transit,1,0,0.7,1.5,27.8,222,3.9172591706112634,4.336132643619175,5.019216905888933,-0.23491688570435976,-0.4605469267180893,-0.9666192839771965,-0.14141468970520998,-0.13920554637659555
160,2026-07-13 20:00:00,20,0,0,0,24.0,hangout,0,0,5,hana,steady,32.8,transit,0,0,3.4,4.0,31.4,232,5.064478850938303,2.1162693980869802,4.904136814553801,-0.2660472449795943,-0.02204811327516243,-0.08554914708834183,-0.3750250729957063,-0.08735374797203832
160,2026-07-13 20:00:00,20,0,0,0,24.0,hangout,0,0,5,marcus,party procrastinator,18.4,transit,0,0,4.9,4.0,16.1,262,7.012664747836621,5.607757517911964,5.8607613565247485,-0.40311232311818124,-0.011373945193565937,0.05210671885363283,-2.322602776956699,-0.24796509135381406
160,2026-07-13 20:00:00,20,0,0,0,24.0,hangout,0,0,5,maya,always early,30.6,transit,0,0,-2.1,-2.0,31.3,239,-1.0586824275722224,1.721302400029342,-1.3024806935920634,-0.4503732523093882,-0.27461430652700614,-0.1954735730350956,-0.5047474384751869,-0.2280186547638039
160,2026-07-13 20:00:00,20,0,0,0,24.0,hangout,0,0,5,omar,average,5.7,walk,0,0,2.7,5.0,5.4,243,6.2047640631950705,3.324033411924776,8.729932589484305,-0.21779658784783162,-0.13676499420038102,-0.05924519718644472,-0.18891304321370317,-0.12259062567724754
160,2026-07-13 20:00:00,20,0,0,0,24.0,hangout,0,0,5,priya,overbooked,20.2,drive,1,0,17.0,15.0,22.5,249,10.385360187686528,6.554139744801786,10.224388625053294,-0.04642087953511975,5.362347620387464,0.12629280777685636,-0.2156514276015855,0.1389238748179782
225,2026-07-13 21:00:00,21,0,0,0,2.0,party,1,1,5,ethan,improving,17.5,transit,0,0,4.9,8.1,22.2,234,11.322026898286925,4.681008631405258,7.477721970939121,0.8679753812289182,-0.17167930007054188,0.2392065925415423,2.3282143991281856,0.21287277086173262
225,2026-07-13 21:00:00,21,0,0,0,2.0,party,1,1,5,hana,steady,10.0,walk,0,0,6.2,7.5,9.8,233,5.057413565926787,2.1143990152028542,4.916403875979081,0.5962336314521979,-0.024150900191082236,-0.08572267879838247,1.4534101636206342,-0.08886533279043629
225,2026-07-13 21:00:00,21,0,0,0,2.0,party,1,1,5,leo,rain hater,31.6,drive,0,0,15.5,14.5,46.2,230,5.87346565400245,4.8755436127522,6.435275901143557,6.9131041568042,-0.03070843514368793,-0.1202198247263766,1.13733811864497,-0.3592018664622776
225,2026-07-13 21:00:00,21,0,0,0,2.0,party,1,1,5,maya,always early,35.7,transit,1,0,2.0,1.5,47.5,240,-1.0630023318752022,1.7186404005459923,-1.4608578091072004,0.7272763373691375,0.14974129333352082,-0.1949582455782013,1.6040996084757873,-0.22793681360386375
225,2026-07-13 21:00:00,21,0,0,0,2.0,party,1,1,5,zoe,forgets far-off plans,7.8,walk,0,0,3.7,6.5,8.1,225,5.955497516045981,4.7152335422569145,4.158713576013137,1.30954771268547,-0.1720088856492028,0.0647749369408901,2.210668874625795,-1.8826462318285229
601,2026-07-14 10:00:00,10,1,0,0,48.0,hangout,0,0,4,ethan,improving,31.3,drive,0,0,5.2,4.1,34.4,235,11.295253155777498,4.690270329393456,6.327215187364999,-0.1288949623781086,-0.18159645589883588,0.2350935068538078,-0.3463607509315221,0.20563260190535182
601,2026-07-14 10:00:00,10,1,0,0,48.0,hangout,0,0,4,leo,rain hater,17.7,drive,0,0,7.2,2.5,18.3,231,5.914240497400848,4.906032052807694,6.804068713543098,-2.473952842979476,-0.018179943417041322,-0.11617201772965835,-0.2503026212503432,-0.34577665438486793
601,2026-07-14 10:00:00,10,1,0,0,48.0,hangout,0,0,4,marcus,party procrastinator,12.5,walk,0,0,2.5,3.5,13.1,263,7.004704318606716,5.598601671207265,6.272772662459062,-0.4032134356895112,-0.013857871811429945,0.051213438795024935,-2.3138546816019314,-0.24854502895185782
601,2026-07-14 10:00:00,10,1,0,0,48.0,hangout,0,0,4,omar,average,6.6,walk,0,0,9.6,4.5,6.1,244,6.190605451351808,3.324709091060054,6.354458700386231,-0.22121787409128935,-0.14033211497676312,-0.06037489806155172,-0.1903610861132874,-0.12604918983773228
293,2026-07-15 10:00:00,10,2,0,0,24.0,study,0,1,3,jake,chronically late,32.0,transit,1,0,7.5,11.5,44.1,256,12.702126619836461,5.41486826615789,13.943464748524704,1.345661207134686,-0.05783268348344528,0.10693335188149788,-0.022255422033030214,-0.12034472993654788
293,2026-07-15 10:00:00,10,2,0,0,24.0,study,0,1,3,sofia,morning struggler,18.7,drive,1,0,3.9,2.5,23.0,223,3.902873016567176,4.331521541844349,4.443678004733479,0.577414285089541,-0.48901900016057187,-0.9630862638436444,-0.14342319842740636,-0.1411405549980782
293,2026-07-15 10:00:00,10,2,0,0,24.0,study,0,1,3,zoe,forgets far-off plans,22.8,drive,1,0,3.9,3.5,19.5,226,5.94569284752085,4.7071310560259985,3.9844836707202425,1.2548154424363682,0.45997032898956736,0.06340368190180978,-0.536595667322934,-1.8751097064584625
669,2026-07-15 19:00:00,19,2,0,0,2.0,study,0,1,3,hana,steady,9.6,walk,0,0,9.8,4.5,10.4,234,5.062110453306482,2.1112804873401463,4.689174415230424,0.6001706416409789,-0.022379190988370823,-0.08483120211660555,-0.37922887620278267,-0.08692234607615124
669,2026-07-15 19:00:00,19,2,0,0,2.0,study,0,1,3,leo,rain hater,23.5,transit,0,0,11.6,11.5,29.8,232,5.919596617469406,4.8961939638305445,6.662741890705545,6.913704701377373,-0.01638165463420549,-0.11512135698802783,-0.24810877646772855,-0.3423586117162465
669,2026-07-15 19:00:00,19,2,0,0,2.0,study,0,1,3,sofia,morning struggler,6.4,walk,1,0,1.5,2.5,6.6,224,3.9028139665513057,4.321844149697321,4.943661133300373,0.5660893635027442,-0.4817084466594177,-0.9585624789570897,-0.14263743892044367,-0.14037030761957192
408,2026-07-15 20:00:00,20,2,0,0,2.0,study,0,1,5,ethan,improving,20.2,transit,0,0,5.2,6.1,27.9,236,11.269915034916332,4.697565641177819,6.8485471528332384,0.7942445513266954,-0.19077460534729518,0.23121426451616323,-0.3499663887361262,0.19883284095657494
408,2026-07-15 20:00:00,20,2,0,0,2.0,study,0,1,5,hana,steady,36.7,transit,1,0,7.2,5.5,33.7,235,5.081873014228484,2.129590783126251,5.494820861208138,0.6436398972811048,-0.09505026304277564,-0.08272028057896108,-0.3727807274388235,-0.08077109280141848
408,2026-07-15 20:00:00,20,2,0,0,2.0,study,0,1,5,leo,rain hater,10.7,walk,0,0,11.8,12.5,10.4,233,5.943485392499312,4.899862318429009,7.7409958264283745,6.872411903789697,-0.009167601256014457,-0.11260402213102338,-0.24292083979500134,-0.3339199874335401
408,2026-07-15 20:00:00,20,2,0,0,2.0,study,0,1,5,marcus,party procrastinator,5.6,walk,0,0,6.6,5.5,5.4,264,6.987916443921325,5.594846777399749,5.425118983977521,1.5949332385716488,-0.019277695282457152,0.04944188495710211,-2.307549705582124,-0.25113259472665295
408,2026-07-15 20:00:00,20,2,0,0,2.0,study,0,1,5,priya,overbooked,7.2,walk,0,0,8.3,4.5,7.8,250,10.41117460162681,6.554042856130863,12.146049886179089,0.44496113989274555,-6.281040084608724,0.12863762393971356,-0.20954215663537212,0.14486324937383266
107,2026-07-15 21:00:00,21,2,0,0,24.0,hangout,0,0,3,jake,chronically late,39.0,drive,1,0,10.6,10.0,47.3,257,12.682289950056509,5.414452071846519,13.437797128587574,-0.2531695079368923,-0.10522008146314299,0.10469555912831474,-0.02547139219501382,-0.12529736751927345
107,2026-07-15 21:00:00,21,2,0,0,24.0,hangout,0,0,3,leo,rain hater,24.5,drive,0,0,2.9,2.0,21.0,234,5.9680333343715715,4.9043783857311976,9.119438095534736,-2.5052391071544884,-0.0018622350531778409,-0.11007703805220359,-0.23769760866890266,-0.32541466069692326
107,2026-07-15 21:00:00,21,2,0,0,24.0,hangout,0,0,3,omar,average,12.9,walk,0,0,2.8,4.0,13.1,245,6.204239867659223,3.3250831958101026,5.601211390759778,-0.21558778777226273,-0.13541320438591153,-0.05869355017742173,-0.18717014592392012,-0.12139114005365936
584,2026-07-15 21:00:00,21,2,0,0,24.0,food,0,1,6,ethan,improving,16.4,transit,0,0,9.3,6.6,20.3,237,11.244840599301565,4.704643809955649,6.898525885514734,0.704736499001843,-0.19981671863959072,0.22734049527729816,-0.3535454865735854,0.19209573401439428
584,2026-07-15 21:00:00,21,2,0,0,24.0,food,0,1,6,hana,steady,12.7,walk,0,0,5.7,6.0,11.4,236,5.090669813406552,2.1296790586487164,5.797334232401872,0.6571735552262838,-0.024435494125294,-0.08158419806569928,-0.36890306807138895,-0.07782505389329142
584,2026-07-15 21:00:00,21,2,0,0,24.0,food,0,1,6,jake,chronically late,38.5,transit,0,0,23.4,13.0,31.5,258,12.674340019129199,5.4056719967265625,13.235525719751198,1.2689677948652704,0.20646262687950845,0.10359372109700438,-0.02663697523508901,-0.1268557329594575
584,2026-07-15 21:00:00,21,2,0,0,24.0,food,0,1,6,omar,average,30.0,transit,1,0,3.9,7.0,38.9,246,6.190643127613462,3.3253286795275976,5.011612322175274,0.6213126761653847,0.4019104663543267,-0.0598103015873086,-0.18857364981406732,-0.12471779610807143
584,2026-07-15 21:00:00,21,2,0,0,24.0,food,0,1,6,priya,overbooked,10.1,walk,0,0,4.3,5.0,10.4,251,10.40293525402726,6.542419600886188,12.957981501150647,0.4091779030936955,-6.238106041673174,0.12721167932077115,-0.21017417516819314,0.14211104391597296
584,2026-07-15 21:00:00,21,2,0,0,24.0,food,0,1,6,zoe,forgets far-off plans,16.2,drive,1,0,5.8,5.0,17.2,227,5.936859590650772,4.698668625479337,3.9962455973287914,1.204970198002803,0.42558613737047857,0.06212772368375319,-0.5358946799007507,-1.86742484223765
571,2026-07-16 13:00:00,13,3,0,0,48.0,hangout,0,1,5,ethan,improving,23.6,transit,0,0,5.4,6.0,27.0,238,11.236934961789608,4.696600859730253,7.496267131939888,0.6692694706127789,-0.20199329620233009,0.2253281539455827,-0.3535950846727882,0.189226794690331
571,2026-07-16 13:00:00,13,3,0,0,48.0,hangout,0,1,5,hana,steady,17.1,drive,0,0,7.2,5.5,19.1,237,5.093285932706093,2.1255935012920832,6.0695102664874545,0.6540536276349282,-0.023573945267757246,-0.08109901788877671,-0.36658727766365296,-0.07679411154187221
571,2026-07-16 13:00:00,13,3,0,0,48.0,hangout,0,1,5,jake,chronically late,35.7,transit,0,0,27.8,12.5,38.8,259,12.71505755952604,5.4352179251571044,11.990016445578869,1.376869945052885,0.22218079730359364,0.10670473924978907,-0.019926443518983206,-0.11517467896855038
571,2026-07-16 13:00:00,13,3,0,0,48.0,hangout,0,1,5,leo,rain hater,25.6,drive,1,0,11.7,12.5,21.8,235,5.955313315478643,4.897957852738923,8.701518090136755,6.845864631865867,-0.057517483739477626,-0.11072673770256714,-0.23875823653867645,-0.3273103645547186
571,2026-07-16 13:00:00,13,3,0,0,48.0,hangout,0,1,5,priya,overbooked,26.1,drive,1,0,17.5,16.5,24.0,252,10.3792809171785,6.540954616994932,10.836937404908142,0.3223258259197088,5.377031791172856,0.12407943972400126,-0.21384271451535142,0.13546386656384435
570,2026-07-17 15:00:00,15,4,0,0,6.0,food,0,0,6,ethan,improving,18.8,transit,0,0,2.2,5.0,16.1,239,11.213312425852026,4.702369194947099,7.489517835957721,-0.0812341348344976,-0.2106912902943865,0.22135972651074098,-0.35716406600124806,0.18258196887339118
570,2026-07-17 15:00:00,15,4,0,0,6.0,food,0,0,6,hana,steady,33.9,drive,1,0,12.5,4.5,32.1,238,5.102256098386399,2.1256480254929087,6.6149303138246855,-0.31061969112835364,-0.07748100835472727,-0.08027679798318843,-0.36309134347584493,-0.07421837563027545
570,2026-07-17 15:00:00,15,4,0,0,6.0,food,0,0,6,jake,chronically late,31.8,drive,0,0,19.9,11.5,36.2,260,12.772257478897716,5.503335661429972,14.649216422542205,-0.34989822696394945,0.2442937640053664,0.11105416382199529,-0.010786412542163504,-0.09932687798031559
570,2026-07-17 15:00:00,15,4,0,0,6.0,food,0,0,6,priya,overbooked,27.3,transit,0,0,7.4,3.5,32.5,253,10.407163689565483,6.542985275388892,12.830618197018708,-0.03470914279405868,-6.24103186916692,0.12618008542538917,-0.20790659251649046,0.14134729833891058
570,2026-07-17 15:00:00,15,4,0,0,6.0,food,0,0,6,sofia,morning struggler,8.1,walk,0,0,1.5,2.5,8.1,225,3.8928183995995425,4.315032718071172,4.683662399885583,-0.2274408476979155,0.11594861835253978,-0.9554846403495532,-0.14454988414594672,-0.14223331243032433
570,2026-07-17 15:00:00,15,4,0,0,6.0,food,0,0,6,zoe,forgets far-off plans,11.8,walk,0,0,2.7,3.5,12.3,228,5.936687690591825,4.688359647243599,4.267625054454807,-0.4056685880753861,-0.16543241838418954,0.06136576012293826,-0.5336489486493292,-1.8580523796718298
438,2026-07-18 13:00:00,13,5,1,0,6.0,food,0,0,2,jake,chronically late,8.2,walk,0,0,10.1,10.0,7.9,261,12.79909376599826,5.509845964126993,16.3997410759995,-0.33960367414464443,0.2540076341579436,0.11293622930291036,-0.006409350418898896,-0.09160330200769096
438,2026-07-18 13:00:00,13,5,1,0,6.0,food,0,0,2,leo,rain hater,17.4,transit,1,0,1.7,2.0,23.0,236,5.979497683632935,4.90188441375385,8.165570766752268,-2.519511636865354,0.022212639492760644,-0.10858363773793656,-0.23401195653262885,-0.3194070700673155
103,2026-07-18 18:00:00,18,5,1,0,24.0,study,0,0,2,hana,steady,7.9,walk,0,0,3.2,3.0,7.9,239,5.132602962913197,2.174796628582476,7.5236008465466275,-0.29705539411673865,-0.05044780347701483,-0.07730595498932757,-0.35446003279218274,-0.06526783500306355
103,2026-07-18 18:00:00,18,5,1,0,24.0,study,0,0,2,sofia,morning struggler,23.2,drive,0,0,4.4,1.0,28.5,226,3.8824897097438082,4.3082462086462,2.380711345641088,-0.22916118502250882,0.11103676971285248,-0.9520175966160709,-0.1460156146221725,-0.14365068653605917
228,2026-07-18 21:00:00,21,5,1,0,48.0,food,0,0,5,ethan,improving,29.4,drive,0,0,10.5,4.5,36.1,240,11.176500860786573,4.729072300820626,7.093285960224735,-0.09317196076554346,-0.22408463562493885,0.21631026945312826,-0.36305881100911996,0.17341337599741102
228,2026-07-18 21:00:00,21,5,1,0,48.0,food,0,0,5,hana,steady,27.9,transit,1,0,2.7,4.0,26.0,240,5.124664126092698,2.173698684781822,6.578475464597915,-0.29842345592345687,0.02248620665671286,-0.07760621030807435,-0.35445177006101414,-0.0671086356800652
228,2026-07-18 21:00:00,21,5,1,0,48.0,food,0,0,5,maya,always early,32.7,transit,0,0,-1.3,-2.0,56.7,241,-1.0502328825499556,1.7275709247115583,-0.9857808235857017,-0.46174139624126664,-0.2870663683492145,-0.19322198388126632,-0.5155621624871247,-0.22376289731241705
228,2026-07-18 21:00:00,21,5,1,0,48.0,food,0,0,5,omar,average,10.5,walk,0,0,12.9,5.0,10.4,247,6.181915519415519,3.321741628637873,5.023404434118719,-0.21036330388661995,-0.13033604187940995,-0.06084437093020778,-0.18959925761062202,-0.12709352144025488
228,2026-07-18 21:00:00,21,5,1,0,48.0,food,0,0,5,priya,overbooked,15.5,transit,1,0,21.4,15.0,14.1,254,10.39553170228846,6.5329365428970565,10.755866200653845,-0.038006290902043105,5.373542832756591,0.12445850068828612,-0.20914585313781942,0.13785347936928538
50,2026-07-19 16:00:00,16,6,1,0,6.0,party,1,1,6,ethan,improving,33.4,transit,0,0,7.9,8.4,18.0,241,11.173851007206434,4.7195083494599555,7.8496717163446945,0.6240736759051888,-0.2240218125618103,0.2149510062273361,2.2556665517710606,0.1718526758961616
50,2026-07-19 16:00:00,16,6,1,0,6.0,party,1,1,6,jake,chronically late,26.3,transit,0,0,13.9,15.0,19.5,262,12.789016283793195,5.502056565458738,16.768290366798052,1.5162122225547723,0.24852299817036005,0.11156404188266755,0.833222700916437,-0.09394580987279255
50,2026-07-19 16:00:00,16,6,1,0,6.0,party,1,1,6,leo,rain hater,11.6,walk,0,0,15.1,15.0,10.4,237,5.9618485445156315,4.899325004257055,7.37481386986161,6.8231399815840375,-0.01206419148611726,-0.10961502380256949,1.3041298189866017,-0.322625643883784
50,2026-07-19 16:00:00,16,6,1,0,6.0,party,1,1,6,priya,overbooked,10.7,walk,0,0,7.0,7.0,9.9,255,10.437951337587627,6.555829921470389,11.396557525025035,0.37991352614906404,-6.243821117026155,0.12825598194544874,1.4927571549823302,0.14744658113508535
50,2026-07-19 16:00:00,16,6,1,0,6.0,party,1,1,6,sofia,morning struggler,32.8,drive,0,0,6.8,6.0,35.7,227,3.884773050744754,4.298919438532615,2.8242208716413586,0.5253012810576259,0.11122615194000174,-0.9475076138010681,0.3328821993460691,-0.14251992762940535
50,2026-07-19 16:00:00,16,6,1,0,6.0,party,1,1,6,zoe,forgets far-off plans,35.6,drive,0,0,5.2,7.0,42.6,229,5.922937383644372,4.682918817087518,4.520839252469821,1.1945572183939346,-0.1692240489057042,0.05945650899851973,2.142599288490887,-1.8519602041828813
10,2026-07-19 18:00:00,18,6,1,0,96.0,food,0,0,2,jake,chronically late,5.7,walk,1,1,10.9,10.0,5.6,263,12.79327506373554,5.491929443898206,17.240935732495867,-0.34538003791671734,-0.23420702172696295,0.11137184988468896,-0.012222177758285824,0.8561452003795935
10,2026-07-19 18:00:00,18,6,1,0,96.0,food,0,0,2,zoe,forgets far-off plans,10.8,walk,0,1,10.8,11.0,10.1,230,5.919990285451598,4.672956423842451,4.7342829387004555,-0.4050734267374647,-0.16943499974460963,0.05871319337830094,-0.5313895008544058,6.912008743093561
639,2026-07-20 18:00:00,18,0,0,0,6.0,study,0,1,3,hana,steady,8.8,walk,0,0,4.0,4.5,8.6,241,5.1150977762323455,2.1746142554486965,5.932885078923527,0.6545520649271079,-0.04341964388574038,-0.07840734817536799,-0.3552173426657035,-0.06981466969580641
639,2026-07-20 18:00:00,18,0,0,0,6.0,study,0,1,3,marcus,party procrastinator,13.3,walk,1,0,10.1,4.5,13.3,265,6.987089085011693,5.584332020514498,6.139168310003341,1.5609011856033668,0.07225570065093123,0.04851029915188665,-2.297935665630691,-0.2509315497892102
639,2026-07-20 18:00:00,18,0,0,0,6.0,study,0,1,3,priya,overbooked,34.9,transit,1,0,20.2,15.5,31.4,256,10.424958057291787,6.54667240093366,11.20713087351194,0.33028049571561624,5.384241875253062,0.12618215136571997,-0.1876271591462313,0.14338208423372123
215,2026-07-21 15:00:00,15,1,0,0,6.0,hangout,0,0,3,omar,average,11.0,walk,0,0,6.9,4.0,11.0,248,6.208861923798068,3.3423697212902894,6.331103406799448,-0.2009015649372925,-0.12183497141740673,-0.05824521602460564,-0.1846795273320474,-0.11914037570311642
215,2026-07-21 15:00:00,15,1,0,0,6.0,hangout,0,0,3,sofia,morning struggler,32.5,drive,1,0,0.0,1.0,34.4,228,3.897605436570435,4.293999939467598,3.6993158390201244,-0.23983231666312532,-0.5051344485873148,-0.9424089654158592,-0.15736039992323025,-0.13958509726310098
215,2026-07-21 15:00:00,15,1,0,0,6.0,hangout,0,0,3,zoe,forgets far-off plans,35.6,drive,0,0,1.5,2.0,34.3,231,5.940856214919116,4.673914930959315,5.754530347119747,-0.3963271980257339,-0.16182703771140616,0.060546002014503664,-0.523823838245943,-1.8634652618949294
362,2026-07-21 20:00:00,20,1,0,0,2.0,food,0,0,6,leo,rain hater,29.4,transit,0,0,3.3,3.5,22.9,238,5.99966004651995,4.9247669018439195,7.885617156148556,-2.548840708218294,-0.0007216242431082875,-0.10621768742562843,-0.2727812718378759,-0.3109508145578985
362,2026-07-21 20:00:00,20,1,0,0,2.0,food,0,0,6,marcus,party procrastinator,26.8,drive,0,0,3.1,4.5,28.5,266,6.998588159794641,5.577074245265515,6.085310902798469,-0.41605173411127794,-0.0314725037609529,0.04939970051874454,-2.284465142447731,-0.24729196156909516
362,2026-07-21 20:00:00,20,1,0,0,2.0,food,0,0,6,omar,average,27.1,drive,0,0,4.5,5.5,29.8,249,6.211485792536802,3.335948555550277,6.9318530835819425,-0.19888359272816558,-0.12028665636163005,-0.05762439269559394,-0.18329917558777442,-0.11766773799608643
362,2026-07-21 20:00:00,20,1,0,0,2.0,food,0,0,6,priya,overbooked,34.0,drive,1,0,16.5,15.5,29.1,257,10.462280119482244,6.561800030476719,13.489222891280642,-0.04898894008317001,5.3784881604999,0.12950252761449832,-0.17963993824380076,0.15172639492431905
362,2026-07-21 20:00:00,20,1,0,0,2.0,food,0,0,6,sofia,morning struggler,30.4,drive,0,0,4.8,2.5,23.3,229,3.880843552582683,4.292061433211966,3.137383872166481,-0.24318646783583686,0.1315341989638661,-0.9394607445694407,-0.16000995987753974,-0.1421288904574909
362,2026-07-21 20:00:00,20,1,0,0,2.0,food,0,0,6,zoe,forgets far-off plans,15.9,drive,1,0,4.8,3.5,18.4,232,5.922014309301046,4.672816160782837,5.406289802657442,-0.4001013500305257,0.4298202164740408,0.05830711981136272,-0.5255524039343529,-1.8586107933507572
59,2026-07-22 10:00:00,10,2,0,0,24.0,food,0,0,4,ethan,improving,24.5,transit,0,0,4.9,3.8,16.6,242,11.160765833701209,4.71468823189476,8.231647381057488,-0.08095823174107153,-0.22814799299122868,0.2123787881864807,-0.3492089626987749,0.16789353119445138
59,2026-07-22 10:00:00,10,2,0,0,24.0,food,0,0,4,leo,rain hater,14.4,walk,0,0,2.1,2.5,13.2,239,5.988562134935244,4.917501397676316,6.668160609981498,-2.5388763619974624,-0.004044801559976996,-0.10663687113230402,-0.27333767167385314,-0.3123233049624057
59,2026-07-22 10:00:00,10,2,0,0,24.0,food,0,0,4,marcus,party procrastinator,39.8,transit,0,0,5.8,3.5,42.2,267,6.98422485633897,5.571719696285047,5.8812071018111345,-0.4179183527695871,-0.03604637421543622,0.047874449122274676,-2.277765200513083,-0.2493300357147632
59,2026-07-22 10:00:00,10,2,0,0,24.0,food,0,0,4,sofia,morning struggler,8.8,walk,1,0,3.2,1.5,8.1,230,3.8847198337199975,4.283209867317479,3.609919952491428,-0.24074336757775194,-0.5423488312765197,-0.9348392944955632,-0.1583380197371702,-0.14060183787699776
545,2026-07-23 20:00:00,20,3,0,0,96.0,hangout,0,0,3,ethan,improving,29.4,drive,0,1,2.0,3.3,30.2,243,11.135428062296835,4.722506119477464,7.595836589227667,-0.0889881664688783,-0.23665256607988816,0.20876992152546237,-0.35276231917968737,-0.25983805552544226
545,2026-07-23 20:00:00,20,3,0,0,96.0,hangout,0,0,3,marcus,party procrastinator,31.3,transit,0,1,6.4,3.0,31.4,268,6.9798027818667245,5.561785783303235,6.00851508053335,-0.4170799913697536,-0.03722376794646731,0.047358690217266464,-2.2684950266208705,1.150177496319949
545,2026-07-23 20:00:00,20,3,0,0,96.0,hangout,0,0,3,sofia,morning struggler,21.9,drive,0,1,7.5,1.0,24.2,231,3.881721014617015,4.274122896497046,3.8519202898905758,-0.2401858812495412,0.13528837177529507,-0.9307813521256407,-0.15805968259146264,0.3359941122101118
543,2026-07-25 14:00:00,14,5,1,0,6.0,hangout,0,0,6,ethan,improving,28.6,drive,1,0,2.0,4.7,22.9,244,11.098702165168353,4.749517931944674,7.099629190048101,-0.10084158187444814,0.9434599591392754,0.20388958516283218,-0.3587330659976775,0.19740175186470132
543,2026-07-25 14:00:00,14,5,1,0,6.0,hangout,0,0,6,leo,rain hater,29.1,drive,0,0,3.3,3.5,26.8,240,5.972558527048652,4.913575988326176,6.549302436299614,-2.5306853432495084,-0.008689815406759394,-0.10735163252378932,-0.27460155211760906,-0.3148793766159459
543,2026-07-25 14:00:00,14,5,1,0,6.0,hangout,0,0,6,maya,always early,37.8,transit,0,0,-0.8,-1.5,53.2,242,-1.051105914465911,1.7240067584920526,-0.9146016898474032,-0.4597699033771028,-0.28601237988754824,-0.19261377932682633,-0.5134442263547061,-0.22304247534479038
543,2026-07-25 14:00:00,14,5,1,0,6.0,hangout,0,0,6,omar,average,36.0,transit,0,0,6.3,5.5,36.4,250,6.204615055399686,3.3309962473710475,6.201318587257053,-0.19990548765989757,-0.12158452636954298,-0.05790710931070997,-0.18343534563736075,-0.1188572569987052
543,2026-07-25 14:00:00,14,5,1,0,6.0,hangout,0,0,6,sofia,morning struggler,18.6,drive,0,0,1.7,2.5,14.0,232,3.8969486882992403,4.271718219379508,4.299128196656926,-0.2345955483971438,0.14075330845364453,-0.9252682244360284,-0.1540249710917596,-0.1552335467992596
543,2026-07-25 14:00:00,14,5,1,0,6.0,hangout,0,0,6,zoe,forgets far-off plans,36.5,drive,1,0,4.2,3.5,36.1,233,5.917129576163529,4.663334498810092,5.262037021761009,-0.399272794202564,0.40886465139085715,0.05769073379454337,-0.5238354543226222,-1.8500168267842714
494,2026-07-25 18:00:00,18,5,1,0,48.0,study,0,0,5,leo,rain hater,28.0,drive,1,0,3.3,3.0,28.7,241,5.9614952137424595,4.906339590664565,5.3461414896407025,-2.520693713369023,-0.03550424704052446,-0.10758367896352716,-0.27494881342286703,-0.31600291036512473
494,2026-07-25 18:00:00,18,5,1,0,48.0,study,0,0,5,omar,average,9.4,walk,0,0,6.7,5.0,9.1,251,6.204796181955644,3.3243611359583722,6.701370337701612,-0.19858308089078136,-0.12067627740675402,-0.057437612716073616,-0.1823676957512772,-0.11797854200599822
494,2026-07-25 18:00:00,18,5,1,0,48.0,study,0,0,5,priya,overbooked,17.1,drive,1,0,15.3,15.0,12.4,258,10.484896663804735,6.5595590579820335,13.352827618229924,-0.04136259883388682,5.361161441120084,0.13166499594433567,-0.1741211823868518,0.156883351561115
494,2026-07-25 18:00:00,18,5,1,0,48.0,study,0,0,5,sofia,morning struggler,8.3,walk,1,0,4.0,2.0,7.8,233,3.8875118595825424,4.264822955404344,3.5678605313092975,-0.23573523169879085,-0.5469752981837899,-0.9217191841454322,-0.15498668894616108,-0.1561378036522818
494,2026-07-25 18:00:00,18,5,1,0,48.0,study,0,0,5,zoe,forgets far-off plans,30.7,transit,0,0,6.2,3.0,29.0,234,5.9097398434336625,4.654676626866145,5.474211383838189,-0.39920633415167117,-0.15507666092174865,0.05684515300801163,-0.5226906088287464,-1.8421300029302001
576,2026-07-25 18:00:00,18,5,1,0,6.0,hangout,0,0,4,ethan,improving,26.6,transit,1,0,2.6,3.7,39.3,245,11.062122334004023,4.775862781333069,7.060606381144006,-0.11232855562695576,0.838025050301809,0.1992281515178025,-0.3644417099754911,0.18840945287107402
576,2026-07-25 18:00:00,18,5,1,0,6.0,hangout,0,0,4,leo,rain hater,29.0,drive,0,0,1.2,2.5,22.9,242,5.950731107291522,4.899127982550905,5.571637459226149,-2.5109816179052635,-0.0012303014031394,-0.10801155563290532,-0.2754827020301436,-0.31729565233444834
576,2026-07-25 18:00:00,18,5,1,0,6.0,hangout,0,0,4,maya,always early,6.7,walk,1,0,-1.5,-2.5,6.4,243,-1.0502799052378788,1.7206599401035678,-0.9000799729251082,-0.45683272384732865,0.17954562629231596,-0.19150104509194543,-0.5106272015213127,-0.22147709239306823
576,2026-07-25 18:00:00,18,5,1,0,6.0,hangout,0,0,4,priya,overbooked,20.4,transit,1,0,12.4,14.5,30.4,259,10.503146149625024,6.553491415111555,14.48661318560715,-0.035594058614707436,5.339818005124123,0.13298389442466885,-0.16989070383685956,0.16052081234790094
28,2026-07-27 11:00:00,11,0,0,0,168.0,party,1,0,6,hana,steady,6.8,walk,1,1,6.4,6.5,7.1,242,5.110142765821437,2.1712207021574175,5.688612218806125,-0.29605042422415995,-0.0029885780578311483,-0.0780276200063188,1.3996553608982838,0.09623384925323819
28,2026-07-27 11:00:00,11,0,0,0,168.0,party,1,0,6,marcus,party procrastinator,29.4,drive,0,1,16.1,16.5,32.4,269,6.977391471379179,5.551551434655804,6.564968991822623,-0.41545953763757026,-0.037453579203484466,0.04726326335374598,8.810099008566365,1.1184312218932897
28,2026-07-27 11:00:00,11,0,0,0,168.0,party,1,0,6,maya,always early,22.8,drive,0,1,-0.4,0.5,25.3,244,-1.0521876981610654,1.7172287158413344,-0.8291964851888759,-0.4549376342515279,-0.2820250804772153,-0.19074738154068172,1.629308210284748,0.09443414173077613
28,2026-07-27 11:00:00,11,0,0,0,168.0,party,1,0,6,omar,average,5.1,walk,1,1,5.6,7.5,5.1,252,6.206635265205817,3.317912079060248,7.101895790058805,-0.19687174840769028,0.3430889368602337,-0.05691603694519021,1.0185857165787535,0.35772984386365003
28,2026-07-27 11:00:00,11,0,0,0,168.0,party,1,0,6,sofia,morning struggler,32.3,drive,0,1,7.4,4.5,23.0,234,3.88788813036776,4.25571573384952,4.139396608676503,-0.23427849344713714,0.13603927224402446,-0.9174906163595873,0.3916223613426877,0.4106348123600152
28,2026-07-27 11:00:00,11,0,0,0,168.0,party,1,0,6,zoe,forgets far-off plans,7.3,walk,0,1,14.2,14.5,7.7,235,5.910855263157896,4.644806286743957,5.6173872180451125,-0.3965849603848346,-0.15372807017543888,0.05681114551083599,2.092427211646135,6.880405056759542
191,2026-07-30 15:00:00,15,3,0,0,48.0,hangout,0,0,6,ethan,improving,30.1,drive,0,0,4.7,4.6,28.4,246,11.028374677642134,4.7970828737983835,5.922392765040611,-0.12294825374520535,-0.18115132579398896,0.1947503153804213,-0.369686595622273,0.17995964478949666
191,2026-07-30 15:00:00,15,3,0,0,48.0,hangout,0,0,6,leo,rain hater,33.0,drive,0,0,3.1,3.5,40.0,243,5.931540500355549,4.898415742917515,3.5804401429587283,-2.5043485514212596,-0.007016260655663409,-0.10907168624538777,-0.2773575395178627,-0.32075198784666004
191,2026-07-30 15:00:00,15,3,0,0,48.0,hangout,0,0,6,maya,always early,30.4,drive,0,0,-0.9,-1.5,24.7,245,-1.0495118236472945,1.714505330927629,-0.5855748067563697,-0.4517775467601872,-0.27955099764746927,-0.18974808673140298,-0.5110898703066513,-0.22336160480164335
191,2026-07-30 15:00:00,15,3,0,0,48.0,hangout,0,0,6,omar,average,21.6,transit,0,0,3.3,5.5,35.4,253,6.204349008093707,3.311558503518632,6.0583854308839165,-0.1967020480913524,-0.11717614719585345,-0.056977689932749875,-0.17891903013606925,-0.11453653240513706
191,2026-07-30 15:00:00,15,3,0,0,48.0,hangout,0,0,6,sofia,morning struggler,6.9,walk,0,0,6.7,2.5,6.7,235,3.9025918503674015,4.25302193312043,4.515026242962114,-0.2290868542640836,0.1411607890109723,-0.91226902181945,-0.16836927981375283,-0.16952308558002693
191,2026-07-30 15:00:00,15,3,0,0,48.0,hangout,0,0,6,zoe,forgets far-off plans,13.8,walk,0,0,3.8,3.5,12.2,236,5.945319685013181,4.666269979018873,6.112948481432338,-0.38368012124277495,-0.14137078052912777,0.06020553311774712,-0.5532661576138578,-1.8658011364303668
123,2026-07-31 13:00:00,13,4,0,0,24.0,hangout,0,1,4,leo,rain hater,14.4,walk,1,0,21.4,12.0,14.1,244,5.920006294670887,4.891670464728915,3.5485732270488244,6.896412085528433,-0.04203965952928623,-0.10936786286937838,-0.2778043154353158,-0.32199618783827777
123,2026-07-31 13:00:00,13,4,0,0,24.0,hangout,0,1,4,marcus,party procrastinator,36.7,transit,0,0,2.6,5.0,47.9,270,7.010478426811095,5.568883962438581,7.93156526480317,1.5662869548105514,-0.026343866934054105,0.05027310496255932,-2.2908730568378717,-0.27910828587225467
123,2026-07-31 13:00:00,13,4,0,0,24.0,hangout,0,1,4,maya,always early,24.1,transit,0,0,-2.1,-1.0,17.8,246,-1.0490774208244986,1.7111308546219473,-0.9997364059498567,0.7515315937749353,-0.27765440135994757,-0.1887233787657685,-0.5084126594765459,-0.2219393470176918
123,2026-07-31 13:00:00,13,4,0,0,24.0,hangout,0,1,4,zoe,forgets far-off plans,32.3,transit,0,0,3.1,4.0,27.6,237,5.936287468483682,4.658455209090945,6.438939276709623,1.1498385881674755,-0.14341483420033985,0.05914498596662554,-0.552461150180072,-1.858433943650767
27,2026-08-01 10:00:00,10,5,1,0,2.0,food,0,0,6,ethan,improving,15.5,transit,1,0,7.1,4.5,16.9,247,11.003083515508665,4.804655115653637,5.4580238615739045,-0.13046477158357028,0.7656208348686384,0.1913794912910891,-0.3729641841586968,0.1736565681939215
27,2026-08-01 10:00:00,10,5,1,0,2.0,food,0,0,6,leo,rain hater,15.0,walk,0,0,1.6,3.5,13.8,245,5.981908183632734,4.980680275825365,6.32340233818078,-2.555119194765548,-0.07057720456522709,-0.10390165431848075,-0.2663395036411176,-0.30413817908736895
27,2026-08-01 10:00:00,10,5,1,0,2.0,food,0,0,6,marcus,party procrastinator,35.6,drive,0,0,5.4,4.5,34.7,271,6.99448205039197,5.565039352492032,6.855566300111991,-0.3892009231308906,-0.031404643543101685,0.04860125798141457,-2.2847403003831817,-0.2815020929598324
27,2026-08-01 10:00:00,10,5,1,0,2.0,food,0,0,6,omar,average,33.5,transit,0,0,4.5,5.5,40.8,254,6.1929615672130645,3.3099917170727684,5.540846162060875,-0.19913752803273788,-0.11986845911373134,-0.05769153456279241,-0.17984294846941218,-0.11703567532981918
27,2026-08-01 10:00:00,10,5,1,0,2.0,food,0,0,6,sofia,morning struggler,36.8,drive,0,0,4.3,2.5,38.4,236,3.9140126386231686,4.24806460148313,5.0182893253209055,-0.22453044591272375,0.1452448653374936,-0.907096060679927,-0.16489902683442104,-0.16612017199024764
27,2026-08-01 10:00:00,10,5,1,0,2.0,food,0,0,6,zoe,forgets far-off plans,20.3,drive,0,0,6.9,3.5,18.8,238,5.924596896741498,4.652229864145606,6.192741970497571,-0.37287889416858633,-0.14651633500113537,0.057648569703625085,-0.5524819743229594,-1.852030649375644
320,2026-08-01 11:00:00,11,5,1,0,24.0,hangout,0,0,6,hana,steady,10.9,walk,1,0,5.9,4.5,11.0,243,5.115140960419317,2.1684087822300975,5.575754560119805,-0.29219752744076377,0.012604427113442007,-0.07704780676224843,-0.3589482186615669,-0.07516276345435902
320,2026-08-01 11:00:00,11,5,1,0,24.0,hangout,0,0,6,leo,rain hater,6.8,walk,0,0,3.7,3.5,6.6,246,5.96436238320315,4.9782996608002525,6.075532109486614,-2.5477570006711505,-0.07547558771327267,-0.1047766789161626,-0.2678996017667137,-0.3071120781981458
320,2026-08-01 11:00:00,11,5,1,0,24.0,hangout,0,0,6,maya,always early,34.2,transit,0,0,0.4,-1.5,30.9,247,-1.0533533405397204,1.708600645694377,-1.1152438115827772,-0.4449200620649356,-0.2776507815177991,-0.18820736883346512,-0.5067717375102729,-0.22185240676421358
320,2026-08-01 11:00:00,11,5,1,0,24.0,hangout,0,0,6,omar,average,13.7,walk,0,0,3.8,5.5,14.6,255,6.186365223784579,3.305164809435638,5.53896149250988,-0.2001372331431721,-0.12118381433175696,-0.058017397564982254,-0.18005761973646095,-0.11824956301310952
320,2026-08-01 11:00:00,11,5,1,0,24.0,hangout,0,0,6,sofia,morning struggler,38.8,transit,1,0,7.5,2.5,46.3,237,3.915516356132192,4.239192188840864,4.561576101752055,-0.22284840880919754,-0.56371942964401,-0.9028953834099953,-0.16366546505052115,-0.1648940059826267
320,2026-08-01 11:00:00,11,5,1,0,24.0,hangout,0,0,6,zoe,forgets far-off plans,7.9,walk,0,0,2.6,3.5,8.1,239,5.928503926983568,4.642930424540047,6.579572550566733,-0.3695487966400881,-0.14431933000539843,0.05790727139384533,-0.5486903964615886,-1.8414860608164725
37,2026-08-01 17:00:00,17,5,1,0,24.0,study,0,1,5,ethan,improving,37.2,drive,0,0,4.1,5.5,45.7,248,10.98743579234329,4.80161364818441,5.7678387978123675,0.7350201289335292,-0.1747337327687415,0.18911862380141642,-0.3741779467277926,0.16961244918143414
37,2026-08-01 17:00:00,17,5,1,0,24.0,study,0,1,5,hana,steady,39.8,drive,1,0,7.0,5.5,40.0,244,5.118157652461256,2.1645944100355154,4.633759329274645,0.6267830272895365,0.021700628497301366,-0.07631667698131483,-0.35636640481726456,-0.07375973194455732
37,2026-08-01 17:00:00,17,5,1,0,24.0,study,0,1,5,jake,chronically late,32.8,transit,0,0,14.2,12.5,49.1,264,12.78558087532659,5.482903752316152,15.453023107236168,1.5133430705933026,0.25631553898594994,0.1109584277552873,-0.012696175851557356,-0.08498597124922824
37,2026-08-01 17:00:00,17,5,1,0,24.0,study,0,1,5,marcus,party procrastinator,10.3,walk,0,0,6.0,5.5,10.7,272,6.988524387952537,5.555641742290905,7.182435539415011,1.4850793737383556,-0.032925223916093316,0.048074921891504196,-2.2758341114357394,-0.28138255343183083
37,2026-08-01 17:00:00,17,5,1,0,24.0,study,0,1,5,zoe,forgets far-off plans,37.3,transit,0,0,4.3,4.5,37.0,240,5.9147806345422556,4.638150953864409,6.061365895583502,1.1031177516695978,-0.1478981708576219,0.05634283082372349,-0.5490682425981399,-1.8356195074073502
696,2026-08-02 08:00:00,8,6,1,1,48.0,food,0,0,6,ethan,improving,27.8,transit,0,0,2.3,4.5,37.1,249,10.960332226017345,4.812205387177068,6.060094921719241,-0.10826180782102135,-0.18464757126011655,-0.9042657808138763,-0.3779989184355479,0.16278881704910297
696,2026-08-02 08:00:00,8,6,1,1,48.0,food,0,0,6,hana,steady,7.3,walk,0,0,3.7,4.5,7.2,245,5.125697541633625,2.163625075974984,5.178770726181035,-0.29658012246330756,-0.05940924688141269,0.4657268437747826,-0.35296442765204805,-0.07128303053730267
696,2026-08-02 08:00:00,8,6,1,1,48.0,food,0,0,6,jake,chronically late,33.0,transit,0,0,23.7,11.5,19.6,265,12.790831057068171,5.473130326547845,13.511666016305194,-0.3504728189747386,0.2571389700361397,0.08435781953823174,-0.011788026198084722,-0.08317293074714982
696,2026-08-02 08:00:00,8,6,1,1,48.0,food,0,0,6,marcus,party procrastinator,31.7,transit,0,0,9.7,4.5,43.9,273,6.984979803627359,5.545780989152279,7.209994229607817,-0.3853165793307829,-0.033928873636066115,-0.4756090112049929,-2.2666469191023078,-0.28097591177395387
696,2026-08-02 08:00:00,8,6,1,1,48.0,food,0,0,6,maya,always early,31.7,transit,0,0,-0.4,-1.5,29.0,248,-1.0477297019430591,1.7082118166556262,-0.9422084862694454,-0.44061384707609186,-0.2738673489110335,0.21870022422872748,-0.5031477329858489,-0.21912641820260403
696,2026-08-02 08:00:00,8,6,1,1,48.0,food,0,0,6,omar,average,27.3,transit,0,0,8.6,5.5,28.1,256,6.177104924936421,3.3020256530024015,5.179172835696121,-0.2019290604577968,-0.12325431403111686,0.4597919344253345,-0.1806771853544813,-0.12017002336790839
406,2026-08-02 09:00:00,9,6,1,1,24.0,food,0,0,2,marcus,party procrastinator,18.0,drive,0,0,3.9,3.0,18.9,274,6.9947590569847105,5.538066373003565,7.684216873424203,-0.381036756605587,-0.030694892868785573,-0.3558072455877692,-2.25416704244965,-0.27763062903245395
406,2026-08-02 09:00:00,9,6,1,1,24.0,food,0,0,2,sofia,morning struggler,18.9,transit,0,0,17.0,16.0,19.6,238,3.9301966127519923,4.236844287471171,5.394341889357713,-0.2176274688352744,0.13088851829209824,10.061960390603794,-0.15970401244096788,-0.1610170833162643
501,2026-08-02 21:00:00,21,6,1,0,48.0,study,0,0,2,maya,always early,26.9,transit,0,0,-3.6,-3.0,25.4,249,-1.0450701814447108,1.7055402659889607,-0.7843057661270603,-0.43762392577182063,-0.2715540255086062,-0.1893592715519994,-0.5004175542368796,-0.21749250590759917
501,2026-08-02 21:00:00,21,6,1,0,48.0,study,0,0,2,sofia,morning struggler,17.3,transit,1,0,-0.7,1.0,19.8,239,3.983820384889522,4.312084969521127,7.26680582425415,-0.20209027303009552,-0.569666191494417,-0.950112516223812,-0.14780532700385418,-0.14942858815306037
11,2026-08-03 18:00:00,18,0,0,0,24.0,party,1,0,6,ethan,improving,39.3,drive,0,0,6.6,6.5,37.6,250,10.926340333921878,4.834178581724096,6.093240095406251,-0.11899827407772712,-0.19713763677343898,0.21866693817047,2.349380158569243,0.1545596739166637
11,2026-08-03 18:00:00,18,0,0,0,24.0,party,1,0,6,hana,steady,9.7,walk,0,0,6.7,6.5,10.5,246,5.119987191832984,2.16103728034497,5.319996340523709,-0.29716145292447926,-0.061040160468959215,-0.06977469838972894,1.3885220838939274,-0.07248751203715909
11,2026-08-03 18:00:00,18,0,0,0,24.0,party,1,0,6,marcus,party procrastinator,18.1,transit,1,0,20.2,16.5,19.3,275,6.983631375535997,5.53113267135215,5.938180393010285,-0.3822173449685309,0.11953031834342287,0.04887116067126218,8.809785122355038,-0.2788324189794311
11,2026-08-03 18:00:00,18,0,0,0,24.0,party,1,0,6,priya,overbooked,13.7,walk,0,0,6.3,5.5,13.2,260,10.509874660943696,6.541852729172182,13.2028213316982,-0.032824548360517625,-6.289797830577151,0.1335921688714805,1.3145293693985955,0.16191145513299432
11,2026-08-03 18:00:00,18,0,0,0,24.0,party,1,0,6,sofia,morning struggler,21.2,transit,0,0,4.8,4.5,22.8,240,3.964558306735016,4.313391433631107,6.104159516210004,-0.20606697915290884,0.17059870757953233,-0.9475026913712115,0.3964368452109164,-0.15242950128465527
11,2026-08-03 18:00:00,18,0,0,0,24.0,party,1,0,6,zoe,forgets far-off plans,37.4,transit,1,0,7.7,5.5,41.9,241,5.908198313618207,4.62965547519962,4.645199518176631,-0.36535098957562173,0.38278542135100313,0.0554183893249256,2.22390567738369,-1.8280928283514175
237,2026-08-04 15:00:00,15,1,0,0,24.0,hangout,0,0,4,ethan,improving,11.7,walk,1,0,5.2,3.4,10.7,251,10.909528910559494,4.832526216173677,6.659865403016998,-0.12408174447379317,0.7897635833972281,0.2157802151970909,-0.3667157413335804,0.15003952193021242
237,2026-08-04 15:00:00,15,1,0,0,24.0,hangout,0,0,4,jake,chronically late,5.4,walk,1,0,8.5,10.5,5.4,266,12.831141701487937,5.5026434321996565,14.06604048613941,-0.3356815644329405,-0.290445345144942,0.07145003174304954,-0.005168247870049214,-0.07189880514028779
237,2026-08-04 15:00:00,15,1,0,0,24.0,hangout,0,0,4,maya,always early,26.9,drive,0,0,-3.3,-2.5,22.7,250,-1.0551396035167417,1.7088376868503339,-1.2443256010047834,-0.4386139577974608,-0.2738323436662409,-0.18948359486968736,-0.5000479449513855,-0.21901427035502374
237,2026-08-04 15:00:00,15,1,0,0,24.0,hangout,0,0,4,sofia,morning struggler,8.4,walk,0,0,-0.9,1.5,8.9,241,3.9680463459480935,4.304817294358843,5.833727527413741,-0.20420679175748457,0.17094371994932445,-0.943196857940559,-0.1543254197174635,-0.15110743815029215
574,2026-08-05 17:00:00,17,2,0,0,96.0,food,0,1,3,hana,steady,22.4,drive,0,1,4.3,4.5,22.3,247,5.12620842855894,2.1590928000182448,5.707488122445412,0.6367227123132082,-0.05850663723540794,-0.06887350422506433,-0.35859578672738657,0.10291732399096354
574,2026-08-05 17:00:00,17,2,0,0,96.0,food,0,1,3,leo,rain hater,33.5,transit,0,1,13.4,11.5,32.5,247,5.955176682527193,4.970260653159964,6.130050480722055,6.990056897070395,-0.07763412713310203,-0.10485784465897474,-0.2679554906148134,1.1047456460131073
574,2026-08-05 17:00:00,17,2,0,0,96.0,food,0,1,3,sofia,morning struggler,5.2,walk,0,1,0.3,2.5,4.8,242,3.9481964534285545,4.306976881756186,5.085198986693873,0.5129541553854597,0.16208836370632085,-0.9406922195184566,-0.15761480791344518,0.4313507434081778
187,2026-08-06 15:00:00,15,3,0,0,6.0,food,0,0,6,ethan,improving,28.3,transit,0,0,5.5,4.4,25.9,252,10.887158768623914,4.836651583345107,6.724902505321118,-0.13063189632381622,-0.18108500475696232,0.21256917138930298,-0.3694822993007847,0.14463562134408292
187,2026-08-06 15:00:00,15,3,0,0,6.0,food,0,0,6,hana,steady,20.3,drive,0,0,3.8,4.5,19.9,248,5.122924124649588,2.15532031602549,5.406549749899883,-0.2898721212806805,-0.059306308903505744,-0.06885399543757131,-0.3576164073960264,-0.06712999219561766
187,2026-08-06 15:00:00,15,3,0,0,6.0,food,0,0,6,leo,rain hater,11.3,walk,0,0,4.4,3.5,11.0,248,5.984584203700971,4.982719471710896,7.8813097724859915,-2.5659444099522672,-0.0683068248196328,-0.1020615216151759,-0.2619584333473446,-0.33643263008084734
187,2026-08-06 15:00:00,15,3,0,0,6.0,food,0,0,6,marcus,party procrastinator,33.5,drive,0,0,4.1,4.5,30.7,276,7.030604283047493,5.577889219153319,8.46588693801357,-0.36798029448449654,-0.0798958505695424,0.053445799318804,-2.2929257746103247,-0.26712983255502554
187,2026-08-06 15:00:00,15,3,0,0,6.0,food,0,0,6,priya,overbooked,37.9,transit,1,0,15.3,15.5,49.7,261,10.49398422382085,6.534663161872036,13.098281206805959,-0.03739806459438633,5.325407135092018,0.13150326040315008,-0.15182598100541078,0.15747660320702295
187,2026-08-06 15:00:00,15,3,0,0,6.0,food,0,0,6,zoe,forgets far-off plans,22.5,transit,0,0,1.5,3.5,24.1,242,5.915383819985205,4.621539569961675,5.20439537713863,-0.36105440061386496,-0.15624668189035962,0.05600617606710223,-0.5549063859954213,-1.816999224485576
495,2026-08-06 22:00:00,22,3,0,0,6.0,food,0,0,5,ethan,improving,15.4,drive,0,0,2.5,3.9,12.6,253,10.866231208919437,4.839262040019268,6.4903517739769825,-0.1367809258659154,-0.188405910809875,0.20942767734468504,-0.3720515940359661,0.13946858758332858
495,2026-08-06 22:00:00,22,3,0,0,6.0,food,0,0,5,hana,steady,30.0,drive,0,0,4.3,4.0,24.8,249,5.117667920870926,2.1525325916510605,5.105047977391693,-0.29031125633138544,-0.06073351877582489,-0.06897741833162119,-0.35705967630052626,-0.06822069510679452
495,2026-08-06 22:00:00,22,3,0,0,6.0,food,0,0,5,marcus,party procrastinator,19.2,transit,0,0,5.6,4.0,19.0,277,7.020168978373104,5.570593219464571,8.277191136678029,-0.36906393479660515,-0.08283789592211033,0.05224805186392878,-2.285516149900009,-0.2682504894715487
495,2026-08-06 22:00:00,22,3,0,0,6.0,food,0,0,5,maya,always early,25.1,transit,0,0,-1.7,-2.0,49.1,251,-1.064110734760878,1.710492893848354,-1.5897459242173937,-0.4390392838878754,-0.2754711266801979,-0.18933696975090508,-0.4992863004400596,-0.220046529363781
495,2026-08-06 22:00:00,22,3,0,0,6.0,food,0,0,5,zoe,forgets far-off plans,25.3,transit,1,0,9.9,3.0,20.1,243,5.897530854440384,4.620602887178236,4.970723101268681,-0.3647826551059987,0.4149715943247241,0.05394361836399231,-0.5564149021256677,-1.8125176491060468
321,2026-08-07 17:00:00,17,4,0,0,168.0,food,0,0,6,hana,steady,14.7,walk,1,1,8.3,4.5,15.7,250,5.114358679308969,2.1487930007332023,4.718388194088277,-0.2899105862793183,0.053395766093224495,-0.06887000400961885,-0.35600116328753195,0.09742716975321919
321,2026-08-07 17:00:00,17,4,0,0,168.0,food,0,0,6,jake,chronically late,10.9,walk,0,1,10.2,11.5,11.5,267,12.814931850087453,5.499034612710369,13.832837671453559,-0.3389765426690925,0.2880000848637607,0.07000775326072528,-0.0074752986150272704,0.7897233914453832
321,2026-08-07 17:00:00,17,4,0,0,168.0,food,0,0,6,leo,rain hater,21.5,drive,0,1,3.4,3.5,25.2,249,5.978194737101524,4.973692861801718,8.065198496314721,-2.5545580334935893,-0.06969738189796804,-0.10198234674524187,-0.261643285597005,1.201267738556024
321,2026-08-07 17:00:00,17,4,0,0,168.0,food,0,0,6,omar,average,5.3,walk,0,1,4.2,5.5,5.2,257,6.186112455052623,3.299080467240106,5.453174987157892,-0.1977845620710319,-0.11962190736841283,-0.06739112333665886,-0.17811873332658212,0.360168261477261
321,2026-08-07 17:00:00,17,4,0,0,168.0,food,0,0,6,sofia,morning struggler,13.7,walk,0,1,4.0,2.5,14.2,243,3.9333123517088193,4.304243198176864,4.052374957631092,-0.1937818906106079,0.1553907691719809,-0.9377477089682871,-0.15978813276841697,0.3496309450015085
321,2026-08-07 17:00:00,17,4,0,0,168.0,food,0,0,6,zoe,forgets far-off plans,18.8,transit,1,1,16.2,12.5,18.5,244,5.9134998523043665,4.618274924982239,5.40385710065839,-0.35770970069026387,0.45630482365691094,0.055489274919642284,-0.5497559534676748,6.905105902724897
498,2026-08-07 19:00:00,19,4,0,0,168.0,food,0,0,4,ethan,improving,6.2,walk,0,1,5.5,3.3,5.8,254,10.833869835040796,4.858604870956537,6.252534238583084,-0.14658667335635478,-0.2001695748545309,0.20507701023317004,-0.37693216757411285,-0.17920283131305226
498,2026-08-07 19:00:00,19,4,0,0,168.0,food,0,0,4,hana,steady,7.3,walk,0,1,4.1,3.5,7.7,251,5.12684487217018,2.1540749863918975,5.379098534905766,-0.2835777213145896,-0.07357567443383495,-0.06753560399996861,-0.351566823527687,0.1392624443962145
498,2026-08-07 19:00:00,19,4,0,0,168.0,food,0,0,4,marcus,party procrastinator,38.4,transit,0,1,3.0,3.5,37.3,278,7.0150964214684315,5.561218798158146,8.21859897756241,-0.3687127280151765,-0.08401622831548572,0.051603891918371225,-2.2767755389036184,1.2382782344419958
498,2026-08-07 19:00:00,19,4,0,0,168.0,food,0,0,4,sofia,morning struggler,35.5,transit,1,1,6.9,1.5,36.3,244,3.9336236436769716,4.295421456830899,2.1953210410505632,-0.19278305258504735,-0.5792658598634808,-0.9337598906069511,-0.15901355692275798,0.34292449764995636
148,2026-08-08 12:00:00,12,5,1,0,6.0,hangout,0,0,6,ethan,improving,14.7,walk,0,0,5.9,4.3,13.4,255,10.813297409916661,4.860857793147008,6.703799259976189,-0.1524649746687441,-0.20715800439253762,0.2020435400815952,-0.3793588324185553,0.15198594054225012
148,2026-08-08 12:00:00,12,5,1,0,6.0,hangout,0,0,6,hana,steady,31.3,drive,0,0,3.2,4.5,31.9,252,5.122791154001291,2.1507041801808815,5.0065117582860825,-0.28356387479490763,-0.074514457744848,-0.06754652425022822,-0.35076332330032667,-0.07690959848401757
148,2026-08-08 12:00:00,12,5,1,0,6.0,hangout,0,0,6,jake,chronically late,8.2,walk,0,0,11.5,11.5,8.2,268,12.805338192594624,5.4912846737362555,13.301525197884178,-0.34044918800903723,0.28261455341031727,0.06888412490723006,-0.008992205301847633,-0.06622493129657947
148,2026-08-08 12:00:00,12,5,1,0,6.0,hangout,0,0,6,leo,rain hater,16.4,drive,1,0,4.8,3.5,14.8,250,5.968067947366008,4.96636863714324,5.490876556390289,-2.54482009534072,0.17260438158115843,-0.10234039659078054,-0.262084287826589,-0.32640775352781315
148,2026-08-08 12:00:00,12,5,1,0,6.0,hangout,0,0,6,omar,average,15.8,transit,1,0,5.1,5.5,10.7,258,6.178544967978448,3.29496522980639,5.2510128479938425,-0.1991688658221129,0.35359575524562104,-0.06787531843156636,-0.17857659910935197,-0.10934917547896639
148,2026-08-08 12:00:00,12,5,1,0,6.0,hangout,0,0,6,priya,overbooked,22.9,drive,1,0,16.7,15.5,23.4,262,10.511825193177273,6.528713067112517,12.403378626622077,-0.03163798759886838,5.304679007936057,0.13294859615829857,-0.14753078104619277,0.16117083394039255
316,2026-08-09 16:00:00,16,6,1,0,48.0,study,0,0,6,ethan,improving,19.7,drive,0,0,4.8,4.3,19.3,256,10.794520566310934,4.8613384673704765,6.59843444751741,-0.15784095023354894,-0.21351217452268934,0.19911527882054258,-0.38152236345322343,0.14709687787050818
316,2026-08-09 16:00:00,16,6,1,0,48.0,study,0,0,6,hana,steady,26.2,drive,0,0,4.5,4.5,27.4,253,5.115387084523853,2.149721887035171,4.847253452721101,-0.28498216124690945,-0.07672925073497883,-0.0679617315378227,-0.3508431988372518,-0.0787354402953282
316,2026-08-09 16:00:00,16,6,1,0,48.0,study,0,0,6,omar,average,33.9,transit,0,0,6.4,5.5,40.2,259,6.1745070750270985,3.2892634035629036,5.507002021436313,-0.19951909758741326,-0.11735884505071237,-0.06806225791588716,-0.1785220734031352,-0.11004518328003954
316,2026-08-09 16:00:00,16,6,1,0,48.0,study,0,0,6,priya,overbooked,12.5,walk,1,0,14.2,15.5,12.4,263,10.534962193310276,6.527155986382521,12.43856062666008,-0.024605950612412997,5.2882032131334,0.13469430252258974,-0.14249576987555557,0.1658288065383715
316,2026-08-09 16:00:00,16,6,1,0,48.0,study,0,0,6,sofia,morning struggler,16.3,drive,0,0,1.8,2.5,19.8,245,3.9454794712286163,4.29098284517576,3.284422706065319,-0.18862674806372492,0.14306968543515763,-0.9287671420535388,-0.15577616622319868,-0.1515394838184112
316,2026-08-09 16:00:00,16,6,1,0,48.0,study,0,0,6,zoe,forgets far-off plans,36.0,drive,0,0,1.7,3.5,49.0,245,5.954679471228616,4.655431118646064,7.358479848922461,-0.3429609281557129,-0.2169247483015475,0.05949108009667903,-0.5373328821211247,-1.8394646328318682
544,2026-08-09 19:00:00,19,6,1,0,24.0,food,0,0,6,ethan,improving,25.6,transit,0,0,5.8,4.3,32.6,257,10.771586205058657,4.86657873129535,6.534738915731045,-0.16436872473542508,-0.22128448096858655,0.19587408965210074,-0.38438831755733815,0.14146370829884525
544,2026-08-09 19:00:00,19,6,1,0,24.0,food,0,0,6,hana,steady,31.7,transit,0,0,6.0,4.5,40.2,254,5.112955929441577,2.145795741415927,4.946558836983308,-0.28434451767609126,-0.07709410382123316,-0.06783337945306744,-0.3496930607045039,-0.07898139457714848
544,2026-08-09 19:00:00,19,6,1,0,24.0,food,0,0,6,leo,rain hater,29.2,transit,0,0,1.2,3.5,19.5,251,5.963498381739721,4.956996447520781,5.946713823354206,-2.5331989447152496,-0.06791092219622819,-0.10226907633187565,-0.26164286214550536,-0.32603482878487355
544,2026-08-09 19:00:00,19,6,1,0,24.0,food,0,0,6,maya,always early,23.0,transit,0,0,-1.0,-1.5,31.3,252,-1.0667097831697725,1.7073615952047314,-1.5333456523342208,-0.4375000598395651,-0.2748271221488079,-0.18866071438608034,-0.49737034886606657,-0.21950920200257773
544,2026-08-09 19:00:00,19,6,1,0,24.0,food,0,0,6,omar,average,12.2,walk,1,0,8.0,5.5,11.5,260,6.175304097076863,3.2829647041235015,5.7786583134505305,-0.1982336092837338,0.33384702173876235,-0.06764482978957975,-0.17756047429503408,-0.10922542809884206
544,2026-08-09 19:00:00,19,6,1,0,24.0,food,0,0,6,priya,overbooked,5.8,walk,0,0,6.7,3.5,5.6,264,10.54853377593074,6.518521855520614,12.28529536455164,-0.02036946844422971,-6.309975492356319,0.13557332800361266,-0.13921782428007035,0.16832509289652897
128,2026-08-09 21:00:00,21,6,1,0,6.0,food,0,1,5,jake,chronically late,31.7,drive,0,0,14.0,12.5,35.0,269,12.800468633477209,5.481747176475568,13.385848180993488,1.4980952366314089,0.27934118049948964,0.06829051952039222,-0.009625536946431978,-0.06712460074941617
128,2026-08-09 21:00:00,21,6,1,0,6.0,food,0,1,5,leo,rain hater,8.3,walk,0,0,15.2,12.5,8.6,252,5.944857609232511,4.956144959381496,5.5842450312092895,7.0062190291176725,-0.07309498213717447,-0.1031938724170276,-0.2633342107981633,-0.32928133847810237
128,2026-08-09 21:00:00,21,6,1,0,6.0,food,0,1,5,maya,always early,19.6,transit,1,0,-1.0,-0.5,17.2,253,-1.0665565675474598,1.7040412727454102,-1.7333018764421315,0.7394818357078146,0.18581314729763865,-0.18774669427644564,-0.49495608171498207,-0.21828928335080477
128,2026-08-09 21:00:00,21,6,1,0,6.0,food,0,1,5,omar,average,24.4,drive,1,0,7.1,6.5,26.6,261,6.182061675085547,3.2786332747624387,6.380589050024441,0.5837243932805114,0.35091189328051264,-0.06657261664884828,-0.17557966489057808,-0.10665736998873232
128,2026-08-09 21:00:00,21,6,1,0,6.0,food,0,1,5,priya,overbooked,25.7,transit,0,0,3.4,4.5,24.2,265,10.534179279899094,6.510648352678258,11.466908365685455,0.3796444724738528,-6.276349470225743,0.13370430569889002,-0.141231676438073,0.16434491920178473
549,2026-08-09 21:00:00,21,6,1,0,96.0,hangout,0,0,2,maya,always early,18.2,drive,1,1,-2.9,-3.0,21.4,254,-1.0662640127298297,1.7007402388474027,-1.8189325750656657,-0.43540091221313104,0.18388456740136927,-0.1869779792355195,-0.49270123642695385,0.1175358634029936
549,2026-08-09 21:00:00,21,6,1,0,96.0,hangout,0,0,2,omar,average,31.4,drive,0,1,1.6,4.0,22.7,262,6.185534159936232,3.272872254121042,6.167295474267496,-0.19844396283632193,-0.12646328650782035,-0.065988934026592,-0.17430479754443162,0.32159368672512034
432,2026-08-10 14:00:00,14,0,0,0,168.0,food,0,0,3,hana,steady,6.7,walk,1,1,2.6,3.0,6.7,255,5.1161881364486534,2.142356063785128,5.1903394675567585,-0.2813915703953027,0.09845276925647006,-0.0670859205378207,-0.34715154344292465,0.12925153613174079
432,2026-08-10 14:00:00,14,0,0,0,168.0,food,0,0,3,jake,chronically late,21.8,transit,1,1,19.3,10.0,26.0,270,12.804759692642364,5.471985317927664,13.35850276932639,-0.34445733025747494,-0.3155769955656762,0.06848465935456716,-0.008810321425716694,0.7423036150778355
432,2026-08-10 14:00:00,14,0,0,0,168.0,food,0,0,3,zoe,forgets far-off plans,30.1,drive,1,1,10.2,11.0,23.3,246,5.937485719030478,4.653776495127432,6.982138776865851,-0.34626813649123633,0.5853977978180183,0.057718714569317875,-0.5385126340297415,6.947182745029002
19,2026-08-10 17:00:00,17,0,0,0,2.0,food,0,0,2,hana,steady,26.4,drive,0,0,2.2,3.0,20.8,256,5.10663437877566,2.1437724565491982,4.373324108221618,-0.2836645762167054,-0.06606280355405314,-0.06772347308636117,-0.34776661779456663,-0.06812383560149371
19,2026-08-10 17:00:00,17,0,0,0,2.0,food,0,0,2,sofia,morning struggler,25.6,transit,0,0,0.3,1.0,23.8,246,3.9367791747428176,4.284311558902217,2.853365478497948,-0.18982919516997532,0.13895651687099564,-0.9254067345999615,-0.1566664583573738,-0.15249530804275135
666,2026-08-11 08:00:00,8,1,0,1,168.0,food,0,0,3,hana,steady,24.6,drive,0,1,1.6,3.0,25.7,257,5.095458956233313,2.1470651408332633,4.0987025589238035,-0.2862976429283304,-0.06944239954403297,0.3986979381079525,-0.3485306695613195,0.10416262345279659
666,2026-08-11 08:00:00,8,1,0,1,168.0,food,0,0,3,maya,always early,27.0,transit,0,1,-3.7,-3.0,26.4,255,-1.073422128718739,1.7006432959754074,-1.7209777510624968,-0.4354134244992294,-0.2665107392166448,0.25746079638857844,-0.491745036342494,0.08856557156249012
666,2026-08-11 08:00:00,8,1,0,1,168.0,food,0,0,3,omar,average,38.0,drive,0,1,5.2,4.0,39.8,263,6.168321815422119,3.278751649389993,5.7909490901206055,-0.2027371563975482,-0.1311025410129325,0.5453425476623055,-0.176229861902498,0.2569504645305143
478,2026-08-11 19:00:00,19,1,0,0,24.0,food,0,0,2,hana,steady,29.3,drive,1,0,3.0,3.0,30.6,258,5.082042084042269,2.1536743840615618,3.8662977382977917,-0.2896820306052863,0.09163748096083868,-0.055171309976367766,-0.34972294576858065,-0.05783816896878324
478,2026-08-11 19:00:00,19,1,0,0,24.0,food,0,0,2,zoe,forgets far-off plans,31.7,transit,0,0,2.7,2.0,23.9,247,5.9542740797742715,4.652290297517474,7.344078308506935,-0.3391140267188044,-0.2376700462723278,0.059336951980541564,-0.5318155682412362,-1.8509668364300778
597,2026-08-11 22:00:00,22,1,0,0,6.0,hangout,0,0,5,hana,steady,16.7,transit,0,0,4.0,4.0,24.4,259,5.074098394556873,2.1532663109025263,3.649742398444821,-0.2910856804100126,-0.0657459346929512,-0.055594378472724415,-0.3497975259017396,-0.05981718314925555
597,2026-08-11 22:00:00,22,1,0,0,6.0,hangout,0,0,5,maya,always early,17.0,drive,0,0,-0.8,-2.0,17.4,256,-1.0836705894137386,1.7043114685371068,-1.781048739832497,-0.43632121629307097,-0.2687561097938713,-0.17673582772290897,-0.4912996031740131,-0.2002263293818265
597,2026-08-11 22:00:00,22,1,0,0,6.0,hangout,0,0,5,omar,average,28.6,transit,0,0,6.1,5.0,33.3,264,6.164542662316038,3.2730636050523203,5.804155046376011,-0.20271149814579825,-0.1314196321170904,-0.06364462476934385,-0.17588709743646103,-0.08471854292179248
597,2026-08-11 22:00:00,22,1,0,0,6.0,hangout,0,0,5,priya,overbooked,38.2,transit,1,0,12.8,15.0,47.5,266,10.507608768129206,6.513340600026124,11.045031076608344,0.0015329481002570589,5.303901455981032,0.13078981290922442,-0.14537582054021492,0.15773964187367717
597,2026-08-11 22:00:00,22,1,0,0,6.0,hangout,0,0,5,sofia,morning struggler,38.0,drive,0,0,1.6,2.0,35.6,247,3.9220713339802153,4.281665307399238,3.020591809708633,-0.1924636656555796,0.132630068587551,-0.9224495758793672,-0.15864242942668927,-0.15456965157502145
423,2026-08-12 12:00:00,12,2,0,0,24.0,food,0,0,2,sofia,morning struggler,28.7,drive,1,0,2.9,1.0,35.4,248,3.9128161221140627,4.275433002728736,3.2036617491754464,-0.19387455049361968,-0.511950167917167,-0.9192695649267928,-0.15971294169083716,-0.1557077624400236
423,2026-08-12 12:00:00,12,2,0,0,24.0,food,0,0,2,zoe,forgets far-off plans,29.9,drive,0,0,2.6,2.0,31.0,248,5.941274620137778,4.647432502970539,7.5117927486107945,-0.3412422693728612,-0.24072059357169273,0.05789791448055137,-0.5321532177421373,-1.8451649480755785
374,2026-08-13 14:00:00,14,3,0,0,48.0,food,0,1,6,ethan,improving,19.9,drive,1,0,4.0,5.6,18.8,258,10.752194184608925,4.867259756269837,6.572055481316836,0.8348976757456068,0.849952094365003,0.1935123068086142,-0.38600148988675365,0.1371738650412766
374,2026-08-13 14:00:00,14,3,0,0,48.0,food,0,1,6,marcus,party procrastinator,22.5,drive,1,0,4.1,6.0,19.8,279,7.000447431521645,5.55643704418524,7.25727069472047,1.4329231877718263,0.29101309930132935,0.05051164512325368,-2.2700029221407396,-0.2538277825487292
374,2026-08-13 14:00:00,14,3,0,0,48.0,food,0,1,6,omar,average,36.3,transit,0,0,16.4,7.0,30.0,265,6.164174335378323,3.2668837943644546,5.76119266725095,0.6053775365738554,-0.13074161310741061,-0.06328730053136855,-0.17505673336612304,-0.0842641397121664
374,2026-08-13 14:00:00,14,3,0,0,48.0,food,0,1,6,priya,overbooked,30.9,transit,0,0,6.1,5.0,24.9,267,10.515908347618188,6.502548830889045,10.69025952789091,0.27908449203948393,-6.26567201371346,0.13123269102502988,-0.1430347779268093,0.1591118378844385
374,2026-08-13 14:00:00,14,3,0,0,48.0,food,0,1,6,sofia,morning struggler,33.0,drive,0,0,2.5,4.0,28.5,249,3.9087679942997924,4.267266841588159,3.0453622840856553,0.47167348665389186,0.1322311359800934,-0.9156975341679976,-0.15972687815328568,-0.15575939630213398
374,2026-08-13 14:00:00,14,3,0,0,48.0,food,0,1,6,zoe,forgets far-off plans,17.6,drive,0,0,3.3,5.0,14.9,249,5.92805933288247,4.642854558353622,6.465159809394991,1.0463717599767488,-0.24391271804095638,0.0563674614341787,-0.5326293487662204,-1.8395700808609465
611,2026-08-13 17:00:00,17,3,0,0,168.0,food,0,0,5,jake,chronically late,36.5,transit,1,1,7.2,11.0,26.9,271,12.827967577037802,5.475577980611384,12.736562164867944,-0.3348551341831385,-0.2543110174623262,0.0706364457730082,-0.004662461809747498,0.8153084538669351
611,2026-08-13 17:00:00,17,3,0,0,168.0,food,0,0,5,marcus,party procrastinator,37.0,drive,1,1,1.5,4.0,46.3,280,6.990242285131345,5.549211931547082,7.2829263671803846,-0.36032433130751595,0.255549425089173,0.04934563693553695,-2.262747863375255,1.1616673644093467
611,2026-08-13 17:00:00,17,3,0,0,168.0,food,0,0,5,maya,always early,14.1,walk,0,1,-2.2,-2.0,15.4,257,-1.082751712738805,1.701210123312852,-1.6522147750682303,-0.43365303262601684,-0.26680374377508165,-0.1757411208566435,-0.48873828084911475,0.048577452672840415
611,2026-08-13 17:00:00,17,3,0,0,168.0,food,0,0,5,omar,average,18.1,transit,0,1,6.0,5.0,14.2,266,6.201915318311562,3.320493504845573,6.971975805231874,-0.2385363821612856,-0.1184576093468328,-0.05907701194533033,-0.16826163515375558,0.2063036589716285
611,2026-08-13 17:00:00,17,3,0,0,168.0,food,0,0,5,zoe,forgets far-off plans,27.9,drive,0,1,13.8,12.0,27.2,250,5.9177217696566,4.636489982734784,4.619349077044744,-0.3334358663824437,-0.24613100239741037,0.055111318683582766,-0.5324676992855899,6.915400616422717
199,2026-08-13 18:00:00,18,3,0,0,6.0,party,1,0,2,ethan,improving,39.2,transit,0,0,7.0,4.6,28.5,259,10.726532941094797,4.876283131386261,6.77900941174137,-0.1441060213633989,-0.20201136230995864,0.19006238691126676,2.378637385693512,0.1310809263507835
199,2026-08-13 18:00:00,18,3,0,0,6.0,party,1,0,2,sofia,morning struggler,6.5,walk,0,0,1.1,3.0,6.6,250,3.903155672349123,4.25957791336184,2.4151873349568924,-0.18844455838938856,0.1293620485251772,-0.9122565958418498,0.4608392904178231,-0.1561055404340279
90,2026-08-13 20:00:00,20,3,0,0,96.0,food,0,0,3,leo,rain hater,34.9,drive,1,1,1.3,2.0,36.9,253,5.980210671706462,4.980434810056003,5.851488763344704,-2.5610342294342736,0.13947872761373947,-0.09946864974526282,-0.25597695647063556,1.1307175711759427
90,2026-08-13 20:00:00,20,3,0,0,96.0,food,0,0,3,maya,always early,34.1,drive,1,1,-1.1,-3.0,34.4,258,-1.0870937136871974,1.6989675528827655,-1.8248839181963423,-0.43278544182233936,0.1756489387771154,-0.17534673126540912,-0.48728614661696223,0.032085493188320324
90,2026-08-13 20:00:00,20,3,0,0,96.0,food,0,0,3,zoe,forgets far-off plans,32.8,transit,0,1,14.5,11.0,35.1,251,5.948415442579169,4.6539229074616575,6.35669012645119,-0.3220733460319529,-0.23435350815406242,0.05809121232756542,-0.5227452670466413,6.905076870382576
371,2026-08-15 19:00:00,19,5,1,0,48.0,study,0,0,3,jake,chronically late,27.9,transit,1,0,11.7,10.0,25.3,272,12.807522480628688,5.476532277859884,12.545006423036767,-0.33974026277355307,-0.29984040348238317,0.06868451706684553,-0.007779219710400298,-0.06826060606894302
371,2026-08-15 19:00:00,19,5,1,0,48.0,study,0,0,3,maya,always early,27.1,transit,1,0,-3.3,-3.0,25.0,259,-1.0871828517645972,1.69570647867776,-1.8391951005041705,-0.4306402573472803,0.17318401042915132,-0.17459639010814976,-0.4850999546903718,-0.19450394567058304
371,2026-08-15 19:00:00,19,5,1,0,48.0,study,0,0,3,priya,overbooked,30.1,transit,0,0,1.4,2.0,26.1,268,10.49957409206647,6.496166810178348,9.171306883447562,0.020134219953867216,-6.23530527888923,0.12927124572140336,-0.14530968838983682,0.15484126395269904
610,2026-08-16 19:00:00,19,6,1,0,168.0,food,0,1,5,ethan,improving,17.9,drive,0,1,4.9,5.0,14.2,260,10.712316222680295,4.872586339218228,6.989233206480084,0.7567986426742728,-0.20632869116791674,0.18793615893200588,-0.37543416413832453,-0.17769994948443113
610,2026-08-16 19:00:00,19,6,1,0,168.0,food,0,1,5,leo,rain hater,35.7,transit,0,1,13.4,12.5,30.9,254,5.962022390001073,4.97919759648253,5.4034349685717356,7.022407780713292,-0.04365549915946243,-0.10034846367452044,-0.2575920744308746,1.0435153233918788
610,2026-08-16 19:00:00,19,6,1,0,168.0,food,0,1,5,omar,average,26.1,transit,1,1,13.5,6.5,25.4,267,6.200969849302492,3.3142901306710146,6.814562814086426,0.717285442311332,0.34218167756693063,-0.05871945389805955,-0.16747675622084923,0.20069442445167418
610,2026-08-16 19:00:00,19,6,1,0,168.0,food,0,1,5,priya,overbooked,32.0,transit,1,1,16.2,16.5,39.7,269,10.466291237263789,6.50804891934477,7.333226067789654,0.2526542425257343,5.324047290277784,0.12556488945400268,-0.15083823221562298,-0.2829940029115008
610,2026-08-16 19:00:00,19,6,1,0,168.0,food,0,1,5,sofia,morning struggler,8.9,walk,0,1,7.8,3.5,8.4,251,3.8920460898838978,4.254602136399844,2.3120131685382566,0.45268537283281995,0.12440676199470202,-0.909223556898755,-0.14917465261806706,0.43818125343653636
699,2026-08-16 21:00:00,21,6,1,0,24.0,study,0,0,6,ethan,improving,18.0,transit,0,0,2.2,4.0,17.0,261,10.690622786068513,4.876830244272995,6.840177938876718,-0.12663693346879512,-0.21394015052829474,0.18469604630023184,-0.3783867241558809,0.14880565505915477
699,2026-08-16 21:00:00,21,6,1,0,24.0,study,0,0,6,hana,steady,32.4,drive,0,0,4.1,4.5,30.2,260,5.069832683374433,2.1500877579447555,3.362809338106981,-0.290902919837011,-0.06660301463377571,-0.05552154056446401,-0.3488905058209557,-0.06050654262384825
699,2026-08-16 21:00:00,21,6,1,0,24.0,study,0,0,6,marcus,party procrastinator,18.3,drive,1,0,5.1,4.5,22.7,281,6.970998815014773,5.5489829804545625,4.605999661432792,-0.36380318860140815,0.19365388047236376,0.04732191734399649,-2.257830737104972,-0.2361676163857691
699,2026-08-16 21:00:00,21,6,1,0,24.0,study,0,0,6,omar,average,20.7,transit,0,0,11.7,5.5,15.5,268,6.22785956444771,3.337984706739705,8.522245589842203,-0.26369227619065416,-0.1441836313239433,-0.055878223883270906,-0.16269582352171597,-0.09823667742790398
699,2026-08-16 21:00:00,21,6,1,0,24.0,study,0,0,6,priya,overbooked,19.3,transit,1,0,13.8,15.5,18.0,270,10.487293313069909,6.505093245636894,8.696369518019972,-0.010487394540234618,5.30640908278205,0.12696734012754085,-0.1464608276235122,0.12608319162326254
699,2026-08-16 21:00:00,21,6,1,0,24.0,study,0,0,6,zoe,forgets far-off plans,10.7,walk,1,0,4.1,3.5,10.9,252,5.981734089860797,4.675808772096805,6.9804954542459425,-0.31019073761427673,0.6002154624013825,0.06115948345560707,-0.5126792990189939,-1.8957696702039826
651,2026-08-17 20:00:00,20,0,0,0,6.0,food,0,0,5,jake,chronically late,37.7,transit,1,0,11.4,11.0,39.9,273,12.803620439508894,5.466988605853852,12.758177268431114,-0.33951715821195627,-0.3057858895381269,0.06798764586627648,-0.008464282961579528,-0.06914938884126975
651,2026-08-17 20:00:00,20,0,0,0,6.0,food,0,0,5,leo,rain hater,14.4,walk,1,0,3.0,3.0,13.6,255,5.990794162244124,4.991211592036374,6.840226903498321,-2.5822685395058738,0.05201181858201487,-0.09789184187330946,-0.2521305342475282,-0.32803468719017825
651,2026-08-17 20:00:00,20,0,0,0,6.0,food,0,0,5,marcus,party procrastinator,35.1,drive,0,0,8.6,4.0,41.3,282,6.964482516318719,5.540256531287447,4.74699500466249,-0.36395259172307526,-0.05250802964477508,0.04650399714592002,-2.2497940503032954,-0.2366572533708462
651,2026-08-17 20:00:00,20,0,0,0,6.0,food,0,0,5,maya,always early,36.3,transit,0,0,-2.7,-2.0,57.8,260,-1.0954472370435004,1.697245375278815,-1.8986992105838574,-0.43127098825024346,-0.2587949998037691,-0.17478543037608296,-0.4846286932878543,-0.19595482043394075
651,2026-08-17 20:00:00,20,0,0,0,6.0,food,0,0,5,zoe,forgets far-off plans,20.4,drive,0,0,2.9,3.0,18.1,253,5.974443729393303,4.668027865240986,7.178412494112373,-0.31090035304023544,-0.21489159343939246,0.060168064108649055,-0.5119567263700953,-1.8885876006639961
413,2026-08-17 22:00:00,22,0,0,0,48.0,party,1,1,3,ethan,improving,15.8,transit,0,0,4.9,6.0,17.8,262,10.658750625282527,4.896088603570048,6.4596430357950085,0.7083203169027357,-0.22510902769878882,0.18065487523134394,2.3063309644220933,0.14122136183143041
413,2026-08-17 22:00:00,22,0,0,0,48.0,party,1,1,3,maya,always early,14.3,walk,1,0,0.2,0.5,14.0,261,-1.1015548234946047,1.6963690557085145,-1.75758709242703,0.7614352216873275,0.15478450192829774,-0.17459001098909188,1.6502112393673252,-0.19660374043719364
413,2026-08-17 22:00:00,22,0,0,0,48.0,party,1,1,3,zoe,forgets far-off plans,39.2,transit,0,0,3.7,5.5,30.0,254,5.9624958183414485,4.66276610155125,7.217855948097557,0.9554473928151204,-0.21776242193684237,0.05880617787399878,2.166330285570945,-1.8826281304005485
635,2026-08-18 13:00:00,13,1,0,0,2.0,study,0,0,3,jake,chronically late,21.9,transit,0,0,14.2,10.0,20.5,274,12.798439925552062,5.457767176036205,12.74241140730059,-0.3394064389113165,0.2859429871502517,0.06743057110602457,-0.009084008704059343,-0.07009668398557345
635,2026-08-18 13:00:00,13,1,0,0,2.0,study,0,0,3,omar,average,9.2,walk,0,0,8.5,4.0,9.4,269,6.247681530032938,3.3484366953159888,9.456480437152267,-0.2559909279095196,-0.13717257392887827,-0.053458574893947564,-0.15872548169200495,-0.09168893631124231
635,2026-08-18 13:00:00,13,1,0,0,2.0,study,0,0,3,priya,overbooked,33.5,transit,1,0,13.8,14.0,29.9,271,10.499147605902264,6.496058153287172,10.185470744543505,-0.006609289485931313,5.2819935501335245,0.1277888707755146,-0.1434693863684604,0.12846528019208492
453,2026-08-18 14:00:00,14,1,0,0,48.0,party,1,0,2,hana,steady,23.6,drive,0,0,5.4,5.0,22.2,261,5.066148099580776,2.1467459960882445,3.5760423141659357,-0.29074031928833133,-0.0674810674129338,-0.05558287669762674,1.4407423274588878,-0.06123981149551749
453,2026-08-18 14:00:00,14,1,0,0,48.0,party,1,0,2,jake,chronically late,14.2,walk,0,0,9.5,12.0,14.7,275,12.803554980316022,5.44838932602415,12.772444280090292,-0.33634305947537335,0.28653389419187825,0.06750522923199398,0.8276700171603899,-0.06849769376184867
653,2026-08-18 18:00:00,18,1,0,0,24.0,hangout,0,0,5,ethan,improving,11.4,walk,0,0,1.8,3.5,12.4,263,10.6373059729643,4.899941034336638,6.3249445637040855,-0.11542046142858631,-0.23229820715302552,0.17761924916048066,-0.3621443363942962,0.1358481782179375
653,2026-08-18 18:00:00,18,1,0,0,24.0,hangout,0,0,5,hana,steady,15.9,transit,0,0,13.3,4.0,8.5,262,5.067408242525963,2.1427642724637,4.033545212150275,-0.28883014598008483,-0.06673316266079166,-0.05526007767544261,-0.34930491870251146,-0.06059762066515795
653,2026-08-18 18:00:00,18,1,0,0,24.0,hangout,0,0,5,leo,rain hater,34.7,transit,0,0,3.8,3.0,38.2,256,5.979302684882881,4.984910580551445,6.579800767109395,-2.573166718603833,-0.023654835501528915,-0.09834514065448285,-0.2527961047767313,-0.32955860151247585
653,2026-08-18 18:00:00,18,1,0,0,24.0,hangout,0,0,5,maya,always early,21.6,drive,1,0,-2.3,-2.0,24.5,262,-1.096636701294261,1.695494600535891,-1.6133247717983605,-0.43580593708666737,0.16527902357753332,-0.17345678058667158,-0.48837726145341986,-0.19440621228738042
653,2026-08-18 18:00:00,18,1,0,0,24.0,hangout,0,0,5,zoe,forgets far-off plans,37.9,drive,0,0,3.1,3.0,32.8,255,5.953838464440124,4.655732717383702,7.2725252755543215,-0.30448602720150664,-0.2196506244290104,0.05765196013332208,-0.503749197825238,-1.8759954389750488
239,2026-08-19 19:00:00,19,2,0,0,24.0,food,0,0,3,ethan,improving,17.8,drive,0,0,0.2,2.4,15.9,264,10.604354873023691,4.921190895983486,6.001244249435341,-0.12560839552311798,-0.24363884087662946,0.17355550748081683,-0.36725454542405167,0.12818634637683246
239,2026-08-19 19:00:00,19,2,0,0,24.0,food,0,0,3,marcus,party procrastinator,16.1,transit,1,0,4.8,3.0,8.7,283,6.970039794595047,5.531307138777132,5.177154227027155,-0.360771695573602,0.1662643009251621,0.04700214912396117,-2.2386286878729305,-0.23426490349473283
239,2026-08-19 19:00:00,19,2,0,0,24.0,food,0,0,3,priya,overbooked,18.5,transit,0,0,2.0,2.0,16.8,272,10.511088306293766,6.487055208065626,10.331739516083932,-0.0029612621665968675,-6.268919475337319,0.12842703040455383,-0.14068729145566294,0.1306385126209424
247,2026-08-19 20:00:00,20,2,0,0,48.0,study,0,0,6,ethan,improving,35.7,transit,0,0,6.8,3.9,30.0,265,10.565727856476258,4.953726495717666,5.018779387564645,-0.13757017878359434,-0.25704122691655407,0.16892531333250105,-0.37349698243072815,0.11935461822454307
247,2026-08-19 20:00:00,20,2,0,0,48.0,study,0,0,6,hana,steady,39.1,drive,0,0,5.7,4.5,37.4,263,5.09793478077832,2.198344997377238,5.713695651650949,-0.27598641125886214,-0.05582853615139971,-0.05215918753572346,-0.34083802227880433,-0.05128537557128343
247,2026-08-19 20:00:00,20,2,0,0,48.0,study,0,0,6,leo,rain hater,27.4,transit,1,0,1.6,3.5,39.0,257,5.970788249040418,4.977026724443178,6.948796642582976,-2.5628599773812244,0.022131453264376155,-0.09839332466460338,-0.25280581940750846,-0.3300551954918367
247,2026-08-19 20:00:00,20,2,0,0,48.0,study,0,0,6,maya,always early,38.0,drive,0,0,0.7,-1.5,33.5,263,-1.1013189505649637,1.6935096574513153,-1.6289482715899894,-0.434944792202306,-0.2599391859290403,-0.17300472314116022,-0.4869194544692057,-0.19452567619236105
247,2026-08-19 20:00:00,20,2,0,0,48.0,study,0,0,6,priya,overbooked,20.1,transit,1,0,14.6,15.5,17.2,273,10.480383169958953,6.4958769823838205,9.737252334273988,-0.012171576181097876,5.287371125846175,0.1250506124045927,-0.14564712037822147,0.1231034206923276
247,2026-08-19 20:00:00,20,2,0,0,48.0,study,0,0,6,zoe,forgets far-off plans,35.5,drive,0,0,5.2,3.5,35.6,256,5.942706977963946,4.6500016899515995,5.740773422275413,-0.30618710165941465,-0.22203594836686058,0.056522505051839644,-0.5037554275481133,-1.8697853832505187
605,2026-08-20 14:00:00,14,3,0,0,96.0,food,0,1,6,hana,steady,39.2,transit,0,1,4.6,6.0,35.7,264,5.100131820305907,2.1945225399036317,6.100037662944545,0.6409730988931281,-0.0547627515179574,-0.051716506410947716,-0.3387955576324426,0.04086259119457747
605,2026-08-20 14:00:00,14,3,0,0,96.0,food,0,1,6,jake,chronically late,15.6,transit,0,1,21.1,13.0,17.1,276,12.791585265702096,5.442375891121878,11.36902436162917,1.5020078694937062,0.28034471603178623,0.06642966330364786,0.003365654332499801,0.7448329008867827
605,2026-08-20 14:00:00,14,3,0,0,96.0,food,0,1,6,leo,rain hater,37.7,drive,0,1,16.3,13.0,37.5,258,5.954127223050528,4.974739447464363,5.001179206585866,7.035600046178383,-0.009663320524778918,-0.09922506997722458,-0.2542537915192664,1.1629014807258322
605,2026-08-20 14:00:00,14,3,0,0,96.0,food,0,1,6,marcus,party procrastinator,20.3,drive,0,1,6.3,6.0,20.1,284,6.962406434817609,5.5230616040603415,5.432116124233602,1.3968072073805562,-0.042806288571754614,0.046220550906600266,-2.2308658723746815,1.0637423091469849
605,2026-08-20 14:00:00,14,3,0,0,96.0,food,0,1,6,omar,average,33.1,transit,1,1,8.0,7.0,26.0,270,6.255765307862869,3.345052731688662,9.801647230817961,0.7648141927239127,0.39694418515704655,-0.05230536085769444,-0.15667924778305675,0.2610913568139184
605,2026-08-20 14:00:00,14,3,0,0,96.0,food,0,1,6,zoe,forgets far-off plans,31.1,transit,0,1,15.5,14.0,35.1,257,5.939829998711027,4.6411668447702255,4.411379999631722,0.9252358742025466,-0.2218342487432503,0.05605127698261647,-0.5020458973582382,6.942297679745315
8,2026-08-20 18:00:00,18,3,0,0,24.0,party,1,1,2,marcus,party procrastinator,22.1,transit,0,0,16.2,16.5,18.6,285,6.960324429698293,5.51350423621473,5.745806979913799,1.365508185599957,-0.04357500821190552,0.04562955598383134,8.905804759259192,-0.23281767074624504
8,2026-08-20 18:00:00,18,3,0,0,24.0,party,1,1,2,zoe,forgets far-off plans,30.9,transit,1,0,4.7,5.5,28.4,258,5.9764033635456455,4.670222511464754,6.050400961013041,1.0264406492313585,0.5681043501517893,0.059178672592586246,2.0652369728089193,-1.8973416724663652
131,2026-08-21 09:00:00,9,4,0,1,2.0,hangout,0,0,3,jake,chronically late,29.4,drive,0,0,6.6,10.0,23.7,277,12.82130458777425,5.454752893798312,13.363229882221216,-0.36735747745687064,0.291103941626103,0.5311529313071066,0.007871618455997265,-0.10029332465428631
131,2026-08-21 09:00:00,9,4,0,1,2.0,hangout,0,0,3,maya,always early,11.6,walk,0,0,-3.8,-3.0,11.5,264,-1.0943944470173301,1.6945408416181198,-1.3698269848620943,-0.4309515733436633,-0.2562247013841248,0.1538956038887197,-0.483744562700438,-0.19204986888584896
131,2026-08-21 09:00:00,9,4,0,1,2.0,hangout,0,0,3,priya,overbooked,38.6,drive,0,0,1.7,2.0,45.0,274,10.495368794811247,6.488613000737858,11.627248227088927,-0.007860336214656982,-6.271330951263932,-0.5562950358489971,-0.14254861158601173,0.12574308386432165
323,2026-08-21 18:00:00,18,4,0,0,168.0,food,0,0,2,hana,steady,24.9,transit,0,1,2.3,3.0,20.3,265,5.098438520732991,2.19056672029632,6.185268148780855,-0.2721092042968474,-0.05527253722005376,-0.05182906380150776,-0.337853597707924,0.033693618035798956
323,2026-08-21 18:00:00,18,4,0,0,168.0,food,0,0,2,sofia,morning struggler,27.4,transit,0,1,2.4,1.0,32.2,252,3.9073089517428303,4.253462567669176,3.3878025576408084,-0.2051898024286838,0.1297848704962834,-0.9042653783597139,-0.14538939064276502,0.5000072386640002
644,2026-08-21 18:00:00,18,4,0,0,6.0,food,0,0,4,hana,steady,18.7,transit,0,0,3.2,3.5,27.5,266,5.088051473121154,2.192993644797809,5.925157563748901,-0.2744858425983532,-0.05838839406025631,-0.05245990868963446,-0.33853492084976367,-0.03856669675680813
644,2026-08-21 18:00:00,18,4,0,0,6.0,food,0,0,4,jake,chronically late,28.0,drive,0,0,11.7,10.5,30.1,278,12.799158831151352,5.458108149174634,12.628331094614671,-0.3725726194276966,0.2806234060691235,0.09021917701439364,0.004453242057344653,-0.10584419045910032
644,2026-08-21 18:00:00,18,4,0,0,6.0,food,0,0,4,omar,average,20.1,transit,1,0,4.6,4.5,25.5,271,6.2621809754196835,3.3405673965921845,8.603480278691338,-0.25837391026898704,0.41111611229820433,-0.05154997590165067,-0.1551402146085783,-0.0950008602479313
644,2026-08-21 18:00:00,18,4,0,0,6.0,food,0,0,4,sofia,morning struggler,8.6,walk,0,0,2.2,1.5,10.1,253,3.901402903937336,4.246024098925815,3.5004008296963818,-0.20571684345575791,0.126825896699295,-0.9009625149674325,-0.1458661400855621,-0.16664820708693462
354,2026-08-21 21:00:00,21,4,0,0,24.0,party,1,0,3,hana,steady,10.7,walk,0,0,4.8,5.0,10.0,267,5.081073715839804,2.19181956343111,5.608878204525658,-0.2756285504250311,-0.06037482843980868,-0.05281736847039564,1.404750132715276,-0.04039442341364019
354,2026-08-21 21:00:00,21,4,0,0,24.0,party,1,0,3,leo,rain hater,5.9,walk,1,0,3.9,4.0,5.4,259,5.993378979956161,5.00653364799119,7.155251137130333,-2.594054640363366,-0.06733374714708606,-0.09591140035703916,1.4945903228155286,-0.371260994649143
354,2026-08-21 21:00:00,21,4,0,0,24.0,party,1,0,3,zoe,forgets far-off plans,22.1,drive,0,0,3.5,4.0,23.3,259,5.971409282986464,4.661854150996374,6.306116937996133,-0.3363257221289526,-0.2039612908723729,0.05861947789081068,2.0042190780906397,-1.8895364225386695
590,2026-08-23 15:00:00,15,6,1,0,24.0,food,0,0,6,hana,steady,13.4,walk,0,0,4.2,4.5,13.4,268,5.079989222447324,2.1877795464698635,4.3942826349849495,-0.2745973297402813,-0.06037225540312896,-0.05264568294639904,-0.3374455991480403,-0.04045458936715374
590,2026-08-23 15:00:00,15,6,1,0,24.0,food,0,0,6,jake,chronically late,26.9,transit,1,0,10.2,11.5,24.3,279,12.795200907493378,5.448795998594852,12.670057402140966,-0.37202280458257064,-0.31077732469964836,0.08961420396876285,0.003899512335806321,-0.10636902900900935
590,2026-08-23 15:00:00,15,6,1,0,24.0,food,0,0,6,leo,rain hater,24.0,drive,0,0,6.0,3.5,25.2,260,5.9854228593513925,4.998552808315102,5.795835102671826,-2.5837707669435295,0.01031916160839863,-0.09607180637626556,-0.23938374219792902,-0.37161571644216096
590,2026-08-23 15:00:00,15,6,1,0,24.0,food,0,0,6,maya,always early,11.5,walk,0,0,-0.7,-1.5,11.4,265,-1.104677563969929,1.6985902893764921,-1.444193589705694,-0.431797975837964,-0.25857186946365474,-0.16181598730946956,-0.4833024698822339,-0.19358689602937806
590,2026-08-23 15:00:00,15,6,1,0,24.0,food,0,0,6,omar,average,35.1,transit,0,0,5.5,5.5,35.3,272,6.256090461112343,3.3359217170704327,8.401740131746385,-0.2589855437966344,-0.13421918865644766,-0.0518699442937427,-0.15535090248299088,-0.0962727085521502
590,2026-08-23 15:00:00,15,6,1,0,24.0,food,0,0,6,priya,overbooked,20.8,transit,0,0,3.5,3.5,20.7,275,10.463703777600424,6.498741431873337,9.546772507885835,-0.0170438740022405,-6.260459445135291,0.15683104436097217,-0.14744436312738785,0.11827259691682634
25,2026-08-23 18:00:00,18,6,1,0,168.0,hangout,0,0,3,leo,rain hater,26.8,transit,0,1,2.1,2.0,28.6,261,5.985395344548662,4.988968173680809,6.224398669871046,-2.5706869188062336,0.01036667837727645,-0.09560575437904628,-0.2382715124001864,1.2926559782572555
25,2026-08-23 18:00:00,18,6,1,0,168.0,hangout,0,0,3,maya,always early,35.3,transit,0,1,-2.8,-3.0,30.3,266,-1.1032650861625672,1.6957319816155827,-1.1580757389035905,-0.42919360636511317,-0.25661594615307504,-0.1609433816892769,-0.4808570062116262,0.04608706149338038
25,2026-08-23 18:00:00,18,6,1,0,168.0,hangout,0,0,3,zoe,forgets far-off plans,8.8,walk,0,1,9.3,11.0,9.0,260,5.961944006226204,4.65536396100965,6.274841144636058,-0.33750634753776065,-0.20595529320080264,0.05760770121741743,-0.47749574920266724,6.9680510820392545
575,2026-08-24 17:00:00,17,0,0,0,24.0,party,1,1,6,hana,steady,38.0,drive,0,0,6.8,8.0,42.1,269,5.076618898986123,2.1843202507373145,4.1790339711388915,0.6474769725669942,-0.06098511567692899,-0.052560165542812065,1.3750429909124886,-0.04104901706514674
575,2026-08-24 17:00:00,17,0,0,0,24.0,party,1,1,6,leo,rain hater,25.2,drive,0,0,14.9,15.0,33.1,262,5.9707624656262075,4.985155532501994,5.977360704464631,7.06609603893117,0.0058259997270830866,-0.09624146828181601,1.4171784081070635,-0.35548635140963025
575,2026-08-24 17:00:00,17,0,0,0,24.0,party,1,1,6,marcus,party procrastinator,25.4,transit,0,0,24.3,18.0,26.5,286,6.991730509698273,5.53079293788747,7.8547801456280775,1.4615814355158765,-0.032457300020384494,0.0488570923331757,8.88258036610992,-0.22426722111532182
575,2026-08-24 17:00:00,17,0,0,0,24.0,party,1,1,6,maya,always early,34.7,drive,1,0,4.0,2.0,33.6,267,-1.1095824326389798,1.695197037548853,-1.588452123611137,0.7770383089542088,0.15960954740268252,-0.16084579023084133,1.6494026107481867,-0.18605019196283168
575,2026-08-24 17:00:00,17,0,0,0,24.0,party,1,1,6,omar,average,5.4,walk,1,0,6.8,9.0,5.5,273,6.253214310511501,3.330112198020585,7.258061231574715,0.7815808593790496,0.38893380055552207,-0.051789907583261297,0.9353665198189605,-0.09648921164655722
575,2026-08-24 17:00:00,17,0,0,0,24.0,party,1,1,6,priya,overbooked,26.2,drive,0,0,6.8,7.0,26.8,276,10.438767182641271,6.500699718368585,8.068219195040363,0.36113942210428185,-6.241891521770453,0.15390141702490645,1.2520018153861479,0.11227932342399072
169,2026-08-24 18:00:00,18,0,0,0,24.0,food,0,0,6,jake,chronically late,15.6,drive,1,0,22.1,11.5,14.0,280,12.786092917478882,5.441447968592363,12.09602654785111,-0.3732271693543616,-0.3287619339045271,0.0884577012707215,0.0024289408706952287,-0.10842567260048952
169,2026-08-24 18:00:00,18,0,0,0,24.0,food,0,0,6,leo,rain hater,16.2,drive,0,0,1.2,3.5,18.3,263,6.004240602542841,5.006024620044741,7.886925886440812,-2.59563458747927,0.016053642710593508,-0.09352720485498978,-0.2722354833398013,-0.3447957286516532
169,2026-08-24 18:00:00,18,0,0,0,24.0,food,0,0,6,marcus,party procrastinator,32.2,drive,0,0,10.6,4.5,31.3,287,7.05115233384069,5.614511305075308,10.614614952525912,-0.4479087215265132,-0.012785689584172921,0.054219480436812795,-2.311085547106777,-0.21001282281092415
169,2026-08-24 18:00:00,18,0,0,0,24.0,food,0,0,6,maya,always early,12.0,walk,0,0,-1.1,-1.5,11.8,268,-1.0907088590421925,1.7221172007596202,-0.6830596740120549,-0.44745959733321516,-0.27605886243386224,-0.15851463619579564,-0.498362146516653,-0.1803118911642505
169,2026-08-24 18:00:00,18,0,0,0,24.0,food,0,0,6,omar,average,11.8,walk,0,0,7.8,5.5,11.7,274,6.255327890614629,3.324198685268707,6.558665111604179,-0.26055282339103325,-0.13636677687940502,-0.051542466377910934,-0.15705589284698274,-0.09561720818050556
169,2026-08-24 18:00:00,18,0,0,0,24.0,food,0,0,6,sofia,morning struggler,17.6,transit,1,0,2.6,2.5,19.7,254,3.89473544973545,4.238909517400412,3.398495842781557,-0.206400462962963,-0.501753086419753,-0.8977121823228384,-0.1464538184629509,-0.1672069831516838
606,2026-08-24 19:00:00,19,0,0,0,6.0,hangout,0,1,2,ethan,improving,8.5,walk,0,0,0.7,3.8,8.1,266,10.551813654500181,4.949981198689062,5.286232472714338,0.7122902906836543,-0.26101831313767754,0.16682261858982095,-0.374699819249086,0.11584743921127405
606,2026-08-24 19:00:00,19,0,0,0,6.0,hangout,0,1,2,omar,average,20.1,drive,0,0,14.1,5.5,17.8,275,6.260862501319818,3.3194667698839275,6.46024642894852,0.7710840567468349,-0.1339906841596381,-0.050807240676578935,-0.15556041795966014,-0.09357017174436777
625,2026-08-24 19:00:00,19,0,0,0,168.0,food,0,0,3,marcus,party procrastinator,16.9,drive,0,1,3.5,3.0,16.6,288,7.063289784786323,5.608630115351995,10.90379708136752,-0.4427066697267863,-0.00875206637591397,0.05515304213989669,-2.298241477090409,0.9406456501942513
625,2026-08-24 19:00:00,19,0,0,0,168.0,food,0,0,3,priya,overbooked,20.0,transit,1,1,13.2,14.0,29.0,277,10.426042223199975,6.4927602223379495,7.06458349234285,-0.011813990854520284,5.332484771133357,0.15185130598010055,-0.13872730123303434,-0.1330193719546955
625,2026-08-24 19:00:00,19,0,0,0,168.0,food,0,0,3,sofia,morning struggler,28.7,transit,0,1,-0.1,1.0,28.7,255,3.8897842574707413,4.231297933158828,3.4113669307059262,-0.20677506470828355,0.12846400330890795,-0.8944825379305219,-0.1468346152554969,0.4729587486431681
62,2026-08-25 14:00:00,14,1,0,0,48.0,hangout,0,1,4,jake,chronically late,19.1,transit,1,0,8.1,12.0,20.7,281,12.818661475005998,5.459351512746705,13.905331850001716,1.5741000589230012,-0.24862345920105433,0.09105128669823515,0.007606681866631604,-0.09895398651902454
62,2026-08-25 14:00:00,14,1,0,0,48.0,hangout,0,1,4,leo,rain hater,6.2,walk,1,0,12.1,12.0,6.5,264,5.986383575656934,5.005191462355791,5.724681021616267,7.077067354182583,-0.09204637752947775,-0.0944937016244447,-0.2739601948167456,-0.34809558552537645
62,2026-08-25 14:00:00,14,1,0,0,48.0,hangout,0,1,4,omar,average,14.6,walk,0,0,6.2,6.0,14.1,276,6.288744419401121,3.346831915249868,7.339641262686034,0.8461658962703877,-0.1244876355439537,-0.04780702672033055,-0.150510726700694,-0.08492667235584772
62,2026-08-25 14:00:00,14,1,0,0,48.0,hangout,0,1,4,zoe,forgets far-off plans,15.1,drive,0,0,3.4,4.0,15.8,261,5.9745758716229895,4.651052526291793,7.164164534749426,0.9926991954249331,-0.20081784522833424,0.058512708774237865,-0.4724166051475791,-1.8953604755755018
646,2026-08-25 19:00:00,19,1,0,0,24.0,study,0,1,3,maya,always early,24.6,drive,0,0,-1.8,-1.5,21.0,269,-1.090721323816053,1.7189334615598832,-0.9402060925188723,0.8242495832327654,-0.2747195051345952,-0.15791492271575924,-0.4962599010518114,-0.179522342634312
646,2026-08-25 19:00:00,19,1,0,0,24.0,study,0,1,3,priya,overbooked,6.0,walk,0,0,1.2,3.5,6.0,278,10.435838718284105,6.483098864079149,8.667382490938314,0.3041492457669488,-6.219203652700742,0.15224980687398926,-0.1363358639984238,0.09911510048265093
646,2026-08-25 19:00:00,19,1,0,0,24.0,study,0,1,3,zoe,forgets far-off plans,10.6,walk,0,0,5.0,3.5,9.8,262,5.964952648967796,4.644850633182961,6.90427218541937,0.9475437638327948,-0.20306655463035028,0.057324622180748186,-0.47256736149125533,-1.8891359982909783
265,2026-08-25 20:00:00,20,1,0,0,48.0,food,0,1,5,ethan,improving,23.5,transit,0,0,4.1,4.7,20.9,267,10.515489736181449,4.977747759657036,5.061568496051842,0.5928790852809751,-0.2733133745848946,0.16250806732814205,-0.38037039409054785,0.10765696855937357
265,2026-08-25 20:00:00,20,1,0,0,48.0,food,0,1,5,jake,chronically late,18.0,transit,0,0,11.6,12.5,11.7,282,12.802136614081373,5.457210776973221,12.043467604023249,1.500830753107456,0.27095496959708854,0.08932115856939937,0.00504863619801732,-0.10296332556431231
265,2026-08-25 20:00:00,20,1,0,0,48.0,food,0,1,5,leo,rain hater,13.2,walk,0,0,16.8,12.5,14.4,265,6.00893780830131,5.009848271962053,6.90255365951466,7.043017449016347,-0.011594798533336004,-0.09235699173292566,-0.2690867996873596,-0.34021239607211307
265,2026-08-25 20:00:00,20,1,0,0,48.0,food,0,1,5,maya,always early,27.7,transit,0,0,2.2,-0.5,19.9,270,-1.0934065154859856,1.7160887996183598,-0.6552590044245673,0.8041854481708397,-0.27425206163000415,-0.15744459266079835,-0.4945383039924398,-0.17929498938926303
265,2026-08-25 20:00:00,20,1,0,0,48.0,food,0,1,5,sofia,morning struggler,12.6,walk,0,0,1.9,3.5,13.0,256,3.8743801082044214,4.230148356836863,3.2355371737726917,0.5304752585995449,0.12178778937990531,-0.8919740084441692,-0.14916788856178753,-0.15249065618138413
162,2026-08-26 12:00:00,12,2,0,0,24.0,party,1,0,6,jake,chronically late,20.7,transit,0,0,11.7,13.5,27.4,283,12.797980934018852,5.448114749692093,12.756565981148244,-0.34101303958403584,0.26782347900599746,0.0885986372454397,0.7292666827335044,-0.10367700067061669
162,2026-08-26 12:00:00,12,2,0,0,24.0,party,1,0,6,leo,rain hater,31.1,transit,0,0,6.7,5.5,35.8,266,6.048776785968374,5.043953692362587,8.456793367419534,-2.650050995272644,0.0009559946499200223,-0.08907295744758859,1.547114896395886,-0.32783722868799714
162,2026-08-26 12:00:00,12,2,0,0,24.0,party,1,0,6,marcus,party procrastinator,30.3,transit,0,0,17.5,16.5,28.7,289,7.051083363936833,5.60283870755133,10.714595246839094,-0.4440390370445595,-0.012614844738236819,0.05388153283856756,8.966218551139956,-0.19447671035788527
162,2026-08-26 12:00:00,12,2,0,0,24.0,party,1,0,6,maya,always early,9.1,walk,0,0,-0.1,0.5,10.0,271,-1.081454677545546,1.7255612362486141,-0.2375584792987274,-0.4544286874909058,-0.2683348465319306,-0.1556831091252655,1.701293046707152,-0.17533484221899354
162,2026-08-26 12:00:00,12,2,0,0,24.0,party,1,0,6,omar,average,12.2,walk,0,0,4.4,7.5,13.0,277,6.288363507083083,3.340788723224923,7.568103859166596,-0.2844662036783818,-0.12395150003989208,-0.04759025982095544,0.8947600194660312,-0.08457153620283364
162,2026-08-26 12:00:00,12,2,0,0,24.0,party,1,0,6,priya,overbooked,9.0,walk,0,0,4.4,5.5,8.7,279,10.403234186610666,6.495302606396764,6.743781196174475,0.02308332892351217,-6.210687437117838,0.14853832644276999,1.1749029452349635,0.09130271097679454
520,2026-08-26 17:00:00,17,2,0,0,6.0,study,0,0,4,jake,chronically late,6.4,walk,1,0,9.2,10.5,6.0,284,12.79420792436993,5.438982875072716,12.75548797839141,-0.3407347729201575,-0.27635520139436665,0.08790703719247794,0.0080491492342194,-0.10429000392902132
520,2026-08-26 17:00:00,17,2,0,0,6.0,study,0,0,4,marcus,party procrastinator,7.1,walk,1,0,5.2,3.5,7.4,290,7.086529119128506,5.626575889701336,12.324722605465286,-0.43257723101137646,0.026074199731529468,0.05702068231544555,-2.3263079191468146,-0.18557565357259342
520,2026-08-26 17:00:00,17,2,0,0,6.0,study,0,0,4,omar,average,30.6,transit,0,0,9.2,4.5,25.1,278,6.281717633013814,3.3366738174365604,7.409062180861089,-0.28536469216096183,-0.12551403408655926,-0.048097067498283685,-0.14337655170305208,-0.08616342599556859
520,2026-08-26 17:00:00,17,2,0,0,6.0,study,0,0,4,sofia,morning struggler,32.4,drive,0,0,0.3,1.5,31.2,257,3.8668934738278984,4.223599389866819,2.390540992522257,-0.20244362921294812,0.11810373752885273,-0.8890211363010181,-0.1500715487416846,-0.15349407944826599
314,2026-08-26 22:00:00,22,2,0,0,6.0,hangout,0,0,3,ethan,improving,33.7,transit,1,0,9.0,2.2,28.0,268,10.492016313970211,4.984165894919382,4.940576089705774,-0.08307361411515934,0.9929847593173022,0.15941258114824386,-0.3835311123691234,0.10213251384573141
314,2026-08-26 22:00:00,22,2,0,0,6.0,hangout,0,0,3,maya,always early,16.9,transit,1,0,-3.2,-3.0,28.1,272,-1.0779044992279152,1.7237335739724375,0.1491701430777385,-0.451154291833773,0.19342344158510016,-0.15473955717729715,-0.49366127406081195,-0.17361802317629849
314,2026-08-26 22:00:00,22,2,0,0,6.0,hangout,0,0,3,omar,average,6.6,walk,0,0,7.7,4.0,6.4,279,6.291973428569956,3.3352776154139163,7.754849551019988,-0.28068963433670024,-0.12170130519336553,-0.046878876696002436,-0.14113058863883143,-0.08277759311080501
426,2026-08-27 16:00:00,16,3,0,0,168.0,hangout,0,0,6,ethan,improving,14.8,walk,0,1,7.7,3.7,15.1,269,10.4865260970248,4.9758010616520965,5.967578884864229,-0.08445609470363458,-0.2754734708608222,0.1582669088452544,-0.38293717251995396,-0.08994180141002595
426,2026-08-27 16:00:00,16,3,0,0,168.0,hangout,0,0,6,jake,chronically late,25.2,drive,0,1,12.2,11.5,24.8,285,12.781752243395847,5.433840365173509,12.609072069541671,-0.3431479330058078,0.2770281508613337,0.08654576847492734,0.006077525174939424,0.8739423790958885
426,2026-08-27 16:00:00,16,3,0,0,168.0,hangout,0,0,6,marcus,party procrastinator,23.0,transit,0,1,5.3,4.5,26.6,291,7.080095103327012,5.617991543399458,10.75145574380772,-0.4324137720331942,0.005305230817390871,0.05627026218802378,-2.3181684275251904,0.844913388041471
426,2026-08-27 16:00:00,16,3,0,0,168.0,hangout,0,0,6,maya,always early,36.0,transit,0,1,-1.0,-1.5,28.6,273,-1.085582192141024,1.7247194303243736,-0.8815949120402926,-0.4514641207594672,-0.25818207727419695,-0.15483606739659272,-0.49301658828389194,0.0003633622985641516
426,2026-08-27 16:00:00,16,3,0,0,168.0,hangout,0,0,6,omar,average,38.7,drive,0,1,7.1,5.5,38.3,280,6.296870703806299,3.330388050411923,7.741963058230373,-0.27776406673309584,-0.11956593675185889,-0.04617239502209003,-0.13973328973017285,0.2459655041788018
426,2026-08-27 16:00:00,16,3,0,0,168.0,hangout,0,0,6,priya,overbooked,29.9,drive,1,1,13.4,15.5,18.7,280,10.382133861701035,6.493793111856262,7.123466817628867,0.016562846895835648,5.358698426888166,0.14593685537663426,-0.1210245612563412,-0.03934368932130994
64,2026-08-27 18:00:00,18,3,0,0,24.0,study,0,0,3,hana,steady,30.8,drive,0,0,2.7,3.0,24.3,270,5.082966912008488,2.182874138875817,4.495133403430997,-0.28045552391072004,-0.05872598992297906,-0.05190166177576483,-0.3427274597812282,-0.03911974813732488
64,2026-08-27 18:00:00,18,3,0,0,24.0,study,0,0,3,marcus,party procrastinator,32.8,drive,0,0,3.3,3.0,47.0,292,7.07412761212907,5.609333827218296,8.035465032036878,-0.4322341748994676,0.003276079768046003,0.055476148960225125,-2.310083286876381,-0.18036990575908884
64,2026-08-27 18:00:00,18,3,0,0,24.0,study,0,0,3,omar,average,17.3,transit,0,0,11.8,4.0,23.3,281,6.299705946861308,3.3248076359827277,6.74277312767466,-0.2756217207962779,-0.11818103814821601,-0.04574923088279359,-0.1387556291947485,-0.08371248137550236
522,2026-08-30 20:00:00,20,6,1,0,6.0,hangout,0,0,5,ethan,improving,35.4,transit,1,0,2.5,3.1,37.8,270,10.476405365126675,4.96960750617512,7.036115818607621,-0.08744333262365878,0.9753092689724578,0.15659474048605304,-0.3833494560037849,0.11047301237607954
522,2026-08-30 20:00:00,20,6,1,0,6.0,hangout,0,0,5,jake,chronically late,7.6,walk,0,0,13.6,11.0,7.8,286,12.779764520308715,5.424484224032489,11.19421843437392,-0.34226977655182544,0.27481916375671034,0.08603997454990164,0.005721058520869349,-0.10520062978481981
522,2026-08-30 20:00:00,20,6,1,0,6.0,hangout,0,0,5,leo,rain hater,34.6,drive,0,0,1.6,3.0,33.2,267,6.051145130183221,5.034662747178073,9.114612894338064,-2.6360177754757155,0.0017256074988463155,-0.08852603851300422,-0.26393619887685116,-0.32566015013314686
522,2026-08-30 20:00:00,20,6,1,0,6.0,hangout,0,0,5,maya,always early,9.1,walk,1,0,-1.6,-2.0,9.7,274,-1.0852635289970034,1.7216246074064234,-0.8672181511420008,-0.44927748330525263,0.17100634361744627,-0.1542203229141359,-0.49089746951133706,-0.17512181763239387
522,2026-08-30 20:00:00,20,6,1,0,6.0,hangout,0,0,5,omar,average,26.3,transit,1,0,2.5,5.0,21.6,282,6.31885531501685,3.335019265813153,7.548244375719101,-0.2682024798354741,0.33033709911480624,-0.04368886172705988,-0.135147868290324,-0.07773019742798137
168,2026-08-31 19:00:00,19,0,0,0,96.0,food,0,0,2,marcus,party procrastinator,22.0,drive,0,1,8.2,3.0,20.8,293,7.061355704697987,5.604090678559353,6.988958772770853,-0.4337122799135109,-0.0007996585423288849,0.05419223220991931,-2.303651229496783,0.8159561992228888
168,2026-08-31 19:00:00,19,0,0,0,96.0,food,0,0,2,omar,average,28.1,transit,0,1,2.3,4.0,34.9,283,6.305499999999999,3.3367949370611845,7.272999999999999,-0.271141891891892,-0.0986502242152465,-0.044722846441947794,-0.1366166007905143,0.24643181818181858
174,2026-08-31 21:00:00,21,0,0,0,2.0,hangout,0,0,4,maya,always early,35.7,transit,1,0,-2.6,-2.5,43.0,275,-1.0872192950581396,1.7186373229782614,-0.8392055128737541,-0.44767004047561376,0.16426808911700608,-0.15368876830836298,-0.4890823638342898,-0.174718911498708
174,2026-08-31 21:00:00,21,0,0,0,2.0,hangout,0,0,4,priya,overbooked,21.1,drive,1,0,13.5,14.5,26.6,281,10.392582508334689,6.484612514681116,8.540737859524198,0.01980723400465756,5.333765039397424,0.14652282201124933,-0.11844817142989683,0.07590440921477537
174,2026-08-31 21:00:00,21,0,0,0,2.0,hangout,0,0,4,sofia,morning struggler,31.5,drive,0,0,0.7,1.5,32.6,258,3.8531505603943756,4.2210473464152285,2.0866144458269646,-0.20497163716228162,0.11229606878256071,-0.8863531700638441,-0.15195884379360525,-0.15557895674904865
174,2026-08-31 21:00:00,21,0,0,0,2.0,hangout,0,0,4,zoe,forgets far-off plans,32.0,transit,1,0,1.8,2.5,24.8,263,5.961114169342243,4.636380384946904,5.403175476954926,-0.3188541166883052,0.5551442254623318,0.05698049269274197,-0.4710437130222829,-1.8810882584273072
296,2026-08-31 21:00:00,21,0,0,0,48.0,hangout,0,1,3,marcus,party procrastinator,16.2,drive,1,0,4.7,4.5,14.5,294,7.065063637378585,5.594940752598024,7.6614467535367385,1.6415819592916163,0.020607271779987002,0.05445189566779263,-2.2930581903253087,-0.18609892930178518
296,2026-08-31 21:00:00,21,0,0,0,48.0,hangout,0,1,3,sofia,morning struggler,31.0,drive,0,0,2.2,2.5,36.3,259,3.841113740818929,4.217267430862558,1.8688896402339796,0.516878692586241,0.10710164106757158,-0.883661657669955,-0.15358888053279252,-0.15737813582302573
296,2026-08-31 21:00:00,21,0,0,0,48.0,hangout,0,1,3,zoe,forgets far-off plans,15.3,transit,0,0,7.6,3.5,18.4,264,5.94555400585947,4.634595483178627,4.9844440016741345,0.9369500244285502,-0.18785756669216624,0.05535707425771896,-0.47245594266443813,-1.8764439594275375
645,2026-08-31 21:00:00,21,0,0,0,48.0,hangout,0,0,6,ethan,improving,28.6,drive,0,0,3.6,3.5,27.1,271,10.447259824237936,4.984359956326901,6.413502806925124,-0.09637689001428562,-0.24954406502025073,0.15327468211967066,-0.3872756399593449,0.10397956589708457
645,2026-08-31 21:00:00,21,0,0,0,48.0,hangout,0,0,6,hana,steady,21.2,transit,0,0,4.8,4.5,20.9,271,5.074071418440834,2.1835059313540404,4.549734690983096,-0.2819823063427558,-0.0610036963077949,-0.05217814781456287,-0.3428959528225546,-0.04117987214631835
645,2026-08-31 21:00:00,21,0,0,0,48.0,hangout,0,0,6,leo,rain hater,29.0,drive,0,0,4.2,3.5,36.5,268,6.034592349779011,5.032541299521331,7.20988352850829,-2.628814213084947,-0.003116115114411677,-0.08913689901107702,-0.2652494135911665,-0.328323118048897
645,2026-08-31 21:00:00,21,0,0,0,48.0,hangout,0,0,6,maya,always early,24.4,transit,1,0,-1.7,-1.5,32.3,276,-1.0927270053748395,1.7174962895202592,-1.526493430107097,-0.447197580002461,0.1487315112158989,-0.1534938184829162,-0.48795480723713625,-0.17525368058478108
645,2026-08-31 21:00:00,21,0,0,0,48.0,hangout,0,0,6,omar,average,37.7,drive,1,0,8.7,5.5,36.5,284,6.291500731798166,3.339322637815742,6.283285923370905,-0.27420250911210786,0.29646360618741774,-0.04576377784670793,-0.13812473314072182,-0.06745886545899893
645,2026-08-31 21:00:00,21,0,0,0,48.0,hangout,0,0,6,zoe,forgets far-off plans,16.2,transit,0,0,12.4,3.5,16.1,265,5.9516433758876675,4.626974880719994,5.571898107396477,-0.32817372912709697,-0.18485591530786927,0.05575987861208631,-0.46887110288570266,-1.866121639116062
